Workbook

Sheet Info
A1: Fragebogen A (SoSci test546007) — aufbereiteter Datensatz
A2: Stand 12.09.2026 · erzeugt aus Auswertung_F1_Fragebogen_2026-09-12.py (Claude\03_Skripte) · Quellen: SoSci_Fragebogen\Fragebogen Datensatz.txt (111 Meldungen), data_test546007_2026-08-31_11-37.json (Sekunden, Originalfreitext CASE 189), Fragebogen\Fragebogen_Übersicht.txt (Codebuch), Statistik\Studiendaten_U15_gesamt.xlsx (01_Personen).
A4: Blatt Meldungen: eine Zeile je Meldung (sortiert nach Workbook-Code und Meldezeitpunkt). CASE-Korrekturen angewandt (59/70 → BW-06; 140/158/165/190/206 → BW-04); Listenplatz HL-04 = Workbook HL-05. Keine Meldung entfernt.
A5: Blatt Spieler: eine Zeile je zugeteiltem IG-Spieler (18). Die Zählungen sind Formeln über das Blatt Meldungen (COUNTIFS/SUMIFS) — sie stimmen mit der F1-Ausgabe überein (geprüft 12.09.2026).
A6: Blatt Parameter: Programmwochen, Bodenkontakte, Videodauern (Soll), Erwärmung. GELB = vom Verfasser zu ergänzen (Videodauer Woche 5). Load-Formeln greifen darauf zu.
A8: Zählregeln (F1 § 6.3, Entscheidung 12.09.2026):
A9: Hauptzählung = Meldungen mit Status „ganz“, je Meldung gezählt (Einheitennummer H003 unbeachtlich). Untergrenzen: wochen-gedeckelt (höchstens 2 je Programmwoche nach Meldedatum) und distinkte H003. „ganz + teilweise“ = Beteiligungsrate / Sensitivität.
A10: Programmwoche nach Datum: Kalenderregel Mo 00:00 – So 23:59 (W1 20.–26.07. … W6 24.–30.08.2026); Fensterregel (So 20:00 – So 19:59) nur als Sensitivität. Einheit_rekonstruiert: k-te durchgeführte Meldung der Datumswoche w → 2w−1 bzw. 2w; leer = 3. Meldung derselben Woche („über Soll“) oder „gar nicht“.
A11: CR10 = H005 − 1 (0 Ruhe … 10 Maximal). sRPE-Load = CR10 × Dauer (min), nur für Status „ganz“; Variante I = Wochenvideo, Variante II = Wochenvideo + Erwärmung 8:53 (Annahme: Erwärmung nicht in der Wochendauer enthalten — zu klären).
A12: Dublettenregel: zwei Meldungen desselben Spielers ≤ 5 min mit identischem kodiertem Inhalt (H003–H009) = Dublette (Flag), sonst Sammelmeldung. Einzige Dublette nach Regel: CASE 254 (HL-03, „gar nicht“) — ohne Zählfolge.
A13: „Nicht gemeldet“ ≠ „nicht trainiert“ · Meldeintervall ≠ Trainingsabstand · Attendance ≠ Compliance · Fremdtraining = Untergrenze (Item teils missverstanden).

Sheet Parameter
A1: Parameter
A2: Programmwoche | B2: Zeitraum (nach Datum) | C2: Bodenkontakte je Einheit | D2: Videodauer Soll (min, dezimal) | E2: Videodauer (mm:ss) | F2: Erwärmung (min, dezimal) | G2: Dauer Variante II (min)
A3: 1 | B3: 20.07.–26.07.2026 | C3: 52 | D3: 28.266667 | E3: 28:16 | F3: 8.8833333 | G3: =IF(D3="","",D3+F3) -> 37.15
A4: 2 | B4: 27.07.–02.08.2026 | C4: 66 | D4: 28.033333 | E4: 28:02 | F4: 8.8833333 | G4: =IF(D4="","",D4+F4) -> 36.916667
A5: 3 | B5: 03.08.–09.08.2026 | C5: 80 | D5: 24.283333 | E5: 24:17 | F5: 8.8833333 | G5: =IF(D5="","",D5+F5) -> 33.166667
A6: 4 | B6: 10.08.–16.08.2026 | C6: 96 | D6: 25.916667 | E6: 25:55 | F6: 8.8833333 | G6: =IF(D6="","",D6+F6) -> 34.8
A7: 5 | B7: 17.08.–23.08.2026 | C7: 106 | F7: 8.8833333 | G7: =IF(D7="","",D7+F7)
A8: 6 | B8: 24.08.–30.08.2026 | C8: 120 | D8: 31.05 | E8: 31:03 | F8: 8.8833333 | G8: =IF(D8="","",D8+F8) -> 39.933333
A10: Quellen: Videodauern und Erwärmung 8:53 — Angabe des Verfassers, 12.09.2026 (Soll-Dauer der Wochenvideos). Bodenkontakte — Trainingsdokumentation_Block1-3.docx, Teil A. Programmwochen — Übergabe § 3 (Veröffentlichung sonntags 20 Uhr für die Folgewoche).
A11: GELB = einzutragen (D7/E7: Videodauer Woche 5). Variante II = Videodauer + Erwärmung — nur zutreffend, falls die Erwärmung nicht in der Wochendauer enthalten ist (offen).

Sheet Meldungen
A1: CASE | B1: Listencode | C1: Workbook-Code | D1: CASE-korrigiert | E1: Verein | F1: Meldezeitpunkt (STARTED) | G1: Wochentag | H1: Programmwoche nach Datum | I1: Programmwoche Fensterregel | J1: H003 Einheitennummer | K1: H003-Woche | L1: H003-Einheit | M1: Einheit rekonstruiert (nach Datum) | N1: Status (H004) | O1: durchgeführt (ganz/teilw.) | P1: ganz (1/0) | Q1: CR-10 | R1: Untergrund (H006) | S1: Schmerz (H007) | T1: Videopause (H008) | U1: Fremdtraining (H009) | V1: Grund teilweise (H004_02) | W1: Grund gar nicht (H004_03) | X1: Schmerz Freitext (H007_01) | Y1: Videopause Freitext (H008_01) | Z1: Fremdtraining Freitext (H009_01) | AA1: TIME_SUM (s) | AB1: So ≥ 20 Uhr | AC1: Meldeintervall zur Vormeldung (h) | AD1: Flag (Dublette/Sammelmeldung) | AE1: Bodenkontakte (Woche) | AF1: sRPE-Load I (ganz) | AG1: sRPE-Load II (ganz) | AH1: Hilfsspalte: zählt gedeckelt (ganz) | AI1: Hilfsspalte: erste Meldung dieser H003 (ganz) | AJ1: Hilfsspalte: zählt gedeckelt (ganz+teilw.) | AK1: Hilfsspalte: erste Meldung dieser H003 (ganz+teilw.)
A2: 44 | B2: BW-02 | C2: BW-02 | E2: B | F2: 46227.718 | G2: Fr | H2: 1 | I2: 1 | J2: 1 | K2: 1 | L2: 1 | M2: 1 | N2: ganz | O2: ja | P2: 1 | Q2: 4 | R2: Kunstrasen | S2: ja | T2: ja | U2: ja | X2: Leichte Knie schmerzen habe aber auch auf Socken trainiert | Y2: Weil viele Übungen gleich waren und ich erstmal den Unterschied genau anschauen wollte bevor ich was falsch mache | Z2: Ich war in einem Leistungs Camp und trainiere zusätzlich 1 mal | AA2: 53 | AE2: =INDEX(Parameter!$C$3:$C$8,H2) -> 52 | AF2: =IF(AND(N2="ganz",INDEX(Parameter!$D$3:$D$8,H2)<>""),Q2*INDEX(Parameter!$D$3:$D$8,H2),"") -> 113.06667 | AG2: =IF(AND(N2="ganz",INDEX(Parameter!$D$3:$D$8,H2)<>""),Q2*(INDEX(Parameter!$D$3:$D$8,H2)+INDEX(Parameter!$F$3:$F$8,H2)),"") -> 148.6 | AH2: =IF(AND(N2="ganz",COUNTIFS($C$2:C2,C2,$H$2:H2,H2,$N$2:N2,"ganz")<=2),1,0) -> 1 | AI2: =IF(AND(N2="ganz",COUNTIFS($C$2:C2,C2,$J$2:J2,J2,$N$2:N2,"ganz")=1),1,0) -> 1 | AJ2: =IF(AND(O2="ja",COUNTIFS($C$2:C2,C2,$H$2:H2,H2,$O$2:O2,"ja")<=2),1,0) -> 1 | AK2: =IF(AND(O2="ja",COUNTIFS($C$2:C2,C2,$J$2:J2,J2,$O$2:O2,"ja")=1),1,0) -> 1
A3: 66 | B3: BW-02 | C3: BW-02 | E3: B | F3: 46229.758 | G3: So | H3: 1 | I3: 1 | J3: 2 | K3: 1 | L3: 2 | M3: 2 | N3: ganz | O3: ja | P3: 1 | Q3: 3 | R3: Anderes | S3: nein | T3: nein | U3: ja | Z3: Ich war im gym und war fusballtraniren | AA3: 95 | AC3: =IF(C3=C2,(F3-F2)*24,"") -> 48.953333 | AE3: =INDEX(Parameter!$C$3:$C$8,H3) -> 52 | AF3: =IF(AND(N3="ganz",INDEX(Parameter!$D$3:$D$8,H3)<>""),Q3*INDEX(Parameter!$D$3:$D$8,H3),"") -> 84.8 | AG3: =IF(AND(N3="ganz",INDEX(Parameter!$D$3:$D$8,H3)<>""),Q3*(INDEX(Parameter!$D$3:$D$8,H3)+INDEX(Parameter!$F$3:$F$8,H3)),"") -> 111.45 | AH3: =IF(AND(N3="ganz",COUNTIFS($C$2:C3,C3,$H$2:H3,H3,$N$2:N3,"ganz")<=2),1,0) -> 1 | AI3: =IF(AND(N3="ganz",COUNTIFS($C$2:C3,C3,$J$2:J3,J3,$N$2:N3,"ganz")=1),1,0) -> 1 | AJ3: =IF(AND(O3="ja",COUNTIFS($C$2:C3,C3,$H$2:H3,H3,$O$2:O3,"ja")<=2),1,0) -> 1 | AK3: =IF(AND(O3="ja",COUNTIFS($C$2:C3,C3,$J$2:J3,J3,$O$2:O3,"ja")=1),1,0) -> 1
A4: 78 | B4: BW-02 | C4: BW-02 | E4: B | F4: 46231.762 | G4: Di | H4: 2 | I4: 2 | J4: 3 | K4: 2 | L4: 1 | M4: 3 | N4: ganz | O4: ja | P4: 1 | Q4: 2 | R4: Kunstrasen | S4: nein | T4: nein | U4: ja | Z4: Ich habe heute Frühs schon Fußball trainiert | AA4: 46 | AC4: =IF(C4=C3,(F4-F3)*24,"") -> 48.100556 | AE4: =INDEX(Parameter!$C$3:$C$8,H4) -> 66 | AF4: =IF(AND(N4="ganz",INDEX(Parameter!$D$3:$D$8,H4)<>""),Q4*INDEX(Parameter!$D$3:$D$8,H4),"") -> 56.066667 | AG4: =IF(AND(N4="ganz",INDEX(Parameter!$D$3:$D$8,H4)<>""),Q4*(INDEX(Parameter!$D$3:$D$8,H4)+INDEX(Parameter!$F$3:$F$8,H4)),"") -> 73.833333 | AH4: =IF(AND(N4="ganz",COUNTIFS($C$2:C4,C4,$H$2:H4,H4,$N$2:N4,"ganz")<=2),1,0) -> 1 | AI4: =IF(AND(N4="ganz",COUNTIFS($C$2:C4,C4,$J$2:J4,J4,$N$2:N4,"ganz")=1),1,0) -> 1 | AJ4: =IF(AND(O4="ja",COUNTIFS($C$2:C4,C4,$H$2:H4,H4,$O$2:O4,"ja")<=2),1,0) -> 1 | AK4: =IF(AND(O4="ja",COUNTIFS($C$2:C4,C4,$J$2:J4,J4,$O$2:O4,"ja")=1),1,0) -> 1
A5: 90 | B5: BW-02 | C5: BW-02 | E5: B | F5: 46234.356 | G5: Fr | H5: 2 | I5: 2 | J5: 4 | K5: 2 | L5: 2 | M5: 4 | N5: ganz | O5: ja | P5: 1 | Q5: 3 | R5: Kunstrasen | S5: nein | T5: nein | U5: ja | Z5: Ich war im Fitnessstudio dazu habe ich noch Fußball traniert wie oft weiß ich nicht aber aufjeden Fall sehr viel | AA5: 50 | AC5: =IF(C5=C4,(F5-F4)*24,"") -> 62.255 | AE5: =INDEX(Parameter!$C$3:$C$8,H5) -> 66 | AF5: =IF(AND(N5="ganz",INDEX(Parameter!$D$3:$D$8,H5)<>""),Q5*INDEX(Parameter!$D$3:$D$8,H5),"") -> 84.1 | AG5: =IF(AND(N5="ganz",INDEX(Parameter!$D$3:$D$8,H5)<>""),Q5*(INDEX(Parameter!$D$3:$D$8,H5)+INDEX(Parameter!$F$3:$F$8,H5)),"") -> 110.75 | AH5: =IF(AND(N5="ganz",COUNTIFS($C$2:C5,C5,$H$2:H5,H5,$N$2:N5,"ganz")<=2),1,0) -> 1 | AI5: =IF(AND(N5="ganz",COUNTIFS($C$2:C5,C5,$J$2:J5,J5,$N$2:N5,"ganz")=1),1,0) -> 1 | AJ5: =IF(AND(O5="ja",COUNTIFS($C$2:C5,C5,$H$2:H5,H5,$O$2:O5,"ja")<=2),1,0) -> 1 | AK5: =IF(AND(O5="ja",COUNTIFS($C$2:C5,C5,$J$2:J5,J5,$O$2:O5,"ja")=1),1,0) -> 1
A6: 126 | B6: BW-02 | C6: BW-02 | E6: B | F6: 46238.802 | G6: Di | H6: 3 | I6: 3 | J6: 5 | K6: 3 | L6: 1 | M6: 5 | N6: ganz | O6: ja | P6: 1 | Q6: 3 | R6: Rasen/Wiese | S6: nein | T6: nein | U6: ja | Z6: Ich habe individuell Fußball trainiert | AA6: 64 | AC6: =IF(C6=C5,(F6-F5)*24,"") -> 106.71583 | AE6: =INDEX(Parameter!$C$3:$C$8,H6) -> 80 | AF6: =IF(AND(N6="ganz",INDEX(Parameter!$D$3:$D$8,H6)<>""),Q6*INDEX(Parameter!$D$3:$D$8,H6),"") -> 72.85 | AG6: =IF(AND(N6="ganz",INDEX(Parameter!$D$3:$D$8,H6)<>""),Q6*(INDEX(Parameter!$D$3:$D$8,H6)+INDEX(Parameter!$F$3:$F$8,H6)),"") -> 99.5 | AH6: =IF(AND(N6="ganz",COUNTIFS($C$2:C6,C6,$H$2:H6,H6,$N$2:N6,"ganz")<=2),1,0) -> 1 | AI6: =IF(AND(N6="ganz",COUNTIFS($C$2:C6,C6,$J$2:J6,J6,$N$2:N6,"ganz")=1),1,0) -> 1 | AJ6: =IF(AND(O6="ja",COUNTIFS($C$2:C6,C6,$H$2:H6,H6,$O$2:O6,"ja")<=2),1,0) -> 1 | AK6: =IF(AND(O6="ja",COUNTIFS($C$2:C6,C6,$J$2:J6,J6,$O$2:O6,"ja")=1),1,0) -> 1
A7: 133 | B7: BW-02 | C7: BW-02 | E7: B | F7: 46240.925 | G7: Do | H7: 3 | I7: 3 | J7: 6 | K7: 3 | L7: 2 | M7: 6 | N7: ganz | O7: ja | P7: 1 | Q7: 3 | R7: Kunstrasen | S7: nein | T7: nein | U7: ja | Z7: Ja ich habe heute individuell 2 mal Fußball traning gemacht zum Schluss habe ich das hier gemacht | AA7: 48 | AC7: =IF(C7=C6,(F7-F6)*24,"") -> 50.943889 | AE7: =INDEX(Parameter!$C$3:$C$8,H7) -> 80 | AF7: =IF(AND(N7="ganz",INDEX(Parameter!$D$3:$D$8,H7)<>""),Q7*INDEX(Parameter!$D$3:$D$8,H7),"") -> 72.85 | AG7: =IF(AND(N7="ganz",INDEX(Parameter!$D$3:$D$8,H7)<>""),Q7*(INDEX(Parameter!$D$3:$D$8,H7)+INDEX(Parameter!$F$3:$F$8,H7)),"") -> 99.5 | AH7: =IF(AND(N7="ganz",COUNTIFS($C$2:C7,C7,$H$2:H7,H7,$N$2:N7,"ganz")<=2),1,0) -> 1 | AI7: =IF(AND(N7="ganz",COUNTIFS($C$2:C7,C7,$J$2:J7,J7,$N$2:N7,"ganz")=1),1,0) -> 1 | AJ7: =IF(AND(O7="ja",COUNTIFS($C$2:C7,C7,$H$2:H7,H7,$O$2:O7,"ja")<=2),1,0) -> 1 | AK7: =IF(AND(O7="ja",COUNTIFS($C$2:C7,C7,$J$2:J7,J7,$O$2:O7,"ja")=1),1,0) -> 1
A8: 167 | B8: BW-02 | C8: BW-02 | E8: B | F8: 46245.858 | G8: Di | H8: 4 | I8: 4 | J8: 7 | K8: 4 | L8: 1 | M8: 7 | N8: ganz | O8: ja | P8: 1 | Q8: 2 | R8: Kunstrasen | S8: nein | T8: nein | U8: ja | Z8: Kurz nach Mannschaft traning | AA8: 35 | AC8: =IF(C8=C7,(F8-F7)*24,"") -> 118.385 | AE8: =INDEX(Parameter!$C$3:$C$8,H8) -> 96 | AF8: =IF(AND(N8="ganz",INDEX(Parameter!$D$3:$D$8,H8)<>""),Q8*INDEX(Parameter!$D$3:$D$8,H8),"") -> 51.833333 | AG8: =IF(AND(N8="ganz",INDEX(Parameter!$D$3:$D$8,H8)<>""),Q8*(INDEX(Parameter!$D$3:$D$8,H8)+INDEX(Parameter!$F$3:$F$8,H8)),"") -> 69.6 | AH8: =IF(AND(N8="ganz",COUNTIFS($C$2:C8,C8,$H$2:H8,H8,$N$2:N8,"ganz")<=2),1,0) -> 1 | AI8: =IF(AND(N8="ganz",COUNTIFS($C$2:C8,C8,$J$2:J8,J8,$N$2:N8,"ganz")=1),1,0) -> 1 | AJ8: =IF(AND(O8="ja",COUNTIFS($C$2:C8,C8,$H$2:H8,H8,$O$2:O8,"ja")<=2),1,0) -> 1 | AK8: =IF(AND(O8="ja",COUNTIFS($C$2:C8,C8,$J$2:J8,J8,$O$2:O8,"ja")=1),1,0) -> 1
A9: 197 | B9: BW-02 | C9: BW-02 | E9: B | F9: 46250.829 | G9: So | H9: 4 | I9: 4 | J9: 8 | K9: 4 | L9: 2 | M9: 8 | N9: ganz | O9: ja | P9: 1 | Q9: 1 | R9: Rasen/Wiese | S9: nein | T9: nein | U9: ja | Z9: Ja individuell meinen torschuß und ersten Kontakt trainiert | AA9: 61 | AC9: =IF(C9=C8,(F9-F8)*24,"") -> 119.30528 | AE9: =INDEX(Parameter!$C$3:$C$8,H9) -> 96 | AF9: =IF(AND(N9="ganz",INDEX(Parameter!$D$3:$D$8,H9)<>""),Q9*INDEX(Parameter!$D$3:$D$8,H9),"") -> 25.916667 | AG9: =IF(AND(N9="ganz",INDEX(Parameter!$D$3:$D$8,H9)<>""),Q9*(INDEX(Parameter!$D$3:$D$8,H9)+INDEX(Parameter!$F$3:$F$8,H9)),"") -> 34.8 | AH9: =IF(AND(N9="ganz",COUNTIFS($C$2:C9,C9,$H$2:H9,H9,$N$2:N9,"ganz")<=2),1,0) -> 1 | AI9: =IF(AND(N9="ganz",COUNTIFS($C$2:C9,C9,$J$2:J9,J9,$N$2:N9,"ganz")=1),1,0) -> 1 | AJ9: =IF(AND(O9="ja",COUNTIFS($C$2:C9,C9,$H$2:H9,H9,$O$2:O9,"ja")<=2),1,0) -> 1 | AK9: =IF(AND(O9="ja",COUNTIFS($C$2:C9,C9,$J$2:J9,J9,$O$2:O9,"ja")=1),1,0) -> 1
A10: 209 | B10: BW-02 | C10: BW-02 | E10: B | F10: 46253.483 | G10: Mi | H10: 5 | I10: 5 | J10: 9 | K10: 5 | L10: 1 | M10: 9 | N10: ganz | O10: ja | P10: 1 | Q10: 1 | R10: Kunstrasen | S10: nein | T10: nein | U10: ja | Z10: Ich habe heute Morgen individuell Fußball trainiert | AA10: 67 | AC10: =IF(C10=C9,(F10-F9)*24,"") -> 63.694722 | AE10: =INDEX(Parameter!$C$3:$C$8,H10) -> 106 | AF10: =IF(AND(N10="ganz",INDEX(Parameter!$D$3:$D$8,H10)<>""),Q10*INDEX(Parameter!$D$3:$D$8,H10),"") | AG10: =IF(AND(N10="ganz",INDEX(Parameter!$D$3:$D$8,H10)<>""),Q10*(INDEX(Parameter!$D$3:$D$8,H10)+INDEX(Parameter!$F$3:$F$8,H10)),"") | AH10: =IF(AND(N10="ganz",COUNTIFS($C$2:C10,C10,$H$2:H10,H10,$N$2:N10,"ganz")<=2),1,0) -> 1 | AI10: =IF(AND(N10="ganz",COUNTIFS($C$2:C10,C10,$J$2:J10,J10,$N$2:N10,"ganz")=1),1,0) -> 1 | AJ10: =IF(AND(O10="ja",COUNTIFS($C$2:C10,C10,$H$2:H10,H10,$O$2:O10,"ja")<=2),1,0) -> 1 | AK10: =IF(AND(O10="ja",COUNTIFS($C$2:C10,C10,$J$2:J10,J10,$O$2:O10,"ja")=1),1,0) -> 1
A11: 230 | B11: BW-02 | C11: BW-02 | E11: B | F11: 46257.885 | G11: So | H11: 5 | I11: 6 | J11: 10 | K11: 5 | L11: 2 | M11: 10 | N11: ganz | O11: ja | P11: 1 | Q11: 2 | R11: Rasen/Wiese | S11: nein | T11: nein | U11: ja | Z11: War schwimmen | AA11: 54 | AB11: ja | AC11: =IF(C11=C10,(F11-F10)*24,"") -> 105.65889 | AE11: =INDEX(Parameter!$C$3:$C$8,H11) -> 106 | AF11: =IF(AND(N11="ganz",INDEX(Parameter!$D$3:$D$8,H11)<>""),Q11*INDEX(Parameter!$D$3:$D$8,H11),"") | AG11: =IF(AND(N11="ganz",INDEX(Parameter!$D$3:$D$8,H11)<>""),Q11*(INDEX(Parameter!$D$3:$D$8,H11)+INDEX(Parameter!$F$3:$F$8,H11)),"") | AH11: =IF(AND(N11="ganz",COUNTIFS($C$2:C11,C11,$H$2:H11,H11,$N$2:N11,"ganz")<=2),1,0) -> 1 | AI11: =IF(AND(N11="ganz",COUNTIFS($C$2:C11,C11,$J$2:J11,J11,$N$2:N11,"ganz")=1),1,0) -> 1 | AJ11: =IF(AND(O11="ja",COUNTIFS($C$2:C11,C11,$H$2:H11,H11,$O$2:O11,"ja")<=2),1,0) -> 1 | AK11: =IF(AND(O11="ja",COUNTIFS($C$2:C11,C11,$J$2:J11,J11,$O$2:O11,"ja")=1),1,0) -> 1
A12: 257 | B12: BW-02 | C12: BW-02 | E12: B | F12: 46264.604 | G12: So | H12: 6 | I12: 6 | J12: 11 | K12: 6 | L12: 1 | M12: 11 | N12: ganz | O12: ja | P12: 1 | Q12: 2 | R12: Drinnen | S12: nein | T12: nein | U12: nein | AA12: 39 | AC12: =IF(C12=C11,(F12-F11)*24,"") -> 161.25944 | AE12: =INDEX(Parameter!$C$3:$C$8,H12) -> 120 | AF12: =IF(AND(N12="ganz",INDEX(Parameter!$D$3:$D$8,H12)<>""),Q12*INDEX(Parameter!$D$3:$D$8,H12),"") -> 62.1 | AG12: =IF(AND(N12="ganz",INDEX(Parameter!$D$3:$D$8,H12)<>""),Q12*(INDEX(Parameter!$D$3:$D$8,H12)+INDEX(Parameter!$F$3:$F$8,H12)),"") -> 79.866667 | AH12: =IF(AND(N12="ganz",COUNTIFS($C$2:C12,C12,$H$2:H12,H12,$N$2:N12,"ganz")<=2),1,0) -> 1 | AI12: =IF(AND(N12="ganz",COUNTIFS($C$2:C12,C12,$J$2:J12,J12,$N$2:N12,"ganz")=1),1,0) -> 1 | AJ12: =IF(AND(O12="ja",COUNTIFS($C$2:C12,C12,$H$2:H12,H12,$O$2:O12,"ja")<=2),1,0) -> 1 | AK12: =IF(AND(O12="ja",COUNTIFS($C$2:C12,C12,$J$2:J12,J12,$O$2:O12,"ja")=1),1,0) -> 1
A13: 258 | B13: BW-02 | C13: BW-02 | E13: B | F13: 46264.705 | G13: So | H13: 6 | I13: 6 | J13: 12 | K13: 6 | L13: 2 | M13: 12 | N13: ganz | O13: ja | P13: 1 | Q13: 2 | R13: Anderes | S13: nein | T13: nein | U13: ja | Z13: Ich habe diese andere Einheit gemacht weil ich leider diese Woche voll vergessen habe das zu machen deswegen hab ich heute alles gemacht | AA13: 43 | AC13: =IF(C13=C12,(F13-F12)*24,"") -> 2.4055556 | AE13: =INDEX(Parameter!$C$3:$C$8,H13) -> 120 | AF13: =IF(AND(N13="ganz",INDEX(Parameter!$D$3:$D$8,H13)<>""),Q13*INDEX(Parameter!$D$3:$D$8,H13),"") -> 62.1 | AG13: =IF(AND(N13="ganz",INDEX(Parameter!$D$3:$D$8,H13)<>""),Q13*(INDEX(Parameter!$D$3:$D$8,H13)+INDEX(Parameter!$F$3:$F$8,H13)),"") -> 79.866667 | AH13: =IF(AND(N13="ganz",COUNTIFS($C$2:C13,C13,$H$2:H13,H13,$N$2:N13,"ganz")<=2),1,0) -> 1 | AI13: =IF(AND(N13="ganz",COUNTIFS($C$2:C13,C13,$J$2:J13,J13,$N$2:N13,"ganz")=1),1,0) -> 1 | AJ13: =IF(AND(O13="ja",COUNTIFS($C$2:C13,C13,$H$2:H13,H13,$O$2:O13,"ja")<=2),1,0) -> 1 | AK13: =IF(AND(O13="ja",COUNTIFS($C$2:C13,C13,$J$2:J13,J13,$O$2:O13,"ja")=1),1,0) -> 1
A14: 99 | B14: BW-04 | C14: BW-04 | E14: B | F14: 46235.846 | G14: Sa | H14: 2 | I14: 2 | J14: 3 | K14: 2 | L14: 1 | M14: 3 | N14: teilweise | O14: ja | P14: 0 | Q14: 9 | R14: Drinnen | S14: ja | T14: nein | U14: nein | V14: Alles | X14: Knöchelverletzung | AA14: 46 | AC14: =IF(C14=C13,(F14-F13)*24,"") | AE14: =INDEX(Parameter!$C$3:$C$8,H14) -> 66 | AF14: =IF(AND(N14="ganz",INDEX(Parameter!$D$3:$D$8,H14)<>""),Q14*INDEX(Parameter!$D$3:$D$8,H14),"") | AG14: =IF(AND(N14="ganz",INDEX(Parameter!$D$3:$D$8,H14)<>""),Q14*(INDEX(Parameter!$D$3:$D$8,H14)+INDEX(Parameter!$F$3:$F$8,H14)),"") | AH14: =IF(AND(N14="ganz",COUNTIFS($C$2:C14,C14,$H$2:H14,H14,$N$2:N14,"ganz")<=2),1,0) -> 0 | AI14: =IF(AND(N14="ganz",COUNTIFS($C$2:C14,C14,$J$2:J14,J14,$N$2:N14,"ganz")=1),1,0) -> 0 | AJ14: =IF(AND(O14="ja",COUNTIFS($C$2:C14,C14,$H$2:H14,H14,$O$2:O14,"ja")<=2),1,0) -> 1 | AK14: =IF(AND(O14="ja",COUNTIFS($C$2:C14,C14,$J$2:J14,J14,$O$2:O14,"ja")=1),1,0) -> 1
A15: 140 | B15: HL-04 | C15: BW-04 | D15: ja | E15: B | F15: 46241.726 | G15: Fr | H15: 3 | I15: 3 | J15: 3 | K15: 2 | L15: 1 | M15: 5 | N15: ganz | O15: ja | P15: 1 | Q15: 2 | R15: Drinnen | S15: nein | T15: nein | U15: ja | Z15: Krafttraining 3 mal die Woche | AA15: 64 | AC15: =IF(C15=C14,(F15-F14)*24,"") -> 141.12889 | AE15: =INDEX(Parameter!$C$3:$C$8,H15) -> 80 | AF15: =IF(AND(N15="ganz",INDEX(Parameter!$D$3:$D$8,H15)<>""),Q15*INDEX(Parameter!$D$3:$D$8,H15),"") -> 48.566667 | AG15: =IF(AND(N15="ganz",INDEX(Parameter!$D$3:$D$8,H15)<>""),Q15*(INDEX(Parameter!$D$3:$D$8,H15)+INDEX(Parameter!$F$3:$F$8,H15)),"") -> 66.333333 | AH15: =IF(AND(N15="ganz",COUNTIFS($C$2:C15,C15,$H$2:H15,H15,$N$2:N15,"ganz")<=2),1,0) -> 1 | AI15: =IF(AND(N15="ganz",COUNTIFS($C$2:C15,C15,$J$2:J15,J15,$N$2:N15,"ganz")=1),1,0) -> 1 | AJ15: =IF(AND(O15="ja",COUNTIFS($C$2:C15,C15,$H$2:H15,H15,$O$2:O15,"ja")<=2),1,0) -> 1 | AK15: =IF(AND(O15="ja",COUNTIFS($C$2:C15,C15,$J$2:J15,J15,$O$2:O15,"ja")=1),1,0) -> 0
A16: 158 | B16: HL-04 | C16: BW-04 | D16: ja | E16: B | F16: 46244.34 | G16: Mo | H16: 4 | I16: 4 | J16: 1 | K16: 1 | L16: 1 | M16: 7 | N16: ganz | O16: ja | P16: 1 | Q16: 2 | R16: Drinnen | S16: nein | T16: nein | U16: ja | Z16: Bastis Läufe | AA16: 72 | AC16: =IF(C16=C15,(F16-F15)*24,"") -> 62.726111 | AE16: =INDEX(Parameter!$C$3:$C$8,H16) -> 96 | AF16: =IF(AND(N16="ganz",INDEX(Parameter!$D$3:$D$8,H16)<>""),Q16*INDEX(Parameter!$D$3:$D$8,H16),"") -> 51.833333 | AG16: =IF(AND(N16="ganz",INDEX(Parameter!$D$3:$D$8,H16)<>""),Q16*(INDEX(Parameter!$D$3:$D$8,H16)+INDEX(Parameter!$F$3:$F$8,H16)),"") -> 69.6 | AH16: =IF(AND(N16="ganz",COUNTIFS($C$2:C16,C16,$H$2:H16,H16,$N$2:N16,"ganz")<=2),1,0) -> 1 | AI16: =IF(AND(N16="ganz",COUNTIFS($C$2:C16,C16,$J$2:J16,J16,$N$2:N16,"ganz")=1),1,0) -> 1 | AJ16: =IF(AND(O16="ja",COUNTIFS($C$2:C16,C16,$H$2:H16,H16,$O$2:O16,"ja")<=2),1,0) -> 1 | AK16: =IF(AND(O16="ja",COUNTIFS($C$2:C16,C16,$J$2:J16,J16,$O$2:O16,"ja")=1),1,0) -> 1
A17: 165 | B17: HL-04 | C17: BW-04 | D17: ja | E17: B | F17: 46245.752 | G17: Di | H17: 4 | I17: 4 | J17: 7 | K17: 4 | L17: 1 | M17: 8 | N17: ganz | O17: ja | P17: 1 | Q17: 0 | R17: Rasen/Wiese | S17: nein | T17: nein | U17: nein | AA17: 46 | AC17: =IF(C17=C16,(F17-F16)*24,"") -> 33.900556 | AE17: =INDEX(Parameter!$C$3:$C$8,H17) -> 96 | AF17: =IF(AND(N17="ganz",INDEX(Parameter!$D$3:$D$8,H17)<>""),Q17*INDEX(Parameter!$D$3:$D$8,H17),"") -> 0 | AG17: =IF(AND(N17="ganz",INDEX(Parameter!$D$3:$D$8,H17)<>""),Q17*(INDEX(Parameter!$D$3:$D$8,H17)+INDEX(Parameter!$F$3:$F$8,H17)),"") -> 0 | AH17: =IF(AND(N17="ganz",COUNTIFS($C$2:C17,C17,$H$2:H17,H17,$N$2:N17,"ganz")<=2),1,0) -> 1 | AI17: =IF(AND(N17="ganz",COUNTIFS($C$2:C17,C17,$J$2:J17,J17,$N$2:N17,"ganz")=1),1,0) -> 1 | AJ17: =IF(AND(O17="ja",COUNTIFS($C$2:C17,C17,$H$2:H17,H17,$O$2:O17,"ja")<=2),1,0) -> 1 | AK17: =IF(AND(O17="ja",COUNTIFS($C$2:C17,C17,$J$2:J17,J17,$O$2:O17,"ja")=1),1,0) -> 1
A18: 190 | B18: HL-04 | C18: BW-04 | D18: ja | E18: B | F18: 46250.633 | G18: So | H18: 4 | I18: 4 | J18: 8 | K18: 4 | L18: 2 | N18: ganz | O18: ja | P18: 1 | Q18: 2 | R18: Rasen/Wiese | S18: nein | T18: nein | U18: ja | Z18: Liege stütze 2 mal | AA18: 51 | AC18: =IF(C18=C17,(F18-F17)*24,"") -> 117.14833 | AE18: =INDEX(Parameter!$C$3:$C$8,H18) -> 96 | AF18: =IF(AND(N18="ganz",INDEX(Parameter!$D$3:$D$8,H18)<>""),Q18*INDEX(Parameter!$D$3:$D$8,H18),"") -> 51.833333 | AG18: =IF(AND(N18="ganz",INDEX(Parameter!$D$3:$D$8,H18)<>""),Q18*(INDEX(Parameter!$D$3:$D$8,H18)+INDEX(Parameter!$F$3:$F$8,H18)),"") -> 69.6 | AH18: =IF(AND(N18="ganz",COUNTIFS($C$2:C18,C18,$H$2:H18,H18,$N$2:N18,"ganz")<=2),1,0) -> 0 | AI18: =IF(AND(N18="ganz",COUNTIFS($C$2:C18,C18,$J$2:J18,J18,$N$2:N18,"ganz")=1),1,0) -> 1 | AJ18: =IF(AND(O18="ja",COUNTIFS($C$2:C18,C18,$H$2:H18,H18,$O$2:O18,"ja")<=2),1,0) -> 0 | AK18: =IF(AND(O18="ja",COUNTIFS($C$2:C18,C18,$J$2:J18,J18,$O$2:O18,"ja")=1),1,0) -> 1
A19: 206 | B19: HL-04 | C19: BW-04 | D19: ja | E19: B | F19: 46252.597 | G19: Di | H19: 5 | I19: 5 | J19: 9 | K19: 5 | L19: 1 | M19: 9 | N19: ganz | O19: ja | P19: 1 | Q19: 1 | R19: Rasen/Wiese | S19: nein | T19: ja | U19: nein | Y19: 1 mal bei dem einbeinsprung | AA19: 37 | AC19: =IF(C19=C18,(F19-F18)*24,"") -> 47.135556 | AE19: =INDEX(Parameter!$C$3:$C$8,H19) -> 106 | AF19: =IF(AND(N19="ganz",INDEX(Parameter!$D$3:$D$8,H19)<>""),Q19*INDEX(Parameter!$D$3:$D$8,H19),"") | AG19: =IF(AND(N19="ganz",INDEX(Parameter!$D$3:$D$8,H19)<>""),Q19*(INDEX(Parameter!$D$3:$D$8,H19)+INDEX(Parameter!$F$3:$F$8,H19)),"") | AH19: =IF(AND(N19="ganz",COUNTIFS($C$2:C19,C19,$H$2:H19,H19,$N$2:N19,"ganz")<=2),1,0) -> 1 | AI19: =IF(AND(N19="ganz",COUNTIFS($C$2:C19,C19,$J$2:J19,J19,$N$2:N19,"ganz")=1),1,0) -> 1 | AJ19: =IF(AND(O19="ja",COUNTIFS($C$2:C19,C19,$H$2:H19,H19,$O$2:O19,"ja")<=2),1,0) -> 1 | AK19: =IF(AND(O19="ja",COUNTIFS($C$2:C19,C19,$J$2:J19,J19,$O$2:O19,"ja")=1),1,0) -> 1
A20: 256 | B20: BW-04 | C20: BW-04 | E20: B | F20: 46264.508 | G20: So | H20: 6 | I20: 6 | J20: 11 | K20: 6 | L20: 1 | M20: 11 | N20: ganz | O20: ja | P20: 1 | Q20: 1 | R20: Rasen/Wiese | S20: nein | T20: nein | U20: ja | Z20: Fussball 2 | AA20: 60 | AC20: =IF(C20=C19,(F20-F19)*24,"") -> 285.85667 | AE20: =INDEX(Parameter!$C$3:$C$8,H20) -> 120 | AF20: =IF(AND(N20="ganz",INDEX(Parameter!$D$3:$D$8,H20)<>""),Q20*INDEX(Parameter!$D$3:$D$8,H20),"") -> 31.05 | AG20: =IF(AND(N20="ganz",INDEX(Parameter!$D$3:$D$8,H20)<>""),Q20*(INDEX(Parameter!$D$3:$D$8,H20)+INDEX(Parameter!$F$3:$F$8,H20)),"") -> 39.933333 | AH20: =IF(AND(N20="ganz",COUNTIFS($C$2:C20,C20,$H$2:H20,H20,$N$2:N20,"ganz")<=2),1,0) -> 1 | AI20: =IF(AND(N20="ganz",COUNTIFS($C$2:C20,C20,$J$2:J20,J20,$N$2:N20,"ganz")=1),1,0) -> 1 | AJ20: =IF(AND(O20="ja",COUNTIFS($C$2:C20,C20,$H$2:H20,H20,$O$2:O20,"ja")<=2),1,0) -> 1 | AK20: =IF(AND(O20="ja",COUNTIFS($C$2:C20,C20,$J$2:J20,J20,$O$2:O20,"ja")=1),1,0) -> 1
A21: 40 | B21: BW-05 | C21: BW-05 | E21: B | F21: 46226.88 | G21: Do | H21: 1 | I21: 1 | J21: 2 | K21: 1 | L21: 2 | M21: 1 | N21: ganz | O21: ja | P21: 1 | Q21: 2 | R21: Drinnen | S21: nein | T21: nein | U21: nein | AA21: 69 | AC21: =IF(C21=C20,(F21-F20)*24,"") | AE21: =INDEX(Parameter!$C$3:$C$8,H21) -> 52 | AF21: =IF(AND(N21="ganz",INDEX(Parameter!$D$3:$D$8,H21)<>""),Q21*INDEX(Parameter!$D$3:$D$8,H21),"") -> 56.533333 | AG21: =IF(AND(N21="ganz",INDEX(Parameter!$D$3:$D$8,H21)<>""),Q21*(INDEX(Parameter!$D$3:$D$8,H21)+INDEX(Parameter!$F$3:$F$8,H21)),"") -> 74.3 | AH21: =IF(AND(N21="ganz",COUNTIFS($C$2:C21,C21,$H$2:H21,H21,$N$2:N21,"ganz")<=2),1,0) -> 1 | AI21: =IF(AND(N21="ganz",COUNTIFS($C$2:C21,C21,$J$2:J21,J21,$N$2:N21,"ganz")=1),1,0) -> 1 | AJ21: =IF(AND(O21="ja",COUNTIFS($C$2:C21,C21,$H$2:H21,H21,$O$2:O21,"ja")<=2),1,0) -> 1 | AK21: =IF(AND(O21="ja",COUNTIFS($C$2:C21,C21,$J$2:J21,J21,$O$2:O21,"ja")=1),1,0) -> 1
A22: 61 | B22: BW-05 | C22: BW-05 | E22: B | F22: 46229.659 | G22: So | H22: 1 | I22: 1 | J22: 1 | K22: 1 | L22: 1 | N22: gar nicht | O22: nein | P22: 0 | Q22: 0 | R22: Drinnen | S22: nein | T22: nein | U22: nein | W22: Hatte Kin Probleme | AA22: 50 | AC22: =IF(C22=C21,(F22-F21)*24,"") -> 66.708056 | AE22: =INDEX(Parameter!$C$3:$C$8,H22) -> 52 | AF22: =IF(AND(N22="ganz",INDEX(Parameter!$D$3:$D$8,H22)<>""),Q22*INDEX(Parameter!$D$3:$D$8,H22),"") | AG22: =IF(AND(N22="ganz",INDEX(Parameter!$D$3:$D$8,H22)<>""),Q22*(INDEX(Parameter!$D$3:$D$8,H22)+INDEX(Parameter!$F$3:$F$8,H22)),"") | AH22: =IF(AND(N22="ganz",COUNTIFS($C$2:C22,C22,$H$2:H22,H22,$N$2:N22,"ganz")<=2),1,0) -> 0 | AI22: =IF(AND(N22="ganz",COUNTIFS($C$2:C22,C22,$J$2:J22,J22,$N$2:N22,"ganz")=1),1,0) -> 0 | AJ22: =IF(AND(O22="ja",COUNTIFS($C$2:C22,C22,$H$2:H22,H22,$O$2:O22,"ja")<=2),1,0) -> 0 | AK22: =IF(AND(O22="ja",COUNTIFS($C$2:C22,C22,$J$2:J22,J22,$O$2:O22,"ja")=1),1,0) -> 0
A23: 91 | B23: BW-05 | C23: BW-05 | E23: B | F23: 46234.612 | G23: Fr | H23: 2 | I23: 2 | J23: 3 | K23: 2 | L23: 1 | M23: 3 | N23: ganz | O23: ja | P23: 1 | Q23: 3 | R23: Drinnen | S23: nein | T23: nein | U23: nein | AA23: 48 | AC23: =IF(C23=C22,(F23-F22)*24,"") -> 118.87694 | AE23: =INDEX(Parameter!$C$3:$C$8,H23) -> 66 | AF23: =IF(AND(N23="ganz",INDEX(Parameter!$D$3:$D$8,H23)<>""),Q23*INDEX(Parameter!$D$3:$D$8,H23),"") -> 84.1 | AG23: =IF(AND(N23="ganz",INDEX(Parameter!$D$3:$D$8,H23)<>""),Q23*(INDEX(Parameter!$D$3:$D$8,H23)+INDEX(Parameter!$F$3:$F$8,H23)),"") -> 110.75 | AH23: =IF(AND(N23="ganz",COUNTIFS($C$2:C23,C23,$H$2:H23,H23,$N$2:N23,"ganz")<=2),1,0) -> 1 | AI23: =IF(AND(N23="ganz",COUNTIFS($C$2:C23,C23,$J$2:J23,J23,$N$2:N23,"ganz")=1),1,0) -> 1 | AJ23: =IF(AND(O23="ja",COUNTIFS($C$2:C23,C23,$H$2:H23,H23,$O$2:O23,"ja")<=2),1,0) -> 1 | AK23: =IF(AND(O23="ja",COUNTIFS($C$2:C23,C23,$J$2:J23,J23,$O$2:O23,"ja")=1),1,0) -> 1
A24: 117 | B24: BW-05 | C24: BW-05 | E24: B | F24: 46236.907 | G24: So | H24: 2 | I24: 3 | J24: 4 | K24: 2 | L24: 2 | M24: 4 | N24: ganz | O24: ja | P24: 1 | Q24: 3 | R24: Drinnen | S24: nein | T24: nein | U24: nein | AA24: 39 | AB24: ja | AC24: =IF(C24=C23,(F24-F23)*24,"") -> 55.08 | AE24: =INDEX(Parameter!$C$3:$C$8,H24) -> 66 | AF24: =IF(AND(N24="ganz",INDEX(Parameter!$D$3:$D$8,H24)<>""),Q24*INDEX(Parameter!$D$3:$D$8,H24),"") -> 84.1 | AG24: =IF(AND(N24="ganz",INDEX(Parameter!$D$3:$D$8,H24)<>""),Q24*(INDEX(Parameter!$D$3:$D$8,H24)+INDEX(Parameter!$F$3:$F$8,H24)),"") -> 110.75 | AH24: =IF(AND(N24="ganz",COUNTIFS($C$2:C24,C24,$H$2:H24,H24,$N$2:N24,"ganz")<=2),1,0) -> 1 | AI24: =IF(AND(N24="ganz",COUNTIFS($C$2:C24,C24,$J$2:J24,J24,$N$2:N24,"ganz")=1),1,0) -> 1 | AJ24: =IF(AND(O24="ja",COUNTIFS($C$2:C24,C24,$H$2:H24,H24,$O$2:O24,"ja")<=2),1,0) -> 1 | AK24: =IF(AND(O24="ja",COUNTIFS($C$2:C24,C24,$J$2:J24,J24,$O$2:O24,"ja")=1),1,0) -> 1
A25: 144 | B25: BW-05 | C25: BW-05 | E25: B | F25: 46242.84 | G25: Sa | H25: 3 | I25: 3 | J25: 5 | K25: 3 | L25: 1 | M25: 5 | N25: ganz | O25: ja | P25: 1 | Q25: 3 | R25: Drinnen | S25: nein | T25: nein | U25: nein | AA25: 59 | AC25: =IF(C25=C24,(F25-F24)*24,"") -> 142.37639 | AE25: =INDEX(Parameter!$C$3:$C$8,H25) -> 80 | AF25: =IF(AND(N25="ganz",INDEX(Parameter!$D$3:$D$8,H25)<>""),Q25*INDEX(Parameter!$D$3:$D$8,H25),"") -> 72.85 | AG25: =IF(AND(N25="ganz",INDEX(Parameter!$D$3:$D$8,H25)<>""),Q25*(INDEX(Parameter!$D$3:$D$8,H25)+INDEX(Parameter!$F$3:$F$8,H25)),"") -> 99.5 | AH25: =IF(AND(N25="ganz",COUNTIFS($C$2:C25,C25,$H$2:H25,H25,$N$2:N25,"ganz")<=2),1,0) -> 1 | AI25: =IF(AND(N25="ganz",COUNTIFS($C$2:C25,C25,$J$2:J25,J25,$N$2:N25,"ganz")=1),1,0) -> 1 | AJ25: =IF(AND(O25="ja",COUNTIFS($C$2:C25,C25,$H$2:H25,H25,$O$2:O25,"ja")<=2),1,0) -> 1 | AK25: =IF(AND(O25="ja",COUNTIFS($C$2:C25,C25,$J$2:J25,J25,$O$2:O25,"ja")=1),1,0) -> 1
A26: 147 | B26: BW-05 | C26: BW-05 | E26: B | F26: 46243.745 | G26: So | H26: 3 | I26: 3 | J26: 6 | K26: 3 | L26: 2 | M26: 6 | N26: ganz | O26: ja | P26: 1 | Q26: 2 | R26: Drinnen | S26: nein | T26: nein | U26: nein | AA26: 42 | AC26: =IF(C26=C25,(F26-F25)*24,"") -> 21.7375 | AE26: =INDEX(Parameter!$C$3:$C$8,H26) -> 80 | AF26: =IF(AND(N26="ganz",INDEX(Parameter!$D$3:$D$8,H26)<>""),Q26*INDEX(Parameter!$D$3:$D$8,H26),"") -> 48.566667 | AG26: =IF(AND(N26="ganz",INDEX(Parameter!$D$3:$D$8,H26)<>""),Q26*(INDEX(Parameter!$D$3:$D$8,H26)+INDEX(Parameter!$F$3:$F$8,H26)),"") -> 66.333333 | AH26: =IF(AND(N26="ganz",COUNTIFS($C$2:C26,C26,$H$2:H26,H26,$N$2:N26,"ganz")<=2),1,0) -> 1 | AI26: =IF(AND(N26="ganz",COUNTIFS($C$2:C26,C26,$J$2:J26,J26,$N$2:N26,"ganz")=1),1,0) -> 1 | AJ26: =IF(AND(O26="ja",COUNTIFS($C$2:C26,C26,$H$2:H26,H26,$O$2:O26,"ja")<=2),1,0) -> 1 | AK26: =IF(AND(O26="ja",COUNTIFS($C$2:C26,C26,$J$2:J26,J26,$O$2:O26,"ja")=1),1,0) -> 1
A27: 181 | B27: BW-05 | C27: BW-05 | E27: B | F27: 46249.715 | G27: Sa | H27: 4 | I27: 4 | J27: 7 | K27: 4 | L27: 1 | M27: 7 | N27: ganz | O27: ja | P27: 1 | Q27: 2 | R27: Drinnen | S27: nein | T27: nein | U27: nein | AA27: 38 | AC27: =IF(C27=C26,(F27-F26)*24,"") -> 143.265 | AE27: =INDEX(Parameter!$C$3:$C$8,H27) -> 96 | AF27: =IF(AND(N27="ganz",INDEX(Parameter!$D$3:$D$8,H27)<>""),Q27*INDEX(Parameter!$D$3:$D$8,H27),"") -> 51.833333 | AG27: =IF(AND(N27="ganz",INDEX(Parameter!$D$3:$D$8,H27)<>""),Q27*(INDEX(Parameter!$D$3:$D$8,H27)+INDEX(Parameter!$F$3:$F$8,H27)),"") -> 69.6 | AH27: =IF(AND(N27="ganz",COUNTIFS($C$2:C27,C27,$H$2:H27,H27,$N$2:N27,"ganz")<=2),1,0) -> 1 | AI27: =IF(AND(N27="ganz",COUNTIFS($C$2:C27,C27,$J$2:J27,J27,$N$2:N27,"ganz")=1),1,0) -> 1 | AJ27: =IF(AND(O27="ja",COUNTIFS($C$2:C27,C27,$H$2:H27,H27,$O$2:O27,"ja")<=2),1,0) -> 1 | AK27: =IF(AND(O27="ja",COUNTIFS($C$2:C27,C27,$J$2:J27,J27,$O$2:O27,"ja")=1),1,0) -> 1
A28: 198 | B28: BW-05 | C28: BW-05 | E28: B | F28: 46250.843 | G28: So | H28: 4 | I28: 5 | J28: 8 | K28: 4 | L28: 2 | M28: 8 | N28: ganz | O28: ja | P28: 1 | Q28: 3 | R28: Drinnen | S28: nein | T28: nein | U28: nein | AA28: 39 | AB28: ja | AC28: =IF(C28=C27,(F28-F27)*24,"") -> 27.076944 | AE28: =INDEX(Parameter!$C$3:$C$8,H28) -> 96 | AF28: =IF(AND(N28="ganz",INDEX(Parameter!$D$3:$D$8,H28)<>""),Q28*INDEX(Parameter!$D$3:$D$8,H28),"") -> 77.75 | AG28: =IF(AND(N28="ganz",INDEX(Parameter!$D$3:$D$8,H28)<>""),Q28*(INDEX(Parameter!$D$3:$D$8,H28)+INDEX(Parameter!$F$3:$F$8,H28)),"") -> 104.4 | AH28: =IF(AND(N28="ganz",COUNTIFS($C$2:C28,C28,$H$2:H28,H28,$N$2:N28,"ganz")<=2),1,0) -> 1 | AI28: =IF(AND(N28="ganz",COUNTIFS($C$2:C28,C28,$J$2:J28,J28,$N$2:N28,"ganz")=1),1,0) -> 1 | AJ28: =IF(AND(O28="ja",COUNTIFS($C$2:C28,C28,$H$2:H28,H28,$O$2:O28,"ja")<=2),1,0) -> 1 | AK28: =IF(AND(O28="ja",COUNTIFS($C$2:C28,C28,$J$2:J28,J28,$O$2:O28,"ja")=1),1,0) -> 1
A29: 59 | B29: HL-06 | C29: BW-06 | D29: ja | E29: B | F29: 46228.732 | G29: Sa | H29: 1 | I29: 1 | J29: 1 | K29: 1 | L29: 1 | M29: 1 | N29: ganz | O29: ja | P29: 1 | Q29: 3 | R29: Drinnen | S29: nein | T29: nein | U29: nein | AA29: 54 | AC29: =IF(C29=C28,(F29-F28)*24,"") | AE29: =INDEX(Parameter!$C$3:$C$8,H29) -> 52 | AF29: =IF(AND(N29="ganz",INDEX(Parameter!$D$3:$D$8,H29)<>""),Q29*INDEX(Parameter!$D$3:$D$8,H29),"") -> 84.8 | AG29: =IF(AND(N29="ganz",INDEX(Parameter!$D$3:$D$8,H29)<>""),Q29*(INDEX(Parameter!$D$3:$D$8,H29)+INDEX(Parameter!$F$3:$F$8,H29)),"") -> 111.45 | AH29: =IF(AND(N29="ganz",COUNTIFS($C$2:C29,C29,$H$2:H29,H29,$N$2:N29,"ganz")<=2),1,0) -> 1 | AI29: =IF(AND(N29="ganz",COUNTIFS($C$2:C29,C29,$J$2:J29,J29,$N$2:N29,"ganz")=1),1,0) -> 1 | AJ29: =IF(AND(O29="ja",COUNTIFS($C$2:C29,C29,$H$2:H29,H29,$O$2:O29,"ja")<=2),1,0) -> 1 | AK29: =IF(AND(O29="ja",COUNTIFS($C$2:C29,C29,$J$2:J29,J29,$O$2:O29,"ja")=1),1,0) -> 1
A30: 70 | B30: HL-06 | C30: BW-06 | D30: ja | E30: B | F30: 46229.848 | G30: So | H30: 1 | I30: 2 | J30: 2 | K30: 1 | L30: 2 | M30: 2 | N30: teilweise | O30: ja | P30: 0 | Q30: 7 | R30: Drinnen | S30: ja | T30: nein | U30: nein | V30: Konnte die weitsprünge nicht machen, da ich zum wnde hin nur begrenzten platz hatte ich aber auch nucht abbrechen wollte | X30: Bisschen Muskelkater noch von der ersten Einheit | AA30: 53 | AB30: ja | AC30: =IF(C30=C29,(F30-F29)*24,"") -> 26.800278 | AE30: =INDEX(Parameter!$C$3:$C$8,H30) -> 52 | AF30: =IF(AND(N30="ganz",INDEX(Parameter!$D$3:$D$8,H30)<>""),Q30*INDEX(Parameter!$D$3:$D$8,H30),"") | AG30: =IF(AND(N30="ganz",INDEX(Parameter!$D$3:$D$8,H30)<>""),Q30*(INDEX(Parameter!$D$3:$D$8,H30)+INDEX(Parameter!$F$3:$F$8,H30)),"") | AH30: =IF(AND(N30="ganz",COUNTIFS($C$2:C30,C30,$H$2:H30,H30,$N$2:N30,"ganz")<=2),1,0) -> 0 | AI30: =IF(AND(N30="ganz",COUNTIFS($C$2:C30,C30,$J$2:J30,J30,$N$2:N30,"ganz")=1),1,0) -> 0 | AJ30: =IF(AND(O30="ja",COUNTIFS($C$2:C30,C30,$H$2:H30,H30,$O$2:O30,"ja")<=2),1,0) -> 1 | AK30: =IF(AND(O30="ja",COUNTIFS($C$2:C30,C30,$J$2:J30,J30,$O$2:O30,"ja")=1),1,0) -> 1
A31: 101 | B31: BW-06 | C31: BW-06 | E31: B | F31: 46235.937 | G31: Sa | H31: 2 | I31: 2 | J31: 3 | K31: 2 | L31: 1 | M31: 3 | N31: teilweise | O31: ja | P31: 0 | Q31: 4 | R31: Rasen/Wiese | S31: nein | T31: nein | U31: ja | V31: Letzte paar minuten | Z31: Fussball platz einmal und laufen einmal | AA31: 44 | AC31: =IF(C31=C30,(F31-F30)*24,"") -> 146.12139 | AE31: =INDEX(Parameter!$C$3:$C$8,H31) -> 66 | AF31: =IF(AND(N31="ganz",INDEX(Parameter!$D$3:$D$8,H31)<>""),Q31*INDEX(Parameter!$D$3:$D$8,H31),"") | AG31: =IF(AND(N31="ganz",INDEX(Parameter!$D$3:$D$8,H31)<>""),Q31*(INDEX(Parameter!$D$3:$D$8,H31)+INDEX(Parameter!$F$3:$F$8,H31)),"") | AH31: =IF(AND(N31="ganz",COUNTIFS($C$2:C31,C31,$H$2:H31,H31,$N$2:N31,"ganz")<=2),1,0) -> 0 | AI31: =IF(AND(N31="ganz",COUNTIFS($C$2:C31,C31,$J$2:J31,J31,$N$2:N31,"ganz")=1),1,0) -> 0 | AJ31: =IF(AND(O31="ja",COUNTIFS($C$2:C31,C31,$H$2:H31,H31,$O$2:O31,"ja")<=2),1,0) -> 1 | AK31: =IF(AND(O31="ja",COUNTIFS($C$2:C31,C31,$J$2:J31,J31,$O$2:O31,"ja")=1),1,0) -> 1
A32: 116 | B32: BW-06 | C32: BW-06 | E32: B | F32: 46236.879 | G32: So | H32: 2 | I32: 3 | J32: 4 | K32: 2 | L32: 2 | N32: gar nicht | O32: nein | P32: 0 | Q32: 0 | R32: Anderes | S32: ja | T32: nein | U32: ja | W32: Schmerzen | X32: Knie und oberschenkel | Z32: Fussball und laufen | AA32: 43 | AB32: ja | AC32: =IF(C32=C31,(F32-F31)*24,"") -> 22.615556 | AE32: =INDEX(Parameter!$C$3:$C$8,H32) -> 66 | AF32: =IF(AND(N32="ganz",INDEX(Parameter!$D$3:$D$8,H32)<>""),Q32*INDEX(Parameter!$D$3:$D$8,H32),"") | AG32: =IF(AND(N32="ganz",INDEX(Parameter!$D$3:$D$8,H32)<>""),Q32*(INDEX(Parameter!$D$3:$D$8,H32)+INDEX(Parameter!$F$3:$F$8,H32)),"") | AH32: =IF(AND(N32="ganz",COUNTIFS($C$2:C32,C32,$H$2:H32,H32,$N$2:N32,"ganz")<=2),1,0) -> 0 | AI32: =IF(AND(N32="ganz",COUNTIFS($C$2:C32,C32,$J$2:J32,J32,$N$2:N32,"ganz")=1),1,0) -> 0 | AJ32: =IF(AND(O32="ja",COUNTIFS($C$2:C32,C32,$H$2:H32,H32,$O$2:O32,"ja")<=2),1,0) -> 0 | AK32: =IF(AND(O32="ja",COUNTIFS($C$2:C32,C32,$J$2:J32,J32,$O$2:O32,"ja")=1),1,0) -> 0
A33: 187 | B33: BW-06 | C33: BW-06 | E33: B | F33: 46250.565 | G33: So | H33: 4 | I33: 4 | J33: 7 | K33: 4 | L33: 1 | M33: 7 | N33: ganz | O33: ja | P33: 1 | Q33: 4 | R33: Drinnen | S33: nein | T33: ja | U33: ja | Y33: 2 mal | Z33: 2 mal Training | AA33: 52 | AC33: =IF(C33=C32,(F33-F32)*24,"") -> 328.46889 | AE33: =INDEX(Parameter!$C$3:$C$8,H33) -> 96 | AF33: =IF(AND(N33="ganz",INDEX(Parameter!$D$3:$D$8,H33)<>""),Q33*INDEX(Parameter!$D$3:$D$8,H33),"") -> 103.66667 | AG33: =IF(AND(N33="ganz",INDEX(Parameter!$D$3:$D$8,H33)<>""),Q33*(INDEX(Parameter!$D$3:$D$8,H33)+INDEX(Parameter!$F$3:$F$8,H33)),"") -> 139.2 | AH33: =IF(AND(N33="ganz",COUNTIFS($C$2:C33,C33,$H$2:H33,H33,$N$2:N33,"ganz")<=2),1,0) -> 1 | AI33: =IF(AND(N33="ganz",COUNTIFS($C$2:C33,C33,$J$2:J33,J33,$N$2:N33,"ganz")=1),1,0) -> 1 | AJ33: =IF(AND(O33="ja",COUNTIFS($C$2:C33,C33,$H$2:H33,H33,$O$2:O33,"ja")<=2),1,0) -> 1 | AK33: =IF(AND(O33="ja",COUNTIFS($C$2:C33,C33,$J$2:J33,J33,$O$2:O33,"ja")=1),1,0) -> 1
A34: 39 | B34: BW-07 | C34: BW-07 | E34: B | F34: 46226.877 | G34: Do | H34: 1 | I34: 1 | J34: 1 | K34: 1 | L34: 1 | M34: 1 | N34: ganz | O34: ja | P34: 1 | Q34: 2 | R34: Drinnen | S34: nein | T34: ja | U34: nein | Y34: 4 | AA34: 52 | AC34: =IF(C34=C33,(F34-F33)*24,"") | AE34: =INDEX(Parameter!$C$3:$C$8,H34) -> 52 | AF34: =IF(AND(N34="ganz",INDEX(Parameter!$D$3:$D$8,H34)<>""),Q34*INDEX(Parameter!$D$3:$D$8,H34),"") -> 56.533333 | AG34: =IF(AND(N34="ganz",INDEX(Parameter!$D$3:$D$8,H34)<>""),Q34*(INDEX(Parameter!$D$3:$D$8,H34)+INDEX(Parameter!$F$3:$F$8,H34)),"") -> 74.3 | AH34: =IF(AND(N34="ganz",COUNTIFS($C$2:C34,C34,$H$2:H34,H34,$N$2:N34,"ganz")<=2),1,0) -> 1 | AI34: =IF(AND(N34="ganz",COUNTIFS($C$2:C34,C34,$J$2:J34,J34,$N$2:N34,"ganz")=1),1,0) -> 1 | AJ34: =IF(AND(O34="ja",COUNTIFS($C$2:C34,C34,$H$2:H34,H34,$O$2:O34,"ja")<=2),1,0) -> 1 | AK34: =IF(AND(O34="ja",COUNTIFS($C$2:C34,C34,$J$2:J34,J34,$O$2:O34,"ja")=1),1,0) -> 1
A35: 48 | B35: BW-07 | C35: BW-07 | E35: B | F35: 46227.76 | G35: Fr | H35: 1 | I35: 1 | J35: 2 | K35: 1 | L35: 2 | M35: 2 | N35: ganz | O35: ja | P35: 1 | Q35: 3 | R35: Drinnen | S35: nein | T35: nein | U35: ja | Z35: Joggen 1 mal | AA35: 51 | AC35: =IF(C35=C34,(F35-F34)*24,"") -> 21.206667 | AE35: =INDEX(Parameter!$C$3:$C$8,H35) -> 52 | AF35: =IF(AND(N35="ganz",INDEX(Parameter!$D$3:$D$8,H35)<>""),Q35*INDEX(Parameter!$D$3:$D$8,H35),"") -> 84.8 | AG35: =IF(AND(N35="ganz",INDEX(Parameter!$D$3:$D$8,H35)<>""),Q35*(INDEX(Parameter!$D$3:$D$8,H35)+INDEX(Parameter!$F$3:$F$8,H35)),"") -> 111.45 | AH35: =IF(AND(N35="ganz",COUNTIFS($C$2:C35,C35,$H$2:H35,H35,$N$2:N35,"ganz")<=2),1,0) -> 1 | AI35: =IF(AND(N35="ganz",COUNTIFS($C$2:C35,C35,$J$2:J35,J35,$N$2:N35,"ganz")=1),1,0) -> 1 | AJ35: =IF(AND(O35="ja",COUNTIFS($C$2:C35,C35,$H$2:H35,H35,$O$2:O35,"ja")<=2),1,0) -> 1 | AK35: =IF(AND(O35="ja",COUNTIFS($C$2:C35,C35,$J$2:J35,J35,$O$2:O35,"ja")=1),1,0) -> 1
A36: 188 | B36: BW-07 | C36: BW-07 | E36: B | F36: 46250.567 | G36: So | H36: 4 | I36: 4 | J36: 7 | K36: 4 | L36: 1 | M36: 7 | N36: ganz | O36: ja | P36: 1 | Q36: 3 | R36: Drinnen | S36: nein | T36: ja | U36: ja | Y36: ca 3-6 mal | Z36: Fußball und Joggen | AA36: 63 | AC36: =IF(C36=C35,(F36-F35)*24,"") -> 547.35889 | AD36: Sammelmeldung (Paar mit CASE 189, Δ 4 min) | AE36: =INDEX(Parameter!$C$3:$C$8,H36) -> 96 | AF36: =IF(AND(N36="ganz",INDEX(Parameter!$D$3:$D$8,H36)<>""),Q36*INDEX(Parameter!$D$3:$D$8,H36),"") -> 77.75 | AG36: =IF(AND(N36="ganz",INDEX(Parameter!$D$3:$D$8,H36)<>""),Q36*(INDEX(Parameter!$D$3:$D$8,H36)+INDEX(Parameter!$F$3:$F$8,H36)),"") -> 104.4 | AH36: =IF(AND(N36="ganz",COUNTIFS($C$2:C36,C36,$H$2:H36,H36,$N$2:N36,"ganz")<=2),1,0) -> 1 | AI36: =IF(AND(N36="ganz",COUNTIFS($C$2:C36,C36,$J$2:J36,J36,$N$2:N36,"ganz")=1),1,0) -> 1 | AJ36: =IF(AND(O36="ja",COUNTIFS($C$2:C36,C36,$H$2:H36,H36,$O$2:O36,"ja")<=2),1,0) -> 1 | AK36: =IF(AND(O36="ja",COUNTIFS($C$2:C36,C36,$J$2:J36,J36,$O$2:O36,"ja")=1),1,0) -> 1
A37: 189 | B37: BW-07 | C37: BW-07 | E37: B | F37: 46250.57 | G37: So | H37: 4 | I37: 4 | J37: 8 | K37: 4 | L37: 2 | M37: 8 | N37: ganz | O37: ja | P37: 1 | Q37: 4 | R37: Drinnen | S37: nein | T37: ja | U37: ja | Y37: 3-6 | Z37: Einmal Joggen | AA37: 56 | AC37: =IF(C37=C36,(F37-F36)*24,"") -> 0.065555556 | AD37: Sammelmeldung (Paar mit CASE 188, Δ 4 min) | AE37: =INDEX(Parameter!$C$3:$C$8,H37) -> 96 | AF37: =IF(AND(N37="ganz",INDEX(Parameter!$D$3:$D$8,H37)<>""),Q37*INDEX(Parameter!$D$3:$D$8,H37),"") -> 103.66667 | AG37: =IF(AND(N37="ganz",INDEX(Parameter!$D$3:$D$8,H37)<>""),Q37*(INDEX(Parameter!$D$3:$D$8,H37)+INDEX(Parameter!$F$3:$F$8,H37)),"") -> 139.2 | AH37: =IF(AND(N37="ganz",COUNTIFS($C$2:C37,C37,$H$2:H37,H37,$N$2:N37,"ganz")<=2),1,0) -> 1 | AI37: =IF(AND(N37="ganz",COUNTIFS($C$2:C37,C37,$J$2:J37,J37,$N$2:N37,"ganz")=1),1,0) -> 1 | AJ37: =IF(AND(O37="ja",COUNTIFS($C$2:C37,C37,$H$2:H37,H37,$O$2:O37,"ja")<=2),1,0) -> 1 | AK37: =IF(AND(O37="ja",COUNTIFS($C$2:C37,C37,$J$2:J37,J37,$O$2:O37,"ja")=1),1,0) -> 1
A38: 217 | B38: BW-07 | C38: BW-07 | E38: B | F38: 46255.854 | G38: Fr | H38: 5 | I38: 5 | J38: 9 | K38: 5 | L38: 1 | M38: 9 | N38: ganz | O38: ja | P38: 1 | Q38: 4 | R38: Drinnen | S38: nein | T38: ja | U38: ja | Y38: 3 | Z38: Training Fussball 2 | AA38: 76 | AC38: =IF(C38=C37,(F38-F37)*24,"") -> 126.83444 | AE38: =INDEX(Parameter!$C$3:$C$8,H38) -> 106 | AF38: =IF(AND(N38="ganz",INDEX(Parameter!$D$3:$D$8,H38)<>""),Q38*INDEX(Parameter!$D$3:$D$8,H38),"") | AG38: =IF(AND(N38="ganz",INDEX(Parameter!$D$3:$D$8,H38)<>""),Q38*(INDEX(Parameter!$D$3:$D$8,H38)+INDEX(Parameter!$F$3:$F$8,H38)),"") | AH38: =IF(AND(N38="ganz",COUNTIFS($C$2:C38,C38,$H$2:H38,H38,$N$2:N38,"ganz")<=2),1,0) -> 1 | AI38: =IF(AND(N38="ganz",COUNTIFS($C$2:C38,C38,$J$2:J38,J38,$N$2:N38,"ganz")=1),1,0) -> 1 | AJ38: =IF(AND(O38="ja",COUNTIFS($C$2:C38,C38,$H$2:H38,H38,$O$2:O38,"ja")<=2),1,0) -> 1 | AK38: =IF(AND(O38="ja",COUNTIFS($C$2:C38,C38,$J$2:J38,J38,$O$2:O38,"ja")=1),1,0) -> 1
A39: 246 | B39: BW-07 | C39: BW-07 | E39: B | F39: 46262.557 | G39: Fr | H39: 6 | I39: 6 | J39: 11 | K39: 6 | L39: 1 | M39: 11 | N39: ganz | O39: ja | P39: 1 | Q39: 4 | R39: Drinnen | S39: nein | T39: ja | U39: ja | Y39: 6 | Z39: Training 2x und ein Spiel | AA39: 48 | AC39: =IF(C39=C38,(F39-F38)*24,"") -> 160.8525 | AE39: =INDEX(Parameter!$C$3:$C$8,H39) -> 120 | AF39: =IF(AND(N39="ganz",INDEX(Parameter!$D$3:$D$8,H39)<>""),Q39*INDEX(Parameter!$D$3:$D$8,H39),"") -> 124.2 | AG39: =IF(AND(N39="ganz",INDEX(Parameter!$D$3:$D$8,H39)<>""),Q39*(INDEX(Parameter!$D$3:$D$8,H39)+INDEX(Parameter!$F$3:$F$8,H39)),"") -> 159.73333 | AH39: =IF(AND(N39="ganz",COUNTIFS($C$2:C39,C39,$H$2:H39,H39,$N$2:N39,"ganz")<=2),1,0) -> 1 | AI39: =IF(AND(N39="ganz",COUNTIFS($C$2:C39,C39,$J$2:J39,J39,$N$2:N39,"ganz")=1),1,0) -> 1 | AJ39: =IF(AND(O39="ja",COUNTIFS($C$2:C39,C39,$H$2:H39,H39,$O$2:O39,"ja")<=2),1,0) -> 1 | AK39: =IF(AND(O39="ja",COUNTIFS($C$2:C39,C39,$J$2:J39,J39,$O$2:O39,"ja")=1),1,0) -> 1
A40: 46 | B40: BW-08 | C40: BW-08 | E40: B | F40: 46227.727 | G40: Fr | H40: 1 | I40: 1 | J40: 1 | K40: 1 | L40: 1 | M40: 1 | N40: ganz | O40: ja | P40: 1 | Q40: 3 | R40: Drinnen | S40: nein | T40: nein | U40: nein | AA40: 62 | AC40: =IF(C40=C39,(F40-F39)*24,"") | AE40: =INDEX(Parameter!$C$3:$C$8,H40) -> 52 | AF40: =IF(AND(N40="ganz",INDEX(Parameter!$D$3:$D$8,H40)<>""),Q40*INDEX(Parameter!$D$3:$D$8,H40),"") -> 84.8 | AG40: =IF(AND(N40="ganz",INDEX(Parameter!$D$3:$D$8,H40)<>""),Q40*(INDEX(Parameter!$D$3:$D$8,H40)+INDEX(Parameter!$F$3:$F$8,H40)),"") -> 111.45 | AH40: =IF(AND(N40="ganz",COUNTIFS($C$2:C40,C40,$H$2:H40,H40,$N$2:N40,"ganz")<=2),1,0) -> 1 | AI40: =IF(AND(N40="ganz",COUNTIFS($C$2:C40,C40,$J$2:J40,J40,$N$2:N40,"ganz")=1),1,0) -> 1 | AJ40: =IF(AND(O40="ja",COUNTIFS($C$2:C40,C40,$H$2:H40,H40,$O$2:O40,"ja")<=2),1,0) -> 1 | AK40: =IF(AND(O40="ja",COUNTIFS($C$2:C40,C40,$J$2:J40,J40,$O$2:O40,"ja")=1),1,0) -> 1
A41: 74 | B41: BW-08 | C41: BW-08 | E41: B | F41: 46230.39 | G41: Mo | H41: 2 | I41: 2 | J41: 2 | K41: 1 | L41: 2 | M41: 3 | N41: ganz | O41: ja | P41: 1 | Q41: 3 | R41: Drinnen | S41: ja | T41: nein | U41: nein | X41: nur ein bisschen muskelkater nicht schlimm | AA41: 42 | AC41: =IF(C41=C40,(F41-F40)*24,"") -> 63.923333 | AE41: =INDEX(Parameter!$C$3:$C$8,H41) -> 66 | AF41: =IF(AND(N41="ganz",INDEX(Parameter!$D$3:$D$8,H41)<>""),Q41*INDEX(Parameter!$D$3:$D$8,H41),"") -> 84.1 | AG41: =IF(AND(N41="ganz",INDEX(Parameter!$D$3:$D$8,H41)<>""),Q41*(INDEX(Parameter!$D$3:$D$8,H41)+INDEX(Parameter!$F$3:$F$8,H41)),"") -> 110.75 | AH41: =IF(AND(N41="ganz",COUNTIFS($C$2:C41,C41,$H$2:H41,H41,$N$2:N41,"ganz")<=2),1,0) -> 1 | AI41: =IF(AND(N41="ganz",COUNTIFS($C$2:C41,C41,$J$2:J41,J41,$N$2:N41,"ganz")=1),1,0) -> 1 | AJ41: =IF(AND(O41="ja",COUNTIFS($C$2:C41,C41,$H$2:H41,H41,$O$2:O41,"ja")<=2),1,0) -> 1 | AK41: =IF(AND(O41="ja",COUNTIFS($C$2:C41,C41,$J$2:J41,J41,$O$2:O41,"ja")=1),1,0) -> 1
A42: 88 | B42: BW-08 | C42: BW-08 | E42: B | F42: 46233.766 | G42: Do | H42: 2 | I42: 2 | J42: 3 | K42: 2 | L42: 1 | M42: 4 | N42: ganz | O42: ja | P42: 1 | Q42: 3 | R42: Hartplatz/Asphalt | S42: ja | T42: nein | U42: nein | X42: knie wie immer ein bisschen | AA42: 43 | AC42: =IF(C42=C41,(F42-F41)*24,"") -> 81.0225 | AE42: =INDEX(Parameter!$C$3:$C$8,H42) -> 66 | AF42: =IF(AND(N42="ganz",INDEX(Parameter!$D$3:$D$8,H42)<>""),Q42*INDEX(Parameter!$D$3:$D$8,H42),"") -> 84.1 | AG42: =IF(AND(N42="ganz",INDEX(Parameter!$D$3:$D$8,H42)<>""),Q42*(INDEX(Parameter!$D$3:$D$8,H42)+INDEX(Parameter!$F$3:$F$8,H42)),"") -> 110.75 | AH42: =IF(AND(N42="ganz",COUNTIFS($C$2:C42,C42,$H$2:H42,H42,$N$2:N42,"ganz")<=2),1,0) -> 1 | AI42: =IF(AND(N42="ganz",COUNTIFS($C$2:C42,C42,$J$2:J42,J42,$N$2:N42,"ganz")=1),1,0) -> 1 | AJ42: =IF(AND(O42="ja",COUNTIFS($C$2:C42,C42,$H$2:H42,H42,$O$2:O42,"ja")<=2),1,0) -> 1 | AK42: =IF(AND(O42="ja",COUNTIFS($C$2:C42,C42,$J$2:J42,J42,$O$2:O42,"ja")=1),1,0) -> 1
A43: 103 | B43: BW-08 | C43: BW-08 | E43: B | F43: 46236.503 | G43: So | H43: 2 | I43: 2 | J43: 4 | K43: 2 | L43: 2 | N43: ganz | O43: ja | P43: 1 | Q43: 3 | R43: Drinnen | S43: nein | T43: nein | U43: nein | AA43: 38 | AC43: =IF(C43=C42,(F43-F42)*24,"") -> 65.673333 | AE43: =INDEX(Parameter!$C$3:$C$8,H43) -> 66 | AF43: =IF(AND(N43="ganz",INDEX(Parameter!$D$3:$D$8,H43)<>""),Q43*INDEX(Parameter!$D$3:$D$8,H43),"") -> 84.1 | AG43: =IF(AND(N43="ganz",INDEX(Parameter!$D$3:$D$8,H43)<>""),Q43*(INDEX(Parameter!$D$3:$D$8,H43)+INDEX(Parameter!$F$3:$F$8,H43)),"") -> 110.75 | AH43: =IF(AND(N43="ganz",COUNTIFS($C$2:C43,C43,$H$2:H43,H43,$N$2:N43,"ganz")<=2),1,0) -> 0 | AI43: =IF(AND(N43="ganz",COUNTIFS($C$2:C43,C43,$J$2:J43,J43,$N$2:N43,"ganz")=1),1,0) -> 1 | AJ43: =IF(AND(O43="ja",COUNTIFS($C$2:C43,C43,$H$2:H43,H43,$O$2:O43,"ja")<=2),1,0) -> 0 | AK43: =IF(AND(O43="ja",COUNTIFS($C$2:C43,C43,$J$2:J43,J43,$O$2:O43,"ja")=1),1,0) -> 1
A44: 136 | B44: BW-08 | C44: BW-08 | E44: B | F44: 46241.459 | G44: Fr | H44: 3 | I44: 3 | J44: 5 | K44: 3 | L44: 1 | M44: 5 | N44: ganz | O44: ja | P44: 1 | Q44: 3 | R44: Drinnen | S44: nein | T44: nein | U44: ja | Z44: halt unsere joggingsachen | AA44: 45 | AC44: =IF(C44=C43,(F44-F43)*24,"") -> 118.93694 | AE44: =INDEX(Parameter!$C$3:$C$8,H44) -> 80 | AF44: =IF(AND(N44="ganz",INDEX(Parameter!$D$3:$D$8,H44)<>""),Q44*INDEX(Parameter!$D$3:$D$8,H44),"") -> 72.85 | AG44: =IF(AND(N44="ganz",INDEX(Parameter!$D$3:$D$8,H44)<>""),Q44*(INDEX(Parameter!$D$3:$D$8,H44)+INDEX(Parameter!$F$3:$F$8,H44)),"") -> 99.5 | AH44: =IF(AND(N44="ganz",COUNTIFS($C$2:C44,C44,$H$2:H44,H44,$N$2:N44,"ganz")<=2),1,0) -> 1 | AI44: =IF(AND(N44="ganz",COUNTIFS($C$2:C44,C44,$J$2:J44,J44,$N$2:N44,"ganz")=1),1,0) -> 1 | AJ44: =IF(AND(O44="ja",COUNTIFS($C$2:C44,C44,$H$2:H44,H44,$O$2:O44,"ja")<=2),1,0) -> 1 | AK44: =IF(AND(O44="ja",COUNTIFS($C$2:C44,C44,$J$2:J44,J44,$O$2:O44,"ja")=1),1,0) -> 1
A45: 150 | B45: BW-08 | C45: BW-08 | E45: B | F45: 46243.774 | G45: So | H45: 3 | I45: 3 | J45: 6 | K45: 3 | L45: 2 | M45: 6 | N45: ganz | O45: ja | P45: 1 | Q45: 3 | R45: Hartplatz/Asphalt | S45: nein | T45: nein | U45: nein | AA45: 32 | AC45: =IF(C45=C44,(F45-F44)*24,"") -> 55.562222 | AE45: =INDEX(Parameter!$C$3:$C$8,H45) -> 80 | AF45: =IF(AND(N45="ganz",INDEX(Parameter!$D$3:$D$8,H45)<>""),Q45*INDEX(Parameter!$D$3:$D$8,H45),"") -> 72.85 | AG45: =IF(AND(N45="ganz",INDEX(Parameter!$D$3:$D$8,H45)<>""),Q45*(INDEX(Parameter!$D$3:$D$8,H45)+INDEX(Parameter!$F$3:$F$8,H45)),"") -> 99.5 | AH45: =IF(AND(N45="ganz",COUNTIFS($C$2:C45,C45,$H$2:H45,H45,$N$2:N45,"ganz")<=2),1,0) -> 1 | AI45: =IF(AND(N45="ganz",COUNTIFS($C$2:C45,C45,$J$2:J45,J45,$N$2:N45,"ganz")=1),1,0) -> 1 | AJ45: =IF(AND(O45="ja",COUNTIFS($C$2:C45,C45,$H$2:H45,H45,$O$2:O45,"ja")<=2),1,0) -> 1 | AK45: =IF(AND(O45="ja",COUNTIFS($C$2:C45,C45,$J$2:J45,J45,$O$2:O45,"ja")=1),1,0) -> 1
A46: 191 | B46: BW-08 | C46: BW-08 | E46: B | F46: 46250.77 | G46: So | H46: 4 | I46: 4 | J46: 5 | K46: 3 | L46: 1 | M46: 7 | N46: ganz | O46: ja | P46: 1 | Q46: 3 | R46: Drinnen | S46: nein | T46: nein | U46: nein | AA46: 24 | AC46: =IF(C46=C45,(F46-F45)*24,"") -> 167.91472 | AE46: =INDEX(Parameter!$C$3:$C$8,H46) -> 96 | AF46: =IF(AND(N46="ganz",INDEX(Parameter!$D$3:$D$8,H46)<>""),Q46*INDEX(Parameter!$D$3:$D$8,H46),"") -> 77.75 | AG46: =IF(AND(N46="ganz",INDEX(Parameter!$D$3:$D$8,H46)<>""),Q46*(INDEX(Parameter!$D$3:$D$8,H46)+INDEX(Parameter!$F$3:$F$8,H46)),"") -> 104.4 | AH46: =IF(AND(N46="ganz",COUNTIFS($C$2:C46,C46,$H$2:H46,H46,$N$2:N46,"ganz")<=2),1,0) -> 1 | AI46: =IF(AND(N46="ganz",COUNTIFS($C$2:C46,C46,$J$2:J46,J46,$N$2:N46,"ganz")=1),1,0) -> 0 | AJ46: =IF(AND(O46="ja",COUNTIFS($C$2:C46,C46,$H$2:H46,H46,$O$2:O46,"ja")<=2),1,0) -> 1 | AK46: =IF(AND(O46="ja",COUNTIFS($C$2:C46,C46,$J$2:J46,J46,$O$2:O46,"ja")=1),1,0) -> 0
A47: 222 | B47: BW-08 | C47: BW-08 | E47: B | F47: 46257.453 | G47: So | H47: 5 | I47: 5 | J47: 9 | K47: 5 | L47: 1 | M47: 9 | N47: ganz | O47: ja | P47: 1 | Q47: 3 | R47: Kunstrasen | S47: nein | T47: nein | U47: nein | AA47: 24 | AC47: =IF(C47=C46,(F47-F46)*24,"") -> 160.40111 | AD47: Sammelmeldung (Paar mit CASE 223, Δ 1 min) | AE47: =INDEX(Parameter!$C$3:$C$8,H47) -> 106 | AF47: =IF(AND(N47="ganz",INDEX(Parameter!$D$3:$D$8,H47)<>""),Q47*INDEX(Parameter!$D$3:$D$8,H47),"") | AG47: =IF(AND(N47="ganz",INDEX(Parameter!$D$3:$D$8,H47)<>""),Q47*(INDEX(Parameter!$D$3:$D$8,H47)+INDEX(Parameter!$F$3:$F$8,H47)),"") | AH47: =IF(AND(N47="ganz",COUNTIFS($C$2:C47,C47,$H$2:H47,H47,$N$2:N47,"ganz")<=2),1,0) -> 1 | AI47: =IF(AND(N47="ganz",COUNTIFS($C$2:C47,C47,$J$2:J47,J47,$N$2:N47,"ganz")=1),1,0) -> 1 | AJ47: =IF(AND(O47="ja",COUNTIFS($C$2:C47,C47,$H$2:H47,H47,$O$2:O47,"ja")<=2),1,0) -> 1 | AK47: =IF(AND(O47="ja",COUNTIFS($C$2:C47,C47,$J$2:J47,J47,$O$2:O47,"ja")=1),1,0) -> 1
A48: 223 | B48: BW-08 | C48: BW-08 | E48: B | F48: 46257.454 | G48: So | H48: 5 | I48: 5 | J48: 10 | K48: 5 | L48: 2 | M48: 10 | N48: ganz | O48: ja | P48: 1 | Q48: 3 | R48: Drinnen | S48: nein | T48: nein | U48: nein | AA48: 22 | AC48: =IF(C48=C47,(F48-F47)*24,"") -> 0.010277778 | AD48: Sammelmeldung (Paar mit CASE 222, Δ 1 min) | AE48: =INDEX(Parameter!$C$3:$C$8,H48) -> 106 | AF48: =IF(AND(N48="ganz",INDEX(Parameter!$D$3:$D$8,H48)<>""),Q48*INDEX(Parameter!$D$3:$D$8,H48),"") | AG48: =IF(AND(N48="ganz",INDEX(Parameter!$D$3:$D$8,H48)<>""),Q48*(INDEX(Parameter!$D$3:$D$8,H48)+INDEX(Parameter!$F$3:$F$8,H48)),"") | AH48: =IF(AND(N48="ganz",COUNTIFS($C$2:C48,C48,$H$2:H48,H48,$N$2:N48,"ganz")<=2),1,0) -> 1 | AI48: =IF(AND(N48="ganz",COUNTIFS($C$2:C48,C48,$J$2:J48,J48,$N$2:N48,"ganz")=1),1,0) -> 1 | AJ48: =IF(AND(O48="ja",COUNTIFS($C$2:C48,C48,$H$2:H48,H48,$O$2:O48,"ja")<=2),1,0) -> 1 | AK48: =IF(AND(O48="ja",COUNTIFS($C$2:C48,C48,$J$2:J48,J48,$O$2:O48,"ja")=1),1,0) -> 1
A49: 49 | B49: BW-09 | C49: BW-09 | E49: B | F49: 46227.76 | G49: Fr | H49: 1 | I49: 1 | J49: 1 | K49: 1 | L49: 1 | M49: 1 | N49: ganz | O49: ja | P49: 1 | Q49: 2 | R49: Drinnen | S49: ja | T49: nein | U49: ja | X49: Oberschenkelmuskelkater vom joggen | Z49: War schon drei mal diese Woche joggen | AA49: 83 | AC49: =IF(C49=C48,(F49-F48)*24,"") | AE49: =INDEX(Parameter!$C$3:$C$8,H49) -> 52 | AF49: =IF(AND(N49="ganz",INDEX(Parameter!$D$3:$D$8,H49)<>""),Q49*INDEX(Parameter!$D$3:$D$8,H49),"") -> 56.533333 | AG49: =IF(AND(N49="ganz",INDEX(Parameter!$D$3:$D$8,H49)<>""),Q49*(INDEX(Parameter!$D$3:$D$8,H49)+INDEX(Parameter!$F$3:$F$8,H49)),"") -> 74.3 | AH49: =IF(AND(N49="ganz",COUNTIFS($C$2:C49,C49,$H$2:H49,H49,$N$2:N49,"ganz")<=2),1,0) -> 1 | AI49: =IF(AND(N49="ganz",COUNTIFS($C$2:C49,C49,$J$2:J49,J49,$N$2:N49,"ganz")=1),1,0) -> 1 | AJ49: =IF(AND(O49="ja",COUNTIFS($C$2:C49,C49,$H$2:H49,H49,$O$2:O49,"ja")<=2),1,0) -> 1 | AK49: =IF(AND(O49="ja",COUNTIFS($C$2:C49,C49,$J$2:J49,J49,$O$2:O49,"ja")=1),1,0) -> 1
A50: 76 | B50: BW-09 | C50: BW-09 | E50: B | F50: 46230.466 | G50: Mo | H50: 2 | I50: 2 | J50: 2 | K50: 1 | L50: 2 | M50: 3 | N50: ganz | O50: ja | P50: 1 | Q50: 2 | R50: Drinnen | S50: nein | T50: nein | U50: ja | Z50: Joggen und gym | AA50: 57 | AC50: =IF(C50=C49,(F50-F49)*24,"") -> 64.9225 | AE50: =INDEX(Parameter!$C$3:$C$8,H50) -> 66 | AF50: =IF(AND(N50="ganz",INDEX(Parameter!$D$3:$D$8,H50)<>""),Q50*INDEX(Parameter!$D$3:$D$8,H50),"") -> 56.066667 | AG50: =IF(AND(N50="ganz",INDEX(Parameter!$D$3:$D$8,H50)<>""),Q50*(INDEX(Parameter!$D$3:$D$8,H50)+INDEX(Parameter!$F$3:$F$8,H50)),"") -> 73.833333 | AH50: =IF(AND(N50="ganz",COUNTIFS($C$2:C50,C50,$H$2:H50,H50,$N$2:N50,"ganz")<=2),1,0) -> 1 | AI50: =IF(AND(N50="ganz",COUNTIFS($C$2:C50,C50,$J$2:J50,J50,$N$2:N50,"ganz")=1),1,0) -> 1 | AJ50: =IF(AND(O50="ja",COUNTIFS($C$2:C50,C50,$H$2:H50,H50,$O$2:O50,"ja")<=2),1,0) -> 1 | AK50: =IF(AND(O50="ja",COUNTIFS($C$2:C50,C50,$J$2:J50,J50,$O$2:O50,"ja")=1),1,0) -> 1
A51: 120 | B51: BW-09 | C51: BW-09 | E51: B | F51: 46236.955 | G51: So | H51: 2 | I51: 3 | J51: 3 | K51: 2 | L51: 1 | M51: 4 | N51: ganz | O51: ja | P51: 1 | Q51: 2 | R51: Drinnen | S51: nein | T51: nein | U51: ja | Z51: Joggen | AA51: 48 | AB51: ja | AC51: =IF(C51=C50,(F51-F50)*24,"") -> 155.73944 | AE51: =INDEX(Parameter!$C$3:$C$8,H51) -> 66 | AF51: =IF(AND(N51="ganz",INDEX(Parameter!$D$3:$D$8,H51)<>""),Q51*INDEX(Parameter!$D$3:$D$8,H51),"") -> 56.066667 | AG51: =IF(AND(N51="ganz",INDEX(Parameter!$D$3:$D$8,H51)<>""),Q51*(INDEX(Parameter!$D$3:$D$8,H51)+INDEX(Parameter!$F$3:$F$8,H51)),"") -> 73.833333 | AH51: =IF(AND(N51="ganz",COUNTIFS($C$2:C51,C51,$H$2:H51,H51,$N$2:N51,"ganz")<=2),1,0) -> 1 | AI51: =IF(AND(N51="ganz",COUNTIFS($C$2:C51,C51,$J$2:J51,J51,$N$2:N51,"ganz")=1),1,0) -> 1 | AJ51: =IF(AND(O51="ja",COUNTIFS($C$2:C51,C51,$H$2:H51,H51,$O$2:O51,"ja")<=2),1,0) -> 1 | AK51: =IF(AND(O51="ja",COUNTIFS($C$2:C51,C51,$J$2:J51,J51,$O$2:O51,"ja")=1),1,0) -> 1
A52: 122 | B52: BW-09 | C52: BW-09 | E52: B | F52: 46238.203 | G52: Di | H52: 3 | I52: 3 | J52: 4 | K52: 2 | L52: 2 | M52: 5 | N52: ganz | O52: ja | P52: 1 | Q52: 3 | R52: Drinnen | S52: nein | T52: nein | U52: ja | Z52: Joggen Gym und ich habe aber gestern nicht heute trainiert | AA52: 59 | AC52: =IF(C52=C51,(F52-F51)*24,"") -> 29.969722 | AE52: =INDEX(Parameter!$C$3:$C$8,H52) -> 80 | AF52: =IF(AND(N52="ganz",INDEX(Parameter!$D$3:$D$8,H52)<>""),Q52*INDEX(Parameter!$D$3:$D$8,H52),"") -> 72.85 | AG52: =IF(AND(N52="ganz",INDEX(Parameter!$D$3:$D$8,H52)<>""),Q52*(INDEX(Parameter!$D$3:$D$8,H52)+INDEX(Parameter!$F$3:$F$8,H52)),"") -> 99.5 | AH52: =IF(AND(N52="ganz",COUNTIFS($C$2:C52,C52,$H$2:H52,H52,$N$2:N52,"ganz")<=2),1,0) -> 1 | AI52: =IF(AND(N52="ganz",COUNTIFS($C$2:C52,C52,$J$2:J52,J52,$N$2:N52,"ganz")=1),1,0) -> 1 | AJ52: =IF(AND(O52="ja",COUNTIFS($C$2:C52,C52,$H$2:H52,H52,$O$2:O52,"ja")<=2),1,0) -> 1 | AK52: =IF(AND(O52="ja",COUNTIFS($C$2:C52,C52,$J$2:J52,J52,$O$2:O52,"ja")=1),1,0) -> 1
A53: 216 | B53: BW-09 | C53: BW-09 | E53: B | F53: 46255.852 | G53: Fr | H53: 5 | I53: 5 | J53: 9 | K53: 5 | L53: 1 | M53: 9 | N53: ganz | O53: ja | P53: 1 | Q53: 3 | R53: Drinnen | S53: nein | T53: nein | U53: ja | Z53: Gym | AA53: 53 | AC53: =IF(C53=C52,(F53-F52)*24,"") -> 423.57472 | AE53: =INDEX(Parameter!$C$3:$C$8,H53) -> 106 | AF53: =IF(AND(N53="ganz",INDEX(Parameter!$D$3:$D$8,H53)<>""),Q53*INDEX(Parameter!$D$3:$D$8,H53),"") | AG53: =IF(AND(N53="ganz",INDEX(Parameter!$D$3:$D$8,H53)<>""),Q53*(INDEX(Parameter!$D$3:$D$8,H53)+INDEX(Parameter!$F$3:$F$8,H53)),"") | AH53: =IF(AND(N53="ganz",COUNTIFS($C$2:C53,C53,$H$2:H53,H53,$N$2:N53,"ganz")<=2),1,0) -> 1 | AI53: =IF(AND(N53="ganz",COUNTIFS($C$2:C53,C53,$J$2:J53,J53,$N$2:N53,"ganz")=1),1,0) -> 1 | AJ53: =IF(AND(O53="ja",COUNTIFS($C$2:C53,C53,$H$2:H53,H53,$O$2:O53,"ja")<=2),1,0) -> 1 | AK53: =IF(AND(O53="ja",COUNTIFS($C$2:C53,C53,$J$2:J53,J53,$O$2:O53,"ja")=1),1,0) -> 1
A54: 229 | B54: BW-09 | C54: BW-09 | E54: B | F54: 46257.88 | G54: So | H54: 5 | I54: 6 | J54: 10 | K54: 5 | L54: 2 | M54: 10 | N54: ganz | O54: ja | P54: 1 | Q54: 4 | R54: Drinnen | S54: ja | T54: nein | U54: ja | X54: Muskelkater in Beinen von Spiel | Z54: Gym | AA54: 52 | AB54: ja | AC54: =IF(C54=C53,(F54-F53)*24,"") -> 48.665833 | AE54: =INDEX(Parameter!$C$3:$C$8,H54) -> 106 | AF54: =IF(AND(N54="ganz",INDEX(Parameter!$D$3:$D$8,H54)<>""),Q54*INDEX(Parameter!$D$3:$D$8,H54),"") | AG54: =IF(AND(N54="ganz",INDEX(Parameter!$D$3:$D$8,H54)<>""),Q54*(INDEX(Parameter!$D$3:$D$8,H54)+INDEX(Parameter!$F$3:$F$8,H54)),"") | AH54: =IF(AND(N54="ganz",COUNTIFS($C$2:C54,C54,$H$2:H54,H54,$N$2:N54,"ganz")<=2),1,0) -> 1 | AI54: =IF(AND(N54="ganz",COUNTIFS($C$2:C54,C54,$J$2:J54,J54,$N$2:N54,"ganz")=1),1,0) -> 1 | AJ54: =IF(AND(O54="ja",COUNTIFS($C$2:C54,C54,$H$2:H54,H54,$O$2:O54,"ja")<=2),1,0) -> 1 | AK54: =IF(AND(O54="ja",COUNTIFS($C$2:C54,C54,$J$2:J54,J54,$O$2:O54,"ja")=1),1,0) -> 1
A55: 260 | B55: BW-09 | C55: BW-09 | E55: B | F55: 46264.911 | G55: So | H55: 6 | I55: 7 | J55: 11 | K55: 6 | L55: 1 | M55: 11 | N55: ganz | O55: ja | P55: 1 | Q55: 3 | R55: Drinnen | S55: nein | T55: nein | U55: ja | Z55: Fußball | AA55: 51 | AB55: ja | AC55: =IF(C55=C54,(F55-F54)*24,"") -> 168.74417 | AD55: Sammelmeldung (Paar mit CASE 261, Δ 1 min) | AE55: =INDEX(Parameter!$C$3:$C$8,H55) -> 120 | AF55: =IF(AND(N55="ganz",INDEX(Parameter!$D$3:$D$8,H55)<>""),Q55*INDEX(Parameter!$D$3:$D$8,H55),"") -> 93.15 | AG55: =IF(AND(N55="ganz",INDEX(Parameter!$D$3:$D$8,H55)<>""),Q55*(INDEX(Parameter!$D$3:$D$8,H55)+INDEX(Parameter!$F$3:$F$8,H55)),"") -> 119.8 | AH55: =IF(AND(N55="ganz",COUNTIFS($C$2:C55,C55,$H$2:H55,H55,$N$2:N55,"ganz")<=2),1,0) -> 1 | AI55: =IF(AND(N55="ganz",COUNTIFS($C$2:C55,C55,$J$2:J55,J55,$N$2:N55,"ganz")=1),1,0) -> 1 | AJ55: =IF(AND(O55="ja",COUNTIFS($C$2:C55,C55,$H$2:H55,H55,$O$2:O55,"ja")<=2),1,0) -> 1 | AK55: =IF(AND(O55="ja",COUNTIFS($C$2:C55,C55,$J$2:J55,J55,$O$2:O55,"ja")=1),1,0) -> 1
A56: 261 | B56: BW-09 | C56: BW-09 | E56: B | F56: 46264.912 | G56: So | H56: 6 | I56: 7 | J56: 12 | K56: 6 | L56: 2 | N56: gar nicht | O56: nein | P56: 0 | Q56: 0 | R56: Anderes | S56: nein | T56: nein | U56: nein | W56: Hatte es vergessen und konnte dann heute ja leider nur eine Einheit machen sorry | AA56: 44 | AB56: ja | AC56: =IF(C56=C55,(F56-F55)*24,"") -> 0.018333333 | AD56: Sammelmeldung (Paar mit CASE 260, Δ 1 min) | AE56: =INDEX(Parameter!$C$3:$C$8,H56) -> 120 | AF56: =IF(AND(N56="ganz",INDEX(Parameter!$D$3:$D$8,H56)<>""),Q56*INDEX(Parameter!$D$3:$D$8,H56),"") | AG56: =IF(AND(N56="ganz",INDEX(Parameter!$D$3:$D$8,H56)<>""),Q56*(INDEX(Parameter!$D$3:$D$8,H56)+INDEX(Parameter!$F$3:$F$8,H56)),"") | AH56: =IF(AND(N56="ganz",COUNTIFS($C$2:C56,C56,$H$2:H56,H56,$N$2:N56,"ganz")<=2),1,0) -> 0 | AI56: =IF(AND(N56="ganz",COUNTIFS($C$2:C56,C56,$J$2:J56,J56,$N$2:N56,"ganz")=1),1,0) -> 0 | AJ56: =IF(AND(O56="ja",COUNTIFS($C$2:C56,C56,$H$2:H56,H56,$O$2:O56,"ja")<=2),1,0) -> 0 | AK56: =IF(AND(O56="ja",COUNTIFS($C$2:C56,C56,$J$2:J56,J56,$O$2:O56,"ja")=1),1,0) -> 0
A57: 53 | B57: BW-10 | C57: BW-10 | E57: B | F57: 46228.637 | G57: Sa | H57: 1 | I57: 1 | J57: 1 | K57: 1 | L57: 1 | M57: 1 | N57: ganz | O57: ja | P57: 1 | Q57: 3 | R57: Kunstrasen | S57: nein | T57: ja | U57: ja | Y57: Wenn ich was nicht verstanden hab | Z57: Gym Fußball 4 mal | AA57: 61 | AC57: =IF(C57=C56,(F57-F56)*24,"") | AE57: =INDEX(Parameter!$C$3:$C$8,H57) -> 52 | AF57: =IF(AND(N57="ganz",INDEX(Parameter!$D$3:$D$8,H57)<>""),Q57*INDEX(Parameter!$D$3:$D$8,H57),"") -> 84.8 | AG57: =IF(AND(N57="ganz",INDEX(Parameter!$D$3:$D$8,H57)<>""),Q57*(INDEX(Parameter!$D$3:$D$8,H57)+INDEX(Parameter!$F$3:$F$8,H57)),"") -> 111.45 | AH57: =IF(AND(N57="ganz",COUNTIFS($C$2:C57,C57,$H$2:H57,H57,$N$2:N57,"ganz")<=2),1,0) -> 1 | AI57: =IF(AND(N57="ganz",COUNTIFS($C$2:C57,C57,$J$2:J57,J57,$N$2:N57,"ganz")=1),1,0) -> 1 | AJ57: =IF(AND(O57="ja",COUNTIFS($C$2:C57,C57,$H$2:H57,H57,$O$2:O57,"ja")<=2),1,0) -> 1 | AK57: =IF(AND(O57="ja",COUNTIFS($C$2:C57,C57,$J$2:J57,J57,$O$2:O57,"ja")=1),1,0) -> 1
A58: 102 | B58: BW-10 | C58: BW-10 | E58: B | F58: 46236.13 | G58: So | H58: 2 | I58: 2 | J58: 3 | K58: 2 | L58: 1 | M58: 3 | N58: ganz | O58: ja | P58: 1 | Q58: 3 | R58: Kunstrasen | S58: nein | T58: ja | U58: ja | Y58: Wenn ich was nicht verstanden habe | Z58: 4 mal gym und laufen | AA58: 55 | AC58: =IF(C58=C57,(F58-F57)*24,"") -> 179.84583 | AE58: =INDEX(Parameter!$C$3:$C$8,H58) -> 66 | AF58: =IF(AND(N58="ganz",INDEX(Parameter!$D$3:$D$8,H58)<>""),Q58*INDEX(Parameter!$D$3:$D$8,H58),"") -> 84.1 | AG58: =IF(AND(N58="ganz",INDEX(Parameter!$D$3:$D$8,H58)<>""),Q58*(INDEX(Parameter!$D$3:$D$8,H58)+INDEX(Parameter!$F$3:$F$8,H58)),"") -> 110.75 | AH58: =IF(AND(N58="ganz",COUNTIFS($C$2:C58,C58,$H$2:H58,H58,$N$2:N58,"ganz")<=2),1,0) -> 1 | AI58: =IF(AND(N58="ganz",COUNTIFS($C$2:C58,C58,$J$2:J58,J58,$N$2:N58,"ganz")=1),1,0) -> 1 | AJ58: =IF(AND(O58="ja",COUNTIFS($C$2:C58,C58,$H$2:H58,H58,$O$2:O58,"ja")<=2),1,0) -> 1 | AK58: =IF(AND(O58="ja",COUNTIFS($C$2:C58,C58,$J$2:J58,J58,$O$2:O58,"ja")=1),1,0) -> 1
A59: 108 | B59: BW-10 | C59: BW-10 | E59: B | F59: 46236.645 | G59: So | H59: 2 | I59: 2 | J59: 4 | K59: 2 | L59: 2 | M59: 4 | N59: ganz | O59: ja | P59: 1 | Q59: 4 | R59: Kunstrasen | S59: nein | T59: ja | U59: ja | Y59: Wenn ich was nicht verstanden habe | Z59: 1 mal gym | AA59: 46 | AC59: =IF(C59=C58,(F59-F58)*24,"") -> 12.355833 | AE59: =INDEX(Parameter!$C$3:$C$8,H59) -> 66 | AF59: =IF(AND(N59="ganz",INDEX(Parameter!$D$3:$D$8,H59)<>""),Q59*INDEX(Parameter!$D$3:$D$8,H59),"") -> 112.13333 | AG59: =IF(AND(N59="ganz",INDEX(Parameter!$D$3:$D$8,H59)<>""),Q59*(INDEX(Parameter!$D$3:$D$8,H59)+INDEX(Parameter!$F$3:$F$8,H59)),"") -> 147.66667 | AH59: =IF(AND(N59="ganz",COUNTIFS($C$2:C59,C59,$H$2:H59,H59,$N$2:N59,"ganz")<=2),1,0) -> 1 | AI59: =IF(AND(N59="ganz",COUNTIFS($C$2:C59,C59,$J$2:J59,J59,$N$2:N59,"ganz")=1),1,0) -> 1 | AJ59: =IF(AND(O59="ja",COUNTIFS($C$2:C59,C59,$H$2:H59,H59,$O$2:O59,"ja")<=2),1,0) -> 1 | AK59: =IF(AND(O59="ja",COUNTIFS($C$2:C59,C59,$J$2:J59,J59,$O$2:O59,"ja")=1),1,0) -> 1
A60: 159 | B60: BW-10 | C60: BW-10 | E60: B | F60: 46244.609 | G60: Mo | H60: 4 | I60: 4 | J60: 8 | K60: 4 | L60: 2 | M60: 7 | N60: ganz | O60: ja | P60: 1 | Q60: 5 | R60: Hartplatz/Asphalt | S60: nein | T60: nein | U60: ja | Z60: Gym | AA60: 35 | AC60: =IF(C60=C59,(F60-F59)*24,"") -> 191.14139 | AE60: =INDEX(Parameter!$C$3:$C$8,H60) -> 96 | AF60: =IF(AND(N60="ganz",INDEX(Parameter!$D$3:$D$8,H60)<>""),Q60*INDEX(Parameter!$D$3:$D$8,H60),"") -> 129.58333 | AG60: =IF(AND(N60="ganz",INDEX(Parameter!$D$3:$D$8,H60)<>""),Q60*(INDEX(Parameter!$D$3:$D$8,H60)+INDEX(Parameter!$F$3:$F$8,H60)),"") -> 174 | AH60: =IF(AND(N60="ganz",COUNTIFS($C$2:C60,C60,$H$2:H60,H60,$N$2:N60,"ganz")<=2),1,0) -> 1 | AI60: =IF(AND(N60="ganz",COUNTIFS($C$2:C60,C60,$J$2:J60,J60,$N$2:N60,"ganz")=1),1,0) -> 1 | AJ60: =IF(AND(O60="ja",COUNTIFS($C$2:C60,C60,$H$2:H60,H60,$O$2:O60,"ja")<=2),1,0) -> 1 | AK60: =IF(AND(O60="ja",COUNTIFS($C$2:C60,C60,$J$2:J60,J60,$O$2:O60,"ja")=1),1,0) -> 1
A61: 224 | B61: BW-10 | C61: BW-10 | E61: B | F61: 46257.475 | G61: So | H61: 5 | I61: 5 | J61: 10 | K61: 5 | L61: 2 | M61: 9 | N61: ganz | O61: ja | P61: 1 | Q61: 5 | R61: Drinnen | S61: nein | T61: nein | U61: nein | AA61: 28 | AC61: =IF(C61=C60,(F61-F60)*24,"") -> 308.78778 | AE61: =INDEX(Parameter!$C$3:$C$8,H61) -> 106 | AF61: =IF(AND(N61="ganz",INDEX(Parameter!$D$3:$D$8,H61)<>""),Q61*INDEX(Parameter!$D$3:$D$8,H61),"") | AG61: =IF(AND(N61="ganz",INDEX(Parameter!$D$3:$D$8,H61)<>""),Q61*(INDEX(Parameter!$D$3:$D$8,H61)+INDEX(Parameter!$F$3:$F$8,H61)),"") | AH61: =IF(AND(N61="ganz",COUNTIFS($C$2:C61,C61,$H$2:H61,H61,$N$2:N61,"ganz")<=2),1,0) -> 1 | AI61: =IF(AND(N61="ganz",COUNTIFS($C$2:C61,C61,$J$2:J61,J61,$N$2:N61,"ganz")=1),1,0) -> 1 | AJ61: =IF(AND(O61="ja",COUNTIFS($C$2:C61,C61,$H$2:H61,H61,$O$2:O61,"ja")<=2),1,0) -> 1 | AK61: =IF(AND(O61="ja",COUNTIFS($C$2:C61,C61,$J$2:J61,J61,$O$2:O61,"ja")=1),1,0) -> 1
A62: 51 | B62: BW-11 | C62: BW-11 | E62: B | F62: 46228.633 | G62: Sa | H62: 1 | I62: 1 | J62: 1 | K62: 1 | L62: 1 | M62: 1 | N62: ganz | O62: ja | P62: 1 | Q62: 3 | R62: Rasen/Wiese | S62: ja | T62: nein | U62: ja | X62: Knie | Z62: Gym 4 mal | AA62: 58 | AC62: =IF(C62=C61,(F62-F61)*24,"") | AE62: =INDEX(Parameter!$C$3:$C$8,H62) -> 52 | AF62: =IF(AND(N62="ganz",INDEX(Parameter!$D$3:$D$8,H62)<>""),Q62*INDEX(Parameter!$D$3:$D$8,H62),"") -> 84.8 | AG62: =IF(AND(N62="ganz",INDEX(Parameter!$D$3:$D$8,H62)<>""),Q62*(INDEX(Parameter!$D$3:$D$8,H62)+INDEX(Parameter!$F$3:$F$8,H62)),"") -> 111.45 | AH62: =IF(AND(N62="ganz",COUNTIFS($C$2:C62,C62,$H$2:H62,H62,$N$2:N62,"ganz")<=2),1,0) -> 1 | AI62: =IF(AND(N62="ganz",COUNTIFS($C$2:C62,C62,$J$2:J62,J62,$N$2:N62,"ganz")=1),1,0) -> 1 | AJ62: =IF(AND(O62="ja",COUNTIFS($C$2:C62,C62,$H$2:H62,H62,$O$2:O62,"ja")<=2),1,0) -> 1 | AK62: =IF(AND(O62="ja",COUNTIFS($C$2:C62,C62,$J$2:J62,J62,$O$2:O62,"ja")=1),1,0) -> 1
A63: 110 | B63: BW-11 | C63: BW-11 | E63: B | F63: 46236.678 | G63: So | H63: 2 | I63: 2 | J63: 4 | K63: 2 | L63: 2 | M63: 3 | N63: ganz | O63: ja | P63: 1 | Q63: 4 | R63: Rasen/Wiese | S63: nein | T63: nein | U63: ja | Z63: Gym 4x woche | AA63: 54 | AC63: =IF(C63=C62,(F63-F62)*24,"") -> 193.07944 | AE63: =INDEX(Parameter!$C$3:$C$8,H63) -> 66 | AF63: =IF(AND(N63="ganz",INDEX(Parameter!$D$3:$D$8,H63)<>""),Q63*INDEX(Parameter!$D$3:$D$8,H63),"") -> 112.13333 | AG63: =IF(AND(N63="ganz",INDEX(Parameter!$D$3:$D$8,H63)<>""),Q63*(INDEX(Parameter!$D$3:$D$8,H63)+INDEX(Parameter!$F$3:$F$8,H63)),"") -> 147.66667 | AH63: =IF(AND(N63="ganz",COUNTIFS($C$2:C63,C63,$H$2:H63,H63,$N$2:N63,"ganz")<=2),1,0) -> 1 | AI63: =IF(AND(N63="ganz",COUNTIFS($C$2:C63,C63,$J$2:J63,J63,$N$2:N63,"ganz")=1),1,0) -> 1 | AJ63: =IF(AND(O63="ja",COUNTIFS($C$2:C63,C63,$H$2:H63,H63,$O$2:O63,"ja")<=2),1,0) -> 1 | AK63: =IF(AND(O63="ja",COUNTIFS($C$2:C63,C63,$J$2:J63,J63,$O$2:O63,"ja")=1),1,0) -> 1
A64: 18 | B64: HL-01 | C64: HL-01 | E64: A | F64: 46223.754 | G64: Mo | H64: 1 | I64: 1 | J64: 1 | K64: 1 | L64: 1 | M64: 1 | N64: teilweise | O64: ja | P64: 0 | Q64: 9 | R64: Rasen/Wiese | S64: nein | T64: ja | U64: nein | V64: Sprünge | Y64: 5x | AA64: 69 | AC64: =IF(C64=C63,(F64-F63)*24,"") | AE64: =INDEX(Parameter!$C$3:$C$8,H64) -> 52 | AF64: =IF(AND(N64="ganz",INDEX(Parameter!$D$3:$D$8,H64)<>""),Q64*INDEX(Parameter!$D$3:$D$8,H64),"") | AG64: =IF(AND(N64="ganz",INDEX(Parameter!$D$3:$D$8,H64)<>""),Q64*(INDEX(Parameter!$D$3:$D$8,H64)+INDEX(Parameter!$F$3:$F$8,H64)),"") | AH64: =IF(AND(N64="ganz",COUNTIFS($C$2:C64,C64,$H$2:H64,H64,$N$2:N64,"ganz")<=2),1,0) -> 0 | AI64: =IF(AND(N64="ganz",COUNTIFS($C$2:C64,C64,$J$2:J64,J64,$N$2:N64,"ganz")=1),1,0) -> 0 | AJ64: =IF(AND(O64="ja",COUNTIFS($C$2:C64,C64,$H$2:H64,H64,$O$2:O64,"ja")<=2),1,0) -> 1 | AK64: =IF(AND(O64="ja",COUNTIFS($C$2:C64,C64,$J$2:J64,J64,$O$2:O64,"ja")=1),1,0) -> 1
A65: 41 | B65: HL-01 | C65: HL-01 | E65: A | F65: 46227.409 | G65: Fr | H65: 1 | I65: 1 | J65: 1 | K65: 1 | L65: 1 | N65: gar nicht | O65: nein | P65: 0 | Q65: 0 | R65: Drinnen | S65: ja | T65: nein | U65: ja | W65: Habe die ersten beiden Übungen gemacht habe dann im Hinteren Oberschenkel mich leicht gezerrt musste deswegen abbrechen | X65: Hinter Oberschenkel | Z65: Schwimmen 1-2 | AA65: 70 | AC65: =IF(C65=C64,(F65-F64)*24,"") -> 87.728333 | AE65: =INDEX(Parameter!$C$3:$C$8,H65) -> 52 | AF65: =IF(AND(N65="ganz",INDEX(Parameter!$D$3:$D$8,H65)<>""),Q65*INDEX(Parameter!$D$3:$D$8,H65),"") | AG65: =IF(AND(N65="ganz",INDEX(Parameter!$D$3:$D$8,H65)<>""),Q65*(INDEX(Parameter!$D$3:$D$8,H65)+INDEX(Parameter!$F$3:$F$8,H65)),"") | AH65: =IF(AND(N65="ganz",COUNTIFS($C$2:C65,C65,$H$2:H65,H65,$N$2:N65,"ganz")<=2),1,0) -> 0 | AI65: =IF(AND(N65="ganz",COUNTIFS($C$2:C65,C65,$J$2:J65,J65,$N$2:N65,"ganz")=1),1,0) -> 0 | AJ65: =IF(AND(O65="ja",COUNTIFS($C$2:C65,C65,$H$2:H65,H65,$O$2:O65,"ja")<=2),1,0) -> 0 | AK65: =IF(AND(O65="ja",COUNTIFS($C$2:C65,C65,$J$2:J65,J65,$O$2:O65,"ja")=1),1,0) -> 0
A66: 62 | B66: HL-01 | C66: HL-01 | E66: A | F66: 46229.712 | G66: So | H66: 1 | I66: 1 | J66: 2 | K66: 1 | L66: 2 | M66: 2 | N66: ganz | O66: ja | P66: 1 | Q66: 2 | R66: Drinnen | S66: nein | T66: nein | U66: ja | Z66: Schwimmen und laufen (S 1-2) (L1-2) | AA66: 53 | AC66: =IF(C66=C65,(F66-F65)*24,"") -> 55.272222 | AE66: =INDEX(Parameter!$C$3:$C$8,H66) -> 52 | AF66: =IF(AND(N66="ganz",INDEX(Parameter!$D$3:$D$8,H66)<>""),Q66*INDEX(Parameter!$D$3:$D$8,H66),"") -> 56.533333 | AG66: =IF(AND(N66="ganz",INDEX(Parameter!$D$3:$D$8,H66)<>""),Q66*(INDEX(Parameter!$D$3:$D$8,H66)+INDEX(Parameter!$F$3:$F$8,H66)),"") -> 74.3 | AH66: =IF(AND(N66="ganz",COUNTIFS($C$2:C66,C66,$H$2:H66,H66,$N$2:N66,"ganz")<=2),1,0) -> 1 | AI66: =IF(AND(N66="ganz",COUNTIFS($C$2:C66,C66,$J$2:J66,J66,$N$2:N66,"ganz")=1),1,0) -> 1 | AJ66: =IF(AND(O66="ja",COUNTIFS($C$2:C66,C66,$H$2:H66,H66,$O$2:O66,"ja")<=2),1,0) -> 1 | AK66: =IF(AND(O66="ja",COUNTIFS($C$2:C66,C66,$J$2:J66,J66,$O$2:O66,"ja")=1),1,0) -> 1
A67: 87 | B67: HL-01 | C67: HL-01 | E67: A | F67: 46233.5 | G67: Do | H67: 2 | I67: 2 | J67: 3 | K67: 2 | L67: 1 | M67: 3 | N67: ganz | O67: ja | P67: 1 | Q67: 3 | R67: Drinnen | S67: nein | T67: nein | U67: ja | Z67: Laufen und schwimmen | AA67: 62 | AC67: =IF(C67=C66,(F67-F66)*24,"") -> 90.914167 | AE67: =INDEX(Parameter!$C$3:$C$8,H67) -> 66 | AF67: =IF(AND(N67="ganz",INDEX(Parameter!$D$3:$D$8,H67)<>""),Q67*INDEX(Parameter!$D$3:$D$8,H67),"") -> 84.1 | AG67: =IF(AND(N67="ganz",INDEX(Parameter!$D$3:$D$8,H67)<>""),Q67*(INDEX(Parameter!$D$3:$D$8,H67)+INDEX(Parameter!$F$3:$F$8,H67)),"") -> 110.75 | AH67: =IF(AND(N67="ganz",COUNTIFS($C$2:C67,C67,$H$2:H67,H67,$N$2:N67,"ganz")<=2),1,0) -> 1 | AI67: =IF(AND(N67="ganz",COUNTIFS($C$2:C67,C67,$J$2:J67,J67,$N$2:N67,"ganz")=1),1,0) -> 1 | AJ67: =IF(AND(O67="ja",COUNTIFS($C$2:C67,C67,$H$2:H67,H67,$O$2:O67,"ja")<=2),1,0) -> 1 | AK67: =IF(AND(O67="ja",COUNTIFS($C$2:C67,C67,$J$2:J67,J67,$O$2:O67,"ja")=1),1,0) -> 1
A68: 115 | B68: HL-01 | C68: HL-01 | E68: A | F68: 46236.83 | G68: So | H68: 2 | I68: 2 | J68: 4 | K68: 2 | L68: 2 | M68: 4 | N68: ganz | O68: ja | P68: 1 | Q68: 3 | R68: Drinnen | S68: nein | T68: nein | U68: ja | Z68: Joggen und Kraftstport | AA68: 52 | AC68: =IF(C68=C67,(F68-F67)*24,"") -> 79.926111 | AE68: =INDEX(Parameter!$C$3:$C$8,H68) -> 66 | AF68: =IF(AND(N68="ganz",INDEX(Parameter!$D$3:$D$8,H68)<>""),Q68*INDEX(Parameter!$D$3:$D$8,H68),"") -> 84.1 | AG68: =IF(AND(N68="ganz",INDEX(Parameter!$D$3:$D$8,H68)<>""),Q68*(INDEX(Parameter!$D$3:$D$8,H68)+INDEX(Parameter!$F$3:$F$8,H68)),"") -> 110.75 | AH68: =IF(AND(N68="ganz",COUNTIFS($C$2:C68,C68,$H$2:H68,H68,$N$2:N68,"ganz")<=2),1,0) -> 1 | AI68: =IF(AND(N68="ganz",COUNTIFS($C$2:C68,C68,$J$2:J68,J68,$N$2:N68,"ganz")=1),1,0) -> 1 | AJ68: =IF(AND(O68="ja",COUNTIFS($C$2:C68,C68,$H$2:H68,H68,$O$2:O68,"ja")<=2),1,0) -> 1 | AK68: =IF(AND(O68="ja",COUNTIFS($C$2:C68,C68,$J$2:J68,J68,$O$2:O68,"ja")=1),1,0) -> 1
A69: 138 | B69: HL-01 | C69: HL-01 | E69: A | F69: 46241.716 | G69: Fr | H69: 3 | I69: 3 | J69: 5 | K69: 3 | L69: 1 | M69: 5 | N69: ganz | O69: ja | P69: 1 | Q69: 3 | R69: Drinnen | S69: nein | T69: nein | U69: ja | Z69: Fußball | AA69: 41 | AC69: =IF(C69=C68,(F69-F68)*24,"") -> 117.25222 | AE69: =INDEX(Parameter!$C$3:$C$8,H69) -> 80 | AF69: =IF(AND(N69="ganz",INDEX(Parameter!$D$3:$D$8,H69)<>""),Q69*INDEX(Parameter!$D$3:$D$8,H69),"") -> 72.85 | AG69: =IF(AND(N69="ganz",INDEX(Parameter!$D$3:$D$8,H69)<>""),Q69*(INDEX(Parameter!$D$3:$D$8,H69)+INDEX(Parameter!$F$3:$F$8,H69)),"") -> 99.5 | AH69: =IF(AND(N69="ganz",COUNTIFS($C$2:C69,C69,$H$2:H69,H69,$N$2:N69,"ganz")<=2),1,0) -> 1 | AI69: =IF(AND(N69="ganz",COUNTIFS($C$2:C69,C69,$J$2:J69,J69,$N$2:N69,"ganz")=1),1,0) -> 1 | AJ69: =IF(AND(O69="ja",COUNTIFS($C$2:C69,C69,$H$2:H69,H69,$O$2:O69,"ja")<=2),1,0) -> 1 | AK69: =IF(AND(O69="ja",COUNTIFS($C$2:C69,C69,$J$2:J69,J69,$O$2:O69,"ja")=1),1,0) -> 1
A70: 149 | B70: HL-01 | C70: HL-01 | E70: A | F70: 46243.772 | G70: So | H70: 3 | I70: 3 | J70: 6 | K70: 3 | L70: 2 | M70: 6 | N70: ganz | O70: ja | P70: 1 | Q70: 3 | R70: Drinnen | S70: nein | T70: nein | U70: ja | Z70: Fußballtraining | AA70: 48 | AC70: =IF(C70=C69,(F70-F69)*24,"") -> 49.336389 | AE70: =INDEX(Parameter!$C$3:$C$8,H70) -> 80 | AF70: =IF(AND(N70="ganz",INDEX(Parameter!$D$3:$D$8,H70)<>""),Q70*INDEX(Parameter!$D$3:$D$8,H70),"") -> 72.85 | AG70: =IF(AND(N70="ganz",INDEX(Parameter!$D$3:$D$8,H70)<>""),Q70*(INDEX(Parameter!$D$3:$D$8,H70)+INDEX(Parameter!$F$3:$F$8,H70)),"") -> 99.5 | AH70: =IF(AND(N70="ganz",COUNTIFS($C$2:C70,C70,$H$2:H70,H70,$N$2:N70,"ganz")<=2),1,0) -> 1 | AI70: =IF(AND(N70="ganz",COUNTIFS($C$2:C70,C70,$J$2:J70,J70,$N$2:N70,"ganz")=1),1,0) -> 1 | AJ70: =IF(AND(O70="ja",COUNTIFS($C$2:C70,C70,$H$2:H70,H70,$O$2:O70,"ja")<=2),1,0) -> 1 | AK70: =IF(AND(O70="ja",COUNTIFS($C$2:C70,C70,$J$2:J70,J70,$O$2:O70,"ja")=1),1,0) -> 1
A71: 185 | B71: HL-01 | C71: HL-01 | E71: A | F71: 46250.565 | G71: So | H71: 4 | I71: 4 | J71: 8 | K71: 4 | L71: 2 | M71: 7 | N71: ganz | O71: ja | P71: 1 | Q71: 4 | R71: Drinnen | S71: nein | T71: nein | U71: nein | AA71: 28 | AC71: =IF(C71=C70,(F71-F70)*24,"") -> 163.03472 | AE71: =INDEX(Parameter!$C$3:$C$8,H71) -> 96 | AF71: =IF(AND(N71="ganz",INDEX(Parameter!$D$3:$D$8,H71)<>""),Q71*INDEX(Parameter!$D$3:$D$8,H71),"") -> 103.66667 | AG71: =IF(AND(N71="ganz",INDEX(Parameter!$D$3:$D$8,H71)<>""),Q71*(INDEX(Parameter!$D$3:$D$8,H71)+INDEX(Parameter!$F$3:$F$8,H71)),"") -> 139.2 | AH71: =IF(AND(N71="ganz",COUNTIFS($C$2:C71,C71,$H$2:H71,H71,$N$2:N71,"ganz")<=2),1,0) -> 1 | AI71: =IF(AND(N71="ganz",COUNTIFS($C$2:C71,C71,$J$2:J71,J71,$N$2:N71,"ganz")=1),1,0) -> 1 | AJ71: =IF(AND(O71="ja",COUNTIFS($C$2:C71,C71,$H$2:H71,H71,$O$2:O71,"ja")<=2),1,0) -> 1 | AK71: =IF(AND(O71="ja",COUNTIFS($C$2:C71,C71,$J$2:J71,J71,$O$2:O71,"ja")=1),1,0) -> 1
A72: 232 | B72: HL-01 | C72: HL-01 | E72: A | F72: 46257.887 | G72: So | H72: 5 | I72: 6 | J72: 10 | K72: 5 | L72: 2 | M72: 9 | N72: ganz | O72: ja | P72: 1 | Q72: 3 | R72: Drinnen | S72: nein | T72: nein | U72: ja | Z72: Training | AA72: 39 | AB72: ja | AC72: =IF(C72=C71,(F72-F71)*24,"") -> 175.72583 | AE72: =INDEX(Parameter!$C$3:$C$8,H72) -> 106 | AF72: =IF(AND(N72="ganz",INDEX(Parameter!$D$3:$D$8,H72)<>""),Q72*INDEX(Parameter!$D$3:$D$8,H72),"") | AG72: =IF(AND(N72="ganz",INDEX(Parameter!$D$3:$D$8,H72)<>""),Q72*(INDEX(Parameter!$D$3:$D$8,H72)+INDEX(Parameter!$F$3:$F$8,H72)),"") | AH72: =IF(AND(N72="ganz",COUNTIFS($C$2:C72,C72,$H$2:H72,H72,$N$2:N72,"ganz")<=2),1,0) -> 1 | AI72: =IF(AND(N72="ganz",COUNTIFS($C$2:C72,C72,$J$2:J72,J72,$N$2:N72,"ganz")=1),1,0) -> 1 | AJ72: =IF(AND(O72="ja",COUNTIFS($C$2:C72,C72,$H$2:H72,H72,$O$2:O72,"ja")<=2),1,0) -> 1 | AK72: =IF(AND(O72="ja",COUNTIFS($C$2:C72,C72,$J$2:J72,J72,$O$2:O72,"ja")=1),1,0) -> 1
A73: 252 | B73: HL-01 | C73: HL-01 | E73: A | F73: 46264.486 | G73: So | H73: 6 | I73: 6 | J73: 12 | K73: 6 | L73: 2 | M73: 11 | N73: ganz | O73: ja | P73: 1 | Q73: 4 | R73: Drinnen | S73: nein | T73: nein | U73: ja | Z73: Training | AA73: 35 | AC73: =IF(C73=C72,(F73-F72)*24,"") -> 158.38278 | AE73: =INDEX(Parameter!$C$3:$C$8,H73) -> 120 | AF73: =IF(AND(N73="ganz",INDEX(Parameter!$D$3:$D$8,H73)<>""),Q73*INDEX(Parameter!$D$3:$D$8,H73),"") -> 124.2 | AG73: =IF(AND(N73="ganz",INDEX(Parameter!$D$3:$D$8,H73)<>""),Q73*(INDEX(Parameter!$D$3:$D$8,H73)+INDEX(Parameter!$F$3:$F$8,H73)),"") -> 159.73333 | AH73: =IF(AND(N73="ganz",COUNTIFS($C$2:C73,C73,$H$2:H73,H73,$N$2:N73,"ganz")<=2),1,0) -> 1 | AI73: =IF(AND(N73="ganz",COUNTIFS($C$2:C73,C73,$J$2:J73,J73,$N$2:N73,"ganz")=1),1,0) -> 1 | AJ73: =IF(AND(O73="ja",COUNTIFS($C$2:C73,C73,$H$2:H73,H73,$O$2:O73,"ja")<=2),1,0) -> 1 | AK73: =IF(AND(O73="ja",COUNTIFS($C$2:C73,C73,$J$2:J73,J73,$O$2:O73,"ja")=1),1,0) -> 1
A74: 36 | B74: HL-02 | C74: HL-02 | E74: A | F74: 46226.843 | G74: Do | H74: 1 | I74: 1 | J74: 1 | K74: 1 | L74: 1 | N74: gar nicht | O74: nein | P74: 0 | Q74: 0 | R74: Anderes | S74: nein | T74: nein | U74: ja | W74: Hab denn Plan von Sven erledigt | Z74: Svens Plan erledigt und im Nachhinein noch reingeschaut in die videos | AA74: 91 | AC74: =IF(C74=C73,(F74-F73)*24,"") | AE74: =INDEX(Parameter!$C$3:$C$8,H74) -> 52 | AF74: =IF(AND(N74="ganz",INDEX(Parameter!$D$3:$D$8,H74)<>""),Q74*INDEX(Parameter!$D$3:$D$8,H74),"") | AG74: =IF(AND(N74="ganz",INDEX(Parameter!$D$3:$D$8,H74)<>""),Q74*(INDEX(Parameter!$D$3:$D$8,H74)+INDEX(Parameter!$F$3:$F$8,H74)),"") | AH74: =IF(AND(N74="ganz",COUNTIFS($C$2:C74,C74,$H$2:H74,H74,$N$2:N74,"ganz")<=2),1,0) -> 0 | AI74: =IF(AND(N74="ganz",COUNTIFS($C$2:C74,C74,$J$2:J74,J74,$N$2:N74,"ganz")=1),1,0) -> 0 | AJ74: =IF(AND(O74="ja",COUNTIFS($C$2:C74,C74,$H$2:H74,H74,$O$2:O74,"ja")<=2),1,0) -> 0 | AK74: =IF(AND(O74="ja",COUNTIFS($C$2:C74,C74,$J$2:J74,J74,$O$2:O74,"ja")=1),1,0) -> 0
A75: 56 | B75: HL-02 | C75: HL-02 | E75: A | F75: 46228.682 | G75: Sa | H75: 1 | I75: 1 | J75: 2 | K75: 1 | L75: 2 | M75: 1 | N75: ganz | O75: ja | P75: 1 | Q75: 3 | R75: Rasen/Wiese | S75: nein | T75: nein | U75: ja | Z75: Von Sven | AA75: 82 | AC75: =IF(C75=C74,(F75-F74)*24,"") -> 44.141111 | AE75: =INDEX(Parameter!$C$3:$C$8,H75) -> 52 | AF75: =IF(AND(N75="ganz",INDEX(Parameter!$D$3:$D$8,H75)<>""),Q75*INDEX(Parameter!$D$3:$D$8,H75),"") -> 84.8 | AG75: =IF(AND(N75="ganz",INDEX(Parameter!$D$3:$D$8,H75)<>""),Q75*(INDEX(Parameter!$D$3:$D$8,H75)+INDEX(Parameter!$F$3:$F$8,H75)),"") -> 111.45 | AH75: =IF(AND(N75="ganz",COUNTIFS($C$2:C75,C75,$H$2:H75,H75,$N$2:N75,"ganz")<=2),1,0) -> 1 | AI75: =IF(AND(N75="ganz",COUNTIFS($C$2:C75,C75,$J$2:J75,J75,$N$2:N75,"ganz")=1),1,0) -> 1 | AJ75: =IF(AND(O75="ja",COUNTIFS($C$2:C75,C75,$H$2:H75,H75,$O$2:O75,"ja")<=2),1,0) -> 1 | AK75: =IF(AND(O75="ja",COUNTIFS($C$2:C75,C75,$J$2:J75,J75,$O$2:O75,"ja")=1),1,0) -> 1
A76: 94 | B76: HL-02 | C76: HL-02 | E76: A | F76: 46235.761 | G76: Sa | H76: 2 | I76: 2 | J76: 3 | K76: 2 | L76: 1 | M76: 3 | N76: ganz | O76: ja | P76: 1 | Q76: 3 | R76: Rasen/Wiese | S76: nein | T76: nein | U76: ja | Z76: Von sven | AA76: 44 | AC76: =IF(C76=C75,(F76-F75)*24,"") -> 169.89417 | AE76: =INDEX(Parameter!$C$3:$C$8,H76) -> 66 | AF76: =IF(AND(N76="ganz",INDEX(Parameter!$D$3:$D$8,H76)<>""),Q76*INDEX(Parameter!$D$3:$D$8,H76),"") -> 84.1 | AG76: =IF(AND(N76="ganz",INDEX(Parameter!$D$3:$D$8,H76)<>""),Q76*(INDEX(Parameter!$D$3:$D$8,H76)+INDEX(Parameter!$F$3:$F$8,H76)),"") -> 110.75 | AH76: =IF(AND(N76="ganz",COUNTIFS($C$2:C76,C76,$H$2:H76,H76,$N$2:N76,"ganz")<=2),1,0) -> 1 | AI76: =IF(AND(N76="ganz",COUNTIFS($C$2:C76,C76,$J$2:J76,J76,$N$2:N76,"ganz")=1),1,0) -> 1 | AJ76: =IF(AND(O76="ja",COUNTIFS($C$2:C76,C76,$H$2:H76,H76,$O$2:O76,"ja")<=2),1,0) -> 1 | AK76: =IF(AND(O76="ja",COUNTIFS($C$2:C76,C76,$J$2:J76,J76,$O$2:O76,"ja")=1),1,0) -> 1
A77: 114 | B77: HL-02 | C77: HL-02 | E77: A | F77: 46236.759 | G77: So | H77: 2 | I77: 2 | J77: 4 | K77: 2 | L77: 2 | M77: 4 | N77: ganz | O77: ja | P77: 1 | Q77: 3 | R77: Hartplatz/Asphalt | S77: nein | T77: nein | U77: nein | AA77: 37 | AC77: =IF(C77=C76,(F77-F76)*24,"") -> 23.958889 | AE77: =INDEX(Parameter!$C$3:$C$8,H77) -> 66 | AF77: =IF(AND(N77="ganz",INDEX(Parameter!$D$3:$D$8,H77)<>""),Q77*INDEX(Parameter!$D$3:$D$8,H77),"") -> 84.1 | AG77: =IF(AND(N77="ganz",INDEX(Parameter!$D$3:$D$8,H77)<>""),Q77*(INDEX(Parameter!$D$3:$D$8,H77)+INDEX(Parameter!$F$3:$F$8,H77)),"") -> 110.75 | AH77: =IF(AND(N77="ganz",COUNTIFS($C$2:C77,C77,$H$2:H77,H77,$N$2:N77,"ganz")<=2),1,0) -> 1 | AI77: =IF(AND(N77="ganz",COUNTIFS($C$2:C77,C77,$J$2:J77,J77,$N$2:N77,"ganz")=1),1,0) -> 1 | AJ77: =IF(AND(O77="ja",COUNTIFS($C$2:C77,C77,$H$2:H77,H77,$O$2:O77,"ja")<=2),1,0) -> 1 | AK77: =IF(AND(O77="ja",COUNTIFS($C$2:C77,C77,$J$2:J77,J77,$O$2:O77,"ja")=1),1,0) -> 1
A78: 151 | B78: HL-02 | C78: HL-02 | E78: A | F78: 46243.776 | G78: So | H78: 3 | I78: 3 | J78: 5 | K78: 3 | L78: 1 | M78: 5 | N78: ganz | O78: ja | P78: 1 | Q78: 3 | R78: Rasen/Wiese | S78: nein | T78: nein | U78: nein | AA78: 34 | AC78: =IF(C78=C77,(F78-F77)*24,"") -> 168.39611 | AE78: =INDEX(Parameter!$C$3:$C$8,H78) -> 80 | AF78: =IF(AND(N78="ganz",INDEX(Parameter!$D$3:$D$8,H78)<>""),Q78*INDEX(Parameter!$D$3:$D$8,H78),"") -> 72.85 | AG78: =IF(AND(N78="ganz",INDEX(Parameter!$D$3:$D$8,H78)<>""),Q78*(INDEX(Parameter!$D$3:$D$8,H78)+INDEX(Parameter!$F$3:$F$8,H78)),"") -> 99.5 | AH78: =IF(AND(N78="ganz",COUNTIFS($C$2:C78,C78,$H$2:H78,H78,$N$2:N78,"ganz")<=2),1,0) -> 1 | AI78: =IF(AND(N78="ganz",COUNTIFS($C$2:C78,C78,$J$2:J78,J78,$N$2:N78,"ganz")=1),1,0) -> 1 | AJ78: =IF(AND(O78="ja",COUNTIFS($C$2:C78,C78,$H$2:H78,H78,$O$2:O78,"ja")<=2),1,0) -> 1 | AK78: =IF(AND(O78="ja",COUNTIFS($C$2:C78,C78,$J$2:J78,J78,$O$2:O78,"ja")=1),1,0) -> 1
A79: 194 | B79: HL-02 | C79: HL-02 | E79: A | F79: 46250.812 | G79: So | H79: 4 | I79: 4 | J79: 9 | K79: 5 | L79: 1 | M79: 7 | N79: ganz | O79: ja | P79: 1 | Q79: 4 | R79: Kunstrasen | S79: nein | T79: nein | U79: nein | AA79: 34 | AC79: =IF(C79=C78,(F79-F78)*24,"") -> 168.86917 | AE79: =INDEX(Parameter!$C$3:$C$8,H79) -> 96 | AF79: =IF(AND(N79="ganz",INDEX(Parameter!$D$3:$D$8,H79)<>""),Q79*INDEX(Parameter!$D$3:$D$8,H79),"") -> 103.66667 | AG79: =IF(AND(N79="ganz",INDEX(Parameter!$D$3:$D$8,H79)<>""),Q79*(INDEX(Parameter!$D$3:$D$8,H79)+INDEX(Parameter!$F$3:$F$8,H79)),"") -> 139.2 | AH79: =IF(AND(N79="ganz",COUNTIFS($C$2:C79,C79,$H$2:H79,H79,$N$2:N79,"ganz")<=2),1,0) -> 1 | AI79: =IF(AND(N79="ganz",COUNTIFS($C$2:C79,C79,$J$2:J79,J79,$N$2:N79,"ganz")=1),1,0) -> 1 | AJ79: =IF(AND(O79="ja",COUNTIFS($C$2:C79,C79,$H$2:H79,H79,$O$2:O79,"ja")<=2),1,0) -> 1 | AK79: =IF(AND(O79="ja",COUNTIFS($C$2:C79,C79,$J$2:J79,J79,$O$2:O79,"ja")=1),1,0) -> 1
A80: 201 | B80: HL-02 | C80: HL-02 | E80: A | F80: 46251.808 | G80: Mo | H80: 5 | I80: 5 | J80: 9 | K80: 5 | L80: 1 | M80: 9 | N80: ganz | O80: ja | P80: 1 | Q80: 4 | R80: Rasen/Wiese | S80: nein | T80: nein | U80: nein | AA80: 29 | AC80: =IF(C80=C79,(F80-F79)*24,"") -> 23.913889 | AE80: =INDEX(Parameter!$C$3:$C$8,H80) -> 106 | AF80: =IF(AND(N80="ganz",INDEX(Parameter!$D$3:$D$8,H80)<>""),Q80*INDEX(Parameter!$D$3:$D$8,H80),"") | AG80: =IF(AND(N80="ganz",INDEX(Parameter!$D$3:$D$8,H80)<>""),Q80*(INDEX(Parameter!$D$3:$D$8,H80)+INDEX(Parameter!$F$3:$F$8,H80)),"") | AH80: =IF(AND(N80="ganz",COUNTIFS($C$2:C80,C80,$H$2:H80,H80,$N$2:N80,"ganz")<=2),1,0) -> 1 | AI80: =IF(AND(N80="ganz",COUNTIFS($C$2:C80,C80,$J$2:J80,J80,$N$2:N80,"ganz")=1),1,0) -> 0 | AJ80: =IF(AND(O80="ja",COUNTIFS($C$2:C80,C80,$H$2:H80,H80,$O$2:O80,"ja")<=2),1,0) -> 1 | AK80: =IF(AND(O80="ja",COUNTIFS($C$2:C80,C80,$J$2:J80,J80,$O$2:O80,"ja")=1),1,0) -> 0
A81: 214 | B81: HL-02 | C81: HL-02 | E81: A | F81: 46255.636 | G81: Fr | H81: 5 | I81: 5 | J81: 10 | K81: 5 | L81: 2 | M81: 10 | N81: ganz | O81: ja | P81: 1 | Q81: 4 | R81: Drinnen | S81: nein | T81: nein | U81: nein | AA81: 32 | AC81: =IF(C81=C80,(F81-F80)*24,"") -> 91.8625 | AE81: =INDEX(Parameter!$C$3:$C$8,H81) -> 106 | AF81: =IF(AND(N81="ganz",INDEX(Parameter!$D$3:$D$8,H81)<>""),Q81*INDEX(Parameter!$D$3:$D$8,H81),"") | AG81: =IF(AND(N81="ganz",INDEX(Parameter!$D$3:$D$8,H81)<>""),Q81*(INDEX(Parameter!$D$3:$D$8,H81)+INDEX(Parameter!$F$3:$F$8,H81)),"") | AH81: =IF(AND(N81="ganz",COUNTIFS($C$2:C81,C81,$H$2:H81,H81,$N$2:N81,"ganz")<=2),1,0) -> 1 | AI81: =IF(AND(N81="ganz",COUNTIFS($C$2:C81,C81,$J$2:J81,J81,$N$2:N81,"ganz")=1),1,0) -> 1 | AJ81: =IF(AND(O81="ja",COUNTIFS($C$2:C81,C81,$H$2:H81,H81,$O$2:O81,"ja")<=2),1,0) -> 1 | AK81: =IF(AND(O81="ja",COUNTIFS($C$2:C81,C81,$J$2:J81,J81,$O$2:O81,"ja")=1),1,0) -> 1
A82: 255 | B82: HL-02 | C82: HL-02 | E82: A | F82: 46264.506 | G82: So | H82: 6 | I82: 6 | J82: 11 | K82: 6 | L82: 1 | M82: 11 | N82: ganz | O82: ja | P82: 1 | Q82: 4 | R82: Kunstrasen | S82: nein | T82: nein | U82: nein | AA82: 27 | AC82: =IF(C82=C81,(F82-F81)*24,"") -> 212.89472 | AE82: =INDEX(Parameter!$C$3:$C$8,H82) -> 120 | AF82: =IF(AND(N82="ganz",INDEX(Parameter!$D$3:$D$8,H82)<>""),Q82*INDEX(Parameter!$D$3:$D$8,H82),"") -> 124.2 | AG82: =IF(AND(N82="ganz",INDEX(Parameter!$D$3:$D$8,H82)<>""),Q82*(INDEX(Parameter!$D$3:$D$8,H82)+INDEX(Parameter!$F$3:$F$8,H82)),"") -> 159.73333 | AH82: =IF(AND(N82="ganz",COUNTIFS($C$2:C82,C82,$H$2:H82,H82,$N$2:N82,"ganz")<=2),1,0) -> 1 | AI82: =IF(AND(N82="ganz",COUNTIFS($C$2:C82,C82,$J$2:J82,J82,$N$2:N82,"ganz")=1),1,0) -> 1 | AJ82: =IF(AND(O82="ja",COUNTIFS($C$2:C82,C82,$H$2:H82,H82,$O$2:O82,"ja")<=2),1,0) -> 1 | AK82: =IF(AND(O82="ja",COUNTIFS($C$2:C82,C82,$J$2:J82,J82,$O$2:O82,"ja")=1),1,0) -> 1
A83: 26 | B83: HL-03 | C83: HL-03 | E83: A | F83: 46224.821 | G83: Di | H83: 1 | I83: 1 | J83: 1 | K83: 1 | L83: 1 | M83: 1 | N83: ganz | O83: ja | P83: 1 | Q83: 4 | R83: Drinnen | S83: ja | T83: nein | U83: nein | X83: In den Knien | AA83: 60 | AC83: =IF(C83=C82,(F83-F82)*24,"") | AE83: =INDEX(Parameter!$C$3:$C$8,H83) -> 52 | AF83: =IF(AND(N83="ganz",INDEX(Parameter!$D$3:$D$8,H83)<>""),Q83*INDEX(Parameter!$D$3:$D$8,H83),"") -> 113.06667 | AG83: =IF(AND(N83="ganz",INDEX(Parameter!$D$3:$D$8,H83)<>""),Q83*(INDEX(Parameter!$D$3:$D$8,H83)+INDEX(Parameter!$F$3:$F$8,H83)),"") -> 148.6 | AH83: =IF(AND(N83="ganz",COUNTIFS($C$2:C83,C83,$H$2:H83,H83,$N$2:N83,"ganz")<=2),1,0) -> 1 | AI83: =IF(AND(N83="ganz",COUNTIFS($C$2:C83,C83,$J$2:J83,J83,$N$2:N83,"ganz")=1),1,0) -> 1 | AJ83: =IF(AND(O83="ja",COUNTIFS($C$2:C83,C83,$H$2:H83,H83,$O$2:O83,"ja")<=2),1,0) -> 1 | AK83: =IF(AND(O83="ja",COUNTIFS($C$2:C83,C83,$J$2:J83,J83,$O$2:O83,"ja")=1),1,0) -> 1
A84: 63 | B84: HL-03 | C84: HL-03 | E84: A | F84: 46229.737 | G84: So | H84: 1 | I84: 1 | J84: 1 | K84: 1 | L84: 1 | M84: 2 | N84: ganz | O84: ja | P84: 1 | Q84: 3 | R84: Drinnen | S84: nein | T84: nein | U84: ja | Z84: Laufen gegangen 3 mal und Fußball gespielt 2 mal. | AA84: 68 | AC84: =IF(C84=C83,(F84-F83)*24,"") -> 117.98778 | AE84: =INDEX(Parameter!$C$3:$C$8,H84) -> 52 | AF84: =IF(AND(N84="ganz",INDEX(Parameter!$D$3:$D$8,H84)<>""),Q84*INDEX(Parameter!$D$3:$D$8,H84),"") -> 84.8 | AG84: =IF(AND(N84="ganz",INDEX(Parameter!$D$3:$D$8,H84)<>""),Q84*(INDEX(Parameter!$D$3:$D$8,H84)+INDEX(Parameter!$F$3:$F$8,H84)),"") -> 111.45 | AH84: =IF(AND(N84="ganz",COUNTIFS($C$2:C84,C84,$H$2:H84,H84,$N$2:N84,"ganz")<=2),1,0) -> 1 | AI84: =IF(AND(N84="ganz",COUNTIFS($C$2:C84,C84,$J$2:J84,J84,$N$2:N84,"ganz")=1),1,0) -> 0 | AJ84: =IF(AND(O84="ja",COUNTIFS($C$2:C84,C84,$H$2:H84,H84,$O$2:O84,"ja")<=2),1,0) -> 1 | AK84: =IF(AND(O84="ja",COUNTIFS($C$2:C84,C84,$J$2:J84,J84,$O$2:O84,"ja")=1),1,0) -> 0
A85: 79 | B85: HL-03 | C85: HL-03 | E85: A | F85: 46231.827 | G85: Di | H85: 2 | I85: 2 | J85: 3 | K85: 2 | L85: 1 | M85: 3 | N85: ganz | O85: ja | P85: 1 | Q85: 4 | R85: Drinnen | S85: nein | T85: ja | U85: ja | Y85: 5-6 mal | Z85: Fußball gespielt und laufen gegangen 2 mal | AA85: 54 | AC85: =IF(C85=C84,(F85-F84)*24,"") -> 50.170278 | AE85: =INDEX(Parameter!$C$3:$C$8,H85) -> 66 | AF85: =IF(AND(N85="ganz",INDEX(Parameter!$D$3:$D$8,H85)<>""),Q85*INDEX(Parameter!$D$3:$D$8,H85),"") -> 112.13333 | AG85: =IF(AND(N85="ganz",INDEX(Parameter!$D$3:$D$8,H85)<>""),Q85*(INDEX(Parameter!$D$3:$D$8,H85)+INDEX(Parameter!$F$3:$F$8,H85)),"") -> 147.66667 | AH85: =IF(AND(N85="ganz",COUNTIFS($C$2:C85,C85,$H$2:H85,H85,$N$2:N85,"ganz")<=2),1,0) -> 1 | AI85: =IF(AND(N85="ganz",COUNTIFS($C$2:C85,C85,$J$2:J85,J85,$N$2:N85,"ganz")=1),1,0) -> 1 | AJ85: =IF(AND(O85="ja",COUNTIFS($C$2:C85,C85,$H$2:H85,H85,$O$2:O85,"ja")<=2),1,0) -> 1 | AK85: =IF(AND(O85="ja",COUNTIFS($C$2:C85,C85,$J$2:J85,J85,$O$2:O85,"ja")=1),1,0) -> 1
A86: 107 | B86: HL-03 | C86: HL-03 | E86: A | F86: 46236.599 | G86: So | H86: 2 | I86: 2 | J86: 3 | K86: 2 | L86: 1 | M86: 4 | N86: ganz | O86: ja | P86: 1 | Q86: 2 | R86: Drinnen | S86: nein | T86: ja | U86: nein | Y86: 2 mal | AA86: 42 | AC86: =IF(C86=C85,(F86-F85)*24,"") -> 114.51667 | AE86: =INDEX(Parameter!$C$3:$C$8,H86) -> 66 | AF86: =IF(AND(N86="ganz",INDEX(Parameter!$D$3:$D$8,H86)<>""),Q86*INDEX(Parameter!$D$3:$D$8,H86),"") -> 56.066667 | AG86: =IF(AND(N86="ganz",INDEX(Parameter!$D$3:$D$8,H86)<>""),Q86*(INDEX(Parameter!$D$3:$D$8,H86)+INDEX(Parameter!$F$3:$F$8,H86)),"") -> 73.833333 | AH86: =IF(AND(N86="ganz",COUNTIFS($C$2:C86,C86,$H$2:H86,H86,$N$2:N86,"ganz")<=2),1,0) -> 1 | AI86: =IF(AND(N86="ganz",COUNTIFS($C$2:C86,C86,$J$2:J86,J86,$N$2:N86,"ganz")=1),1,0) -> 0 | AJ86: =IF(AND(O86="ja",COUNTIFS($C$2:C86,C86,$H$2:H86,H86,$O$2:O86,"ja")<=2),1,0) -> 1 | AK86: =IF(AND(O86="ja",COUNTIFS($C$2:C86,C86,$J$2:J86,J86,$O$2:O86,"ja")=1),1,0) -> 0
A87: 153 | B87: HL-03 | C87: HL-03 | E87: A | F87: 46243.861 | G87: So | H87: 3 | I87: 4 | J87: 5 | K87: 3 | L87: 1 | M87: 5 | N87: ganz | O87: ja | P87: 1 | Q87: 3 | R87: Rasen/Wiese | S87: nein | T87: nein | U87: nein | AA87: 36 | AB87: ja | AC87: =IF(C87=C86,(F87-F86)*24,"") -> 174.29306 | AD87: Sammelmeldung (Paar mit CASE 154, Δ 1 min) | AE87: =INDEX(Parameter!$C$3:$C$8,H87) -> 80 | AF87: =IF(AND(N87="ganz",INDEX(Parameter!$D$3:$D$8,H87)<>""),Q87*INDEX(Parameter!$D$3:$D$8,H87),"") -> 72.85 | AG87: =IF(AND(N87="ganz",INDEX(Parameter!$D$3:$D$8,H87)<>""),Q87*(INDEX(Parameter!$D$3:$D$8,H87)+INDEX(Parameter!$F$3:$F$8,H87)),"") -> 99.5 | AH87: =IF(AND(N87="ganz",COUNTIFS($C$2:C87,C87,$H$2:H87,H87,$N$2:N87,"ganz")<=2),1,0) -> 1 | AI87: =IF(AND(N87="ganz",COUNTIFS($C$2:C87,C87,$J$2:J87,J87,$N$2:N87,"ganz")=1),1,0) -> 1 | AJ87: =IF(AND(O87="ja",COUNTIFS($C$2:C87,C87,$H$2:H87,H87,$O$2:O87,"ja")<=2),1,0) -> 1 | AK87: =IF(AND(O87="ja",COUNTIFS($C$2:C87,C87,$J$2:J87,J87,$O$2:O87,"ja")=1),1,0) -> 1
A88: 154 | B88: HL-03 | C88: HL-03 | E88: A | F88: 46243.862 | G88: So | H88: 3 | I88: 4 | J88: 5 | K88: 3 | L88: 1 | N88: gar nicht | O88: nein | P88: 0 | Q88: 0 | R88: Anderes | S88: nein | T88: nein | U88: nein | W88: war auf dem Weg in den Urlaub | AA88: 28 | AB88: ja | AC88: =IF(C88=C87,(F88-F87)*24,"") -> 0.017222222 | AD88: Sammelmeldung (Paar mit CASE 153, Δ 1 min) | AE88: =INDEX(Parameter!$C$3:$C$8,H88) -> 80 | AF88: =IF(AND(N88="ganz",INDEX(Parameter!$D$3:$D$8,H88)<>""),Q88*INDEX(Parameter!$D$3:$D$8,H88),"") | AG88: =IF(AND(N88="ganz",INDEX(Parameter!$D$3:$D$8,H88)<>""),Q88*(INDEX(Parameter!$D$3:$D$8,H88)+INDEX(Parameter!$F$3:$F$8,H88)),"") | AH88: =IF(AND(N88="ganz",COUNTIFS($C$2:C88,C88,$H$2:H88,H88,$N$2:N88,"ganz")<=2),1,0) -> 0 | AI88: =IF(AND(N88="ganz",COUNTIFS($C$2:C88,C88,$J$2:J88,J88,$N$2:N88,"ganz")=1),1,0) -> 0 | AJ88: =IF(AND(O88="ja",COUNTIFS($C$2:C88,C88,$H$2:H88,H88,$O$2:O88,"ja")<=2),1,0) -> 0 | AK88: =IF(AND(O88="ja",COUNTIFS($C$2:C88,C88,$J$2:J88,J88,$O$2:O88,"ja")=1),1,0) -> 0
A89: 182 | B89: HL-03 | C89: HL-03 | E89: A | F89: 46249.923 | G89: Sa | H89: 4 | I89: 4 | J89: 5 | K89: 3 | L89: 1 | M89: 7 | N89: ganz | O89: ja | P89: 1 | Q89: 4 | R89: Rasen/Wiese | S89: nein | T89: ja | U89: ja | Y89: 5-6 mal | Z89: Fußballgespielt/ 3 mal | AA89: 55 | AC89: =IF(C89=C88,(F89-F88)*24,"") -> 145.46444 | AE89: =INDEX(Parameter!$C$3:$C$8,H89) -> 96 | AF89: =IF(AND(N89="ganz",INDEX(Parameter!$D$3:$D$8,H89)<>""),Q89*INDEX(Parameter!$D$3:$D$8,H89),"") -> 103.66667 | AG89: =IF(AND(N89="ganz",INDEX(Parameter!$D$3:$D$8,H89)<>""),Q89*(INDEX(Parameter!$D$3:$D$8,H89)+INDEX(Parameter!$F$3:$F$8,H89)),"") -> 139.2 | AH89: =IF(AND(N89="ganz",COUNTIFS($C$2:C89,C89,$H$2:H89,H89,$N$2:N89,"ganz")<=2),1,0) -> 1 | AI89: =IF(AND(N89="ganz",COUNTIFS($C$2:C89,C89,$J$2:J89,J89,$N$2:N89,"ganz")=1),1,0) -> 0 | AJ89: =IF(AND(O89="ja",COUNTIFS($C$2:C89,C89,$H$2:H89,H89,$O$2:O89,"ja")<=2),1,0) -> 1 | AK89: =IF(AND(O89="ja",COUNTIFS($C$2:C89,C89,$J$2:J89,J89,$O$2:O89,"ja")=1),1,0) -> 0
A90: 195 | B90: HL-03 | C90: HL-03 | E90: A | F90: 46250.823 | G90: So | H90: 4 | I90: 4 | J90: 7 | K90: 4 | L90: 1 | M90: 8 | N90: ganz | O90: ja | P90: 1 | Q90: 3 | R90: Rasen/Wiese | S90: nein | T90: ja | U90: nein | Y90: 5 mal | AA90: 28 | AC90: =IF(C90=C89,(F90-F89)*24,"") -> 21.611389 | AE90: =INDEX(Parameter!$C$3:$C$8,H90) -> 96 | AF90: =IF(AND(N90="ganz",INDEX(Parameter!$D$3:$D$8,H90)<>""),Q90*INDEX(Parameter!$D$3:$D$8,H90),"") -> 77.75 | AG90: =IF(AND(N90="ganz",INDEX(Parameter!$D$3:$D$8,H90)<>""),Q90*(INDEX(Parameter!$D$3:$D$8,H90)+INDEX(Parameter!$F$3:$F$8,H90)),"") -> 104.4 | AH90: =IF(AND(N90="ganz",COUNTIFS($C$2:C90,C90,$H$2:H90,H90,$N$2:N90,"ganz")<=2),1,0) -> 1 | AI90: =IF(AND(N90="ganz",COUNTIFS($C$2:C90,C90,$J$2:J90,J90,$N$2:N90,"ganz")=1),1,0) -> 1 | AJ90: =IF(AND(O90="ja",COUNTIFS($C$2:C90,C90,$H$2:H90,H90,$O$2:O90,"ja")<=2),1,0) -> 1 | AK90: =IF(AND(O90="ja",COUNTIFS($C$2:C90,C90,$J$2:J90,J90,$O$2:O90,"ja")=1),1,0) -> 1
A91: 204 | B91: HL-03 | C91: HL-03 | E91: A | F91: 46252.342 | G91: Di | H91: 5 | I91: 5 | J91: 9 | K91: 5 | L91: 1 | M91: 9 | N91: ganz | O91: ja | P91: 1 | Q91: 4 | R91: Rasen/Wiese | S91: nein | T91: ja | U91: ja | Y91: 5 mal | Z91: Ganzkörper Training 1 mal | AA91: 54 | AC91: =IF(C91=C90,(F91-F90)*24,"") -> 36.455556 | AE91: =INDEX(Parameter!$C$3:$C$8,H91) -> 106 | AF91: =IF(AND(N91="ganz",INDEX(Parameter!$D$3:$D$8,H91)<>""),Q91*INDEX(Parameter!$D$3:$D$8,H91),"") | AG91: =IF(AND(N91="ganz",INDEX(Parameter!$D$3:$D$8,H91)<>""),Q91*(INDEX(Parameter!$D$3:$D$8,H91)+INDEX(Parameter!$F$3:$F$8,H91)),"") | AH91: =IF(AND(N91="ganz",COUNTIFS($C$2:C91,C91,$H$2:H91,H91,$N$2:N91,"ganz")<=2),1,0) -> 1 | AI91: =IF(AND(N91="ganz",COUNTIFS($C$2:C91,C91,$J$2:J91,J91,$N$2:N91,"ganz")=1),1,0) -> 1 | AJ91: =IF(AND(O91="ja",COUNTIFS($C$2:C91,C91,$H$2:H91,H91,$O$2:O91,"ja")<=2),1,0) -> 1 | AK91: =IF(AND(O91="ja",COUNTIFS($C$2:C91,C91,$J$2:J91,J91,$O$2:O91,"ja")=1),1,0) -> 1
A92: 228 | B92: HL-03 | C92: HL-03 | E92: A | F92: 46257.878 | G92: So | H92: 5 | I92: 6 | J92: 9 | K92: 5 | L92: 1 | M92: 10 | N92: ganz | O92: ja | P92: 1 | Q92: 4 | R92: Drinnen | S92: nein | T92: nein | U92: ja | Z92: Einmal Spiel gehabt | AA92: 37 | AB92: ja | AC92: =IF(C92=C91,(F92-F91)*24,"") -> 132.84972 | AE92: =INDEX(Parameter!$C$3:$C$8,H92) -> 106 | AF92: =IF(AND(N92="ganz",INDEX(Parameter!$D$3:$D$8,H92)<>""),Q92*INDEX(Parameter!$D$3:$D$8,H92),"") | AG92: =IF(AND(N92="ganz",INDEX(Parameter!$D$3:$D$8,H92)<>""),Q92*(INDEX(Parameter!$D$3:$D$8,H92)+INDEX(Parameter!$F$3:$F$8,H92)),"") | AH92: =IF(AND(N92="ganz",COUNTIFS($C$2:C92,C92,$H$2:H92,H92,$N$2:N92,"ganz")<=2),1,0) -> 1 | AI92: =IF(AND(N92="ganz",COUNTIFS($C$2:C92,C92,$J$2:J92,J92,$N$2:N92,"ganz")=1),1,0) -> 0 | AJ92: =IF(AND(O92="ja",COUNTIFS($C$2:C92,C92,$H$2:H92,H92,$O$2:O92,"ja")<=2),1,0) -> 1 | AK92: =IF(AND(O92="ja",COUNTIFS($C$2:C92,C92,$J$2:J92,J92,$O$2:O92,"ja")=1),1,0) -> 0
A93: 253 | B93: HL-03 | C93: HL-03 | E93: A | F93: 46264.486 | G93: So | H93: 6 | I93: 6 | J93: 11 | K93: 6 | L93: 1 | N93: gar nicht | O93: nein | P93: 0 | Q93: 0 | R93: Anderes | S93: nein | T93: nein | U93: ja | W93: Wegen dem Trainingslager | Z93: Im Trainingslager trainiert | AA93: 40 | AC93: =IF(C93=C92,(F93-F92)*24,"") -> 158.59889 | AE93: =INDEX(Parameter!$C$3:$C$8,H93) -> 120 | AF93: =IF(AND(N93="ganz",INDEX(Parameter!$D$3:$D$8,H93)<>""),Q93*INDEX(Parameter!$D$3:$D$8,H93),"") | AG93: =IF(AND(N93="ganz",INDEX(Parameter!$D$3:$D$8,H93)<>""),Q93*(INDEX(Parameter!$D$3:$D$8,H93)+INDEX(Parameter!$F$3:$F$8,H93)),"") | AH93: =IF(AND(N93="ganz",COUNTIFS($C$2:C93,C93,$H$2:H93,H93,$N$2:N93,"ganz")<=2),1,0) -> 0 | AI93: =IF(AND(N93="ganz",COUNTIFS($C$2:C93,C93,$J$2:J93,J93,$N$2:N93,"ganz")=1),1,0) -> 0 | AJ93: =IF(AND(O93="ja",COUNTIFS($C$2:C93,C93,$H$2:H93,H93,$O$2:O93,"ja")<=2),1,0) -> 0 | AK93: =IF(AND(O93="ja",COUNTIFS($C$2:C93,C93,$J$2:J93,J93,$O$2:O93,"ja")=1),1,0) -> 0
A94: 254 | B94: HL-03 | C94: HL-03 | E94: A | F94: 46264.487 | G94: So | H94: 6 | I94: 6 | J94: 11 | K94: 6 | L94: 1 | N94: gar nicht | O94: nein | P94: 0 | Q94: 0 | R94: Anderes | S94: nein | T94: nein | U94: ja | W94: Wegen dem Trainingslager | Z94: Trainiert im Trainingslager | AA94: 33 | AC94: =IF(C94=C93,(F94-F93)*24,"") -> 0.013611111 | AD94: Dublette (kodierter Inhalt identisch mit CASE 253, Δ 1 min) | AE94: =INDEX(Parameter!$C$3:$C$8,H94) -> 120 | AF94: =IF(AND(N94="ganz",INDEX(Parameter!$D$3:$D$8,H94)<>""),Q94*INDEX(Parameter!$D$3:$D$8,H94),"") | AG94: =IF(AND(N94="ganz",INDEX(Parameter!$D$3:$D$8,H94)<>""),Q94*(INDEX(Parameter!$D$3:$D$8,H94)+INDEX(Parameter!$F$3:$F$8,H94)),"") | AH94: =IF(AND(N94="ganz",COUNTIFS($C$2:C94,C94,$H$2:H94,H94,$N$2:N94,"ganz")<=2),1,0) -> 0 | AI94: =IF(AND(N94="ganz",COUNTIFS($C$2:C94,C94,$J$2:J94,J94,$N$2:N94,"ganz")=1),1,0) -> 0 | AJ94: =IF(AND(O94="ja",COUNTIFS($C$2:C94,C94,$H$2:H94,H94,$O$2:O94,"ja")<=2),1,0) -> 0 | AK94: =IF(AND(O94="ja",COUNTIFS($C$2:C94,C94,$J$2:J94,J94,$O$2:O94,"ja")=1),1,0) -> 0
A95: 38 | B95: HL-06 | C95: HL-06 | E95: A | F95: 46226.846 | G95: Do | H95: 1 | I95: 1 | J95: 1 | K95: 1 | L95: 1 | N95: gar nicht | O95: nein | P95: 0 | Q95: 0 | R95: Anderes | S95: nein | T95: nein | U95: ja | W95: Hatte diese Woche Athletik Training und zwei Einheiten am Tag war zu antreffend um zu trainieren | Z95: 2mal täglich | AA95: 60 | AC95: =IF(C95=C94,(F95-F94)*24,"") | AE95: =INDEX(Parameter!$C$3:$C$8,H95) -> 52 | AF95: =IF(AND(N95="ganz",INDEX(Parameter!$D$3:$D$8,H95)<>""),Q95*INDEX(Parameter!$D$3:$D$8,H95),"") | AG95: =IF(AND(N95="ganz",INDEX(Parameter!$D$3:$D$8,H95)<>""),Q95*(INDEX(Parameter!$D$3:$D$8,H95)+INDEX(Parameter!$F$3:$F$8,H95)),"") | AH95: =IF(AND(N95="ganz",COUNTIFS($C$2:C95,C95,$H$2:H95,H95,$N$2:N95,"ganz")<=2),1,0) -> 0 | AI95: =IF(AND(N95="ganz",COUNTIFS($C$2:C95,C95,$J$2:J95,J95,$N$2:N95,"ganz")=1),1,0) -> 0 | AJ95: =IF(AND(O95="ja",COUNTIFS($C$2:C95,C95,$H$2:H95,H95,$O$2:O95,"ja")<=2),1,0) -> 0 | AK95: =IF(AND(O95="ja",COUNTIFS($C$2:C95,C95,$J$2:J95,J95,$O$2:O95,"ja")=1),1,0) -> 0
A96: 37 | B96: HL-07 | C96: HL-07 | E96: A | F96: 46226.846 | G96: Do | H96: 1 | I96: 1 | J96: 1 | K96: 1 | L96: 1 | M96: 1 | N96: ganz | O96: ja | P96: 1 | Q96: 2 | R96: Drinnen | S96: nein | T96: nein | U96: ja | Z96: Krafttraining einmal ganzkörper | AA96: 81 | AC96: =IF(C96=C95,(F96-F95)*24,"") | AE96: =INDEX(Parameter!$C$3:$C$8,H96) -> 52 | AF96: =IF(AND(N96="ganz",INDEX(Parameter!$D$3:$D$8,H96)<>""),Q96*INDEX(Parameter!$D$3:$D$8,H96),"") -> 56.533333 | AG96: =IF(AND(N96="ganz",INDEX(Parameter!$D$3:$D$8,H96)<>""),Q96*(INDEX(Parameter!$D$3:$D$8,H96)+INDEX(Parameter!$F$3:$F$8,H96)),"") -> 74.3 | AH96: =IF(AND(N96="ganz",COUNTIFS($C$2:C96,C96,$H$2:H96,H96,$N$2:N96,"ganz")<=2),1,0) -> 1 | AI96: =IF(AND(N96="ganz",COUNTIFS($C$2:C96,C96,$J$2:J96,J96,$N$2:N96,"ganz")=1),1,0) -> 1 | AJ96: =IF(AND(O96="ja",COUNTIFS($C$2:C96,C96,$H$2:H96,H96,$O$2:O96,"ja")<=2),1,0) -> 1 | AK96: =IF(AND(O96="ja",COUNTIFS($C$2:C96,C96,$J$2:J96,J96,$O$2:O96,"ja")=1),1,0) -> 1
A97: 50 | B97: HL-07 | C97: HL-07 | E97: A | F97: 46228.384 | G97: Sa | H97: 1 | I97: 1 | J97: 2 | K97: 1 | L97: 2 | M97: 2 | N97: teilweise | O97: ja | P97: 0 | Q97: 4 | R97: Drinnen | S97: nein | T97: ja | U97: nein | V97: Kraftübungen weil ich gestern das trainiert hatte | Y97: Bei jeder Übung, während ich sie ausgeführt habe | AA97: 46 | AC97: =IF(C97=C96,(F97-F96)*24,"") -> 36.908889 | AE97: =INDEX(Parameter!$C$3:$C$8,H97) -> 52 | AF97: =IF(AND(N97="ganz",INDEX(Parameter!$D$3:$D$8,H97)<>""),Q97*INDEX(Parameter!$D$3:$D$8,H97),"") | AG97: =IF(AND(N97="ganz",INDEX(Parameter!$D$3:$D$8,H97)<>""),Q97*(INDEX(Parameter!$D$3:$D$8,H97)+INDEX(Parameter!$F$3:$F$8,H97)),"") | AH97: =IF(AND(N97="ganz",COUNTIFS($C$2:C97,C97,$H$2:H97,H97,$N$2:N97,"ganz")<=2),1,0) -> 0 | AI97: =IF(AND(N97="ganz",COUNTIFS($C$2:C97,C97,$J$2:J97,J97,$N$2:N97,"ganz")=1),1,0) -> 0 | AJ97: =IF(AND(O97="ja",COUNTIFS($C$2:C97,C97,$H$2:H97,H97,$O$2:O97,"ja")<=2),1,0) -> 1 | AK97: =IF(AND(O97="ja",COUNTIFS($C$2:C97,C97,$J$2:J97,J97,$O$2:O97,"ja")=1),1,0) -> 1
A98: 95 | B98: HL-07 | C98: HL-07 | E98: A | F98: 46235.811 | G98: Sa | H98: 2 | I98: 2 | J98: 4 | K98: 2 | L98: 2 | M98: 3 | N98: ganz | O98: ja | P98: 1 | Q98: 3 | R98: Hartplatz/Asphalt | S98: nein | T98: ja | U98: nein | Y98: Bei jeder Übung | AA98: 52 | AC98: =IF(C98=C97,(F98-F97)*24,"") -> 178.25694 | AE98: =INDEX(Parameter!$C$3:$C$8,H98) -> 66 | AF98: =IF(AND(N98="ganz",INDEX(Parameter!$D$3:$D$8,H98)<>""),Q98*INDEX(Parameter!$D$3:$D$8,H98),"") -> 84.1 | AG98: =IF(AND(N98="ganz",INDEX(Parameter!$D$3:$D$8,H98)<>""),Q98*(INDEX(Parameter!$D$3:$D$8,H98)+INDEX(Parameter!$F$3:$F$8,H98)),"") -> 110.75 | AH98: =IF(AND(N98="ganz",COUNTIFS($C$2:C98,C98,$H$2:H98,H98,$N$2:N98,"ganz")<=2),1,0) -> 1 | AI98: =IF(AND(N98="ganz",COUNTIFS($C$2:C98,C98,$J$2:J98,J98,$N$2:N98,"ganz")=1),1,0) -> 1 | AJ98: =IF(AND(O98="ja",COUNTIFS($C$2:C98,C98,$H$2:H98,H98,$O$2:O98,"ja")<=2),1,0) -> 1 | AK98: =IF(AND(O98="ja",COUNTIFS($C$2:C98,C98,$J$2:J98,J98,$O$2:O98,"ja")=1),1,0) -> 1
A99: 128 | B99: HL-07 | C99: HL-07 | E99: A | F99: 46239.39 | G99: Mi | H99: 3 | I99: 3 | J99: 5 | K99: 3 | L99: 1 | M99: 5 | N99: ganz | O99: ja | P99: 1 | Q99: 2 | R99: Hartplatz/Asphalt | S99: nein | T99: ja | U99: nein | Y99: Bei jeder Übung außer Pogos | AA99: 42 | AC99: =IF(C99=C98,(F99-F98)*24,"") -> 85.884167 | AE99: =INDEX(Parameter!$C$3:$C$8,H99) -> 80 | AF99: =IF(AND(N99="ganz",INDEX(Parameter!$D$3:$D$8,H99)<>""),Q99*INDEX(Parameter!$D$3:$D$8,H99),"") -> 48.566667 | AG99: =IF(AND(N99="ganz",INDEX(Parameter!$D$3:$D$8,H99)<>""),Q99*(INDEX(Parameter!$D$3:$D$8,H99)+INDEX(Parameter!$F$3:$F$8,H99)),"") -> 66.333333 | AH99: =IF(AND(N99="ganz",COUNTIFS($C$2:C99,C99,$H$2:H99,H99,$N$2:N99,"ganz")<=2),1,0) -> 1 | AI99: =IF(AND(N99="ganz",COUNTIFS($C$2:C99,C99,$J$2:J99,J99,$N$2:N99,"ganz")=1),1,0) -> 1 | AJ99: =IF(AND(O99="ja",COUNTIFS($C$2:C99,C99,$H$2:H99,H99,$O$2:O99,"ja")<=2),1,0) -> 1 | AK99: =IF(AND(O99="ja",COUNTIFS($C$2:C99,C99,$J$2:J99,J99,$O$2:O99,"ja")=1),1,0) -> 1
A100: 134 | B100: HL-07 | C100: HL-07 | E100: A | F100: 46241.41 | G100: Fr | H100: 3 | I100: 3 | J100: 6 | K100: 3 | L100: 2 | M100: 6 | N100: ganz | O100: ja | P100: 1 | Q100: 2 | R100: Hartplatz/Asphalt | S100: nein | T100: ja | U100: nein | Y100: Bei jeder Übung außer Pogos | AA100: 39 | AC100: =IF(C100=C99,(F100-F99)*24,"") -> 48.483889 | AE100: =INDEX(Parameter!$C$3:$C$8,H100) -> 80 | AF100: =IF(AND(N100="ganz",INDEX(Parameter!$D$3:$D$8,H100)<>""),Q100*INDEX(Parameter!$D$3:$D$8,H100),"") -> 48.566667 | AG100: =IF(AND(N100="ganz",INDEX(Parameter!$D$3:$D$8,H100)<>""),Q100*(INDEX(Parameter!$D$3:$D$8,H100)+INDEX(Parameter!$F$3:$F$8,H100)),"") -> 66.333333 | AH100: =IF(AND(N100="ganz",COUNTIFS($C$2:C100,C100,$H$2:H100,H100,$N$2:N100,"ganz")<=2),1,0) -> 1 | AI100: =IF(AND(N100="ganz",COUNTIFS($C$2:C100,C100,$J$2:J100,J100,$N$2:N100,"ganz")=1),1,0) -> 1 | AJ100: =IF(AND(O100="ja",COUNTIFS($C$2:C100,C100,$H$2:H100,H100,$O$2:O100,"ja")<=2),1,0) -> 1 | AK100: =IF(AND(O100="ja",COUNTIFS($C$2:C100,C100,$J$2:J100,J100,$O$2:O100,"ja")=1),1,0) -> 1
...

Sheet Spieler
A1: Code | B1: Verein | C1: Status Workbook | D1: Familiarisierung | E1: %PAH | F1: Meldungen | G1: ganz je Meldung (Haupt) | H1: ganz wochen-gedeckelt | I1: ganz distinkte H003 | J1: teilweise | K1: gar nicht | L1: ganz+teilw. je Meldung | M1: ganz+teilw. wochen-gedeckelt | N1: ganz+teilw. distinkte H003 | O1: Umsetzungsrate ganz (von 12) | P1: Beteiligungsrate ganz+teilw. (von 12) | Q1: ≥ 6 (Per-Protokoll) | R1: ≥ 9 (Antragskriterium) | S1: CR-10 M (ganz) | T1: CR-10 Median (ganz) | U1: sRPE-Load I Σ (AU, ohne W5) | V1: sRPE-Load II Σ (AU, ohne W5) | W1: Einheiten in W5 (Load offen) | X1: Untergrund Modalwert (durchgef.) | Y1: Videopausen (Meld.) | Z1: Fremdtraining (Meld.) | AA1: Schmerzmeldungen | AB1: Klasse / Bemerkung
A2: BW-01 | B2: B | C2: ausgewertet | D2: 1 | E2: 91.58 | F2: =COUNTIF(Meldungen!$C$2:$C$112,$A2) -> 0 | G2: =COUNTIFS(Meldungen!$C$2:$C$112,$A2,Meldungen!$N$2:$N$112,"ganz") -> 0 | H2: =SUMIFS(Meldungen!$AH$2:$AH$112,Meldungen!$C$2:$C$112,$A2) -> 0 | I2: =SUMIFS(Meldungen!$AI$2:$AI$112,Meldungen!$C$2:$C$112,$A2) -> 0 | J2: =COUNTIFS(Meldungen!$C$2:$C$112,$A2,Meldungen!$N$2:$N$112,"teilweise") -> 0 | K2: =COUNTIFS(Meldungen!$C$2:$C$112,$A2,Meldungen!$N$2:$N$112,"gar nicht") -> 0 | L2: =COUNTIFS(Meldungen!$C$2:$C$112,$A2,Meldungen!$O$2:$O$112,"ja") -> 0 | M2: =SUMIFS(Meldungen!$AJ$2:$AJ$112,Meldungen!$C$2:$C$112,$A2) -> 0 | N2: =SUMIFS(Meldungen!$AK$2:$AK$112,Meldungen!$C$2:$C$112,$A2) -> 0 | O2: =G2/12 -> 0 | P2: =L2/12 -> 0 | Q2: =IF(G2>=6,"ja","nein") -> nein | R2: =IF(G2>=9,"ja","nein") -> nein | S2: =IFERROR(AVERAGEIFS(Meldungen!$Q$2:$Q$112,Meldungen!$C$2:$C$112,$A2,Meldungen!$N$2:$N$112,"ganz"),"") | U2: =SUMIFS(Meldungen!$AF$2:$AF$112,Meldungen!$C$2:$C$112,$A2) -> 0 | V2: =SUMIFS(Meldungen!$AG$2:$AG$112,Meldungen!$C$2:$C$112,$A2) -> 0 | W2: =COUNTIFS(Meldungen!$C$2:$C$112,$A2,Meldungen!$N$2:$N$112,"ganz",Meldungen!$H$2:$H$112,5) -> 0 | X2: — | Y2: =COUNTIFS(Meldungen!$C$2:$C$112,$A2,Meldungen!$T$2:$T$112,"ja") -> 0 | Z2: =COUNTIFS(Meldungen!$C$2:$C$112,$A2,Meldungen!$U$2:$U$112,"ja") -> 0 | AA2: =COUNTIFS(Meldungen!$C$2:$C$112,$A2,Meldungen!$S$2:$S$112,"ja") -> 0 | AB2: Nichteinhaltung — keine Meldung; Post-Werte vorhanden (ITT ja, PP nein)
A3: BW-02 | B3: B | C3: ausgewertet | D3: 1 | E3: 97.17 | F3: =COUNTIF(Meldungen!$C$2:$C$112,$A3) -> 12 | G3: =COUNTIFS(Meldungen!$C$2:$C$112,$A3,Meldungen!$N$2:$N$112,"ganz") -> 12 | H3: =SUMIFS(Meldungen!$AH$2:$AH$112,Meldungen!$C$2:$C$112,$A3) -> 12 | I3: =SUMIFS(Meldungen!$AI$2:$AI$112,Meldungen!$C$2:$C$112,$A3) -> 12 | J3: =COUNTIFS(Meldungen!$C$2:$C$112,$A3,Meldungen!$N$2:$N$112,"teilweise") -> 0 | K3: =COUNTIFS(Meldungen!$C$2:$C$112,$A3,Meldungen!$N$2:$N$112,"gar nicht") -> 0 | L3: =COUNTIFS(Meldungen!$C$2:$C$112,$A3,Meldungen!$O$2:$O$112,"ja") -> 12 | M3: =SUMIFS(Meldungen!$AJ$2:$AJ$112,Meldungen!$C$2:$C$112,$A3) -> 12 | N3: =SUMIFS(Meldungen!$AK$2:$AK$112,Meldungen!$C$2:$C$112,$A3) -> 12 | O3: =G3/12 -> 1 | P3: =L3/12 -> 1 | Q3: =IF(G3>=6,"ja","nein") -> ja | R3: =IF(G3>=9,"ja","nein") -> ja | S3: =IFERROR(AVERAGEIFS(Meldungen!$Q$2:$Q$112,Meldungen!$C$2:$C$112,$A3,Meldungen!$N$2:$N$112,"ganz"),"") -> 2.3333333 | T3: 2 | U3: =SUMIFS(Meldungen!$AF$2:$AF$112,Meldungen!$C$2:$C$112,$A3) -> 685.68333 | V3: =SUMIFS(Meldungen!$AG$2:$AG$112,Meldungen!$C$2:$C$112,$A3) -> 907.76667 | W3: =COUNTIFS(Meldungen!$C$2:$C$112,$A3,Meldungen!$N$2:$N$112,"ganz",Meldungen!$H$2:$H$112,5) -> 2 | X3: Kunstrasen (6/12) | Y3: =COUNTIFS(Meldungen!$C$2:$C$112,$A3,Meldungen!$T$2:$T$112,"ja") -> 1 | Z3: =COUNTIFS(Meldungen!$C$2:$C$112,$A3,Meldungen!$U$2:$U$112,"ja") -> 11 | AA3: =COUNTIFS(Meldungen!$C$2:$C$112,$A3,Meldungen!$S$2:$S$112,"ja") -> 1
A4: BW-04 | B4: B | C4: ausgewertet | D4: 2 | E4: 94.81 | F4: =COUNTIF(Meldungen!$C$2:$C$112,$A4) -> 7 | G4: =COUNTIFS(Meldungen!$C$2:$C$112,$A4,Meldungen!$N$2:$N$112,"ganz") -> 6 | H4: =SUMIFS(Meldungen!$AH$2:$AH$112,Meldungen!$C$2:$C$112,$A4) -> 5 | I4: =SUMIFS(Meldungen!$AI$2:$AI$112,Meldungen!$C$2:$C$112,$A4) -> 6 | J4: =COUNTIFS(Meldungen!$C$2:$C$112,$A4,Meldungen!$N$2:$N$112,"teilweise") -> 1 | K4: =COUNTIFS(Meldungen!$C$2:$C$112,$A4,Meldungen!$N$2:$N$112,"gar nicht") -> 0 | L4: =COUNTIFS(Meldungen!$C$2:$C$112,$A4,Meldungen!$O$2:$O$112,"ja") -> 7 | M4: =SUMIFS(Meldungen!$AJ$2:$AJ$112,Meldungen!$C$2:$C$112,$A4) -> 6 | N4: =SUMIFS(Meldungen!$AK$2:$AK$112,Meldungen!$C$2:$C$112,$A4) -> 6 | O4: =G4/12 -> 0.5 | P4: =L4/12 -> 0.58333333 | Q4: =IF(G4>=6,"ja","nein") -> ja | R4: =IF(G4>=9,"ja","nein") -> nein | S4: =IFERROR(AVERAGEIFS(Meldungen!$Q$2:$Q$112,Meldungen!$C$2:$C$112,$A4,Meldungen!$N$2:$N$112,"ganz"),"") -> 1.3333333 | T4: 1.5 | U4: =SUMIFS(Meldungen!$AF$2:$AF$112,Meldungen!$C$2:$C$112,$A4) -> 183.28333 | V4: =SUMIFS(Meldungen!$AG$2:$AG$112,Meldungen!$C$2:$C$112,$A4) -> 245.46667 | W4: =COUNTIFS(Meldungen!$C$2:$C$112,$A4,Meldungen!$N$2:$N$112,"ganz",Meldungen!$H$2:$H$112,5) -> 1 | X4: Rasen/Wiese (4/7) | Y4: =COUNTIFS(Meldungen!$C$2:$C$112,$A4,Meldungen!$T$2:$T$112,"ja") -> 1 | Z4: =COUNTIFS(Meldungen!$C$2:$C$112,$A4,Meldungen!$U$2:$U$112,"ja") -> 4 | AA4: =COUNTIFS(Meldungen!$C$2:$C$112,$A4,Meldungen!$S$2:$S$112,"ja") -> 1 | AB4: W4 drei „ganz“-Meldungen (Deckelung greift); 5 Meldungen CASE-korrigiert von HL-04
A5: BW-05 | B5: B | C5: ausgewertet | D5: 2 | E5: 93.96 | F5: =COUNTIF(Meldungen!$C$2:$C$112,$A5) -> 8 | G5: =COUNTIFS(Meldungen!$C$2:$C$112,$A5,Meldungen!$N$2:$N$112,"ganz") -> 7 | H5: =SUMIFS(Meldungen!$AH$2:$AH$112,Meldungen!$C$2:$C$112,$A5) -> 7 | I5: =SUMIFS(Meldungen!$AI$2:$AI$112,Meldungen!$C$2:$C$112,$A5) -> 7 | J5: =COUNTIFS(Meldungen!$C$2:$C$112,$A5,Meldungen!$N$2:$N$112,"teilweise") -> 0 | K5: =COUNTIFS(Meldungen!$C$2:$C$112,$A5,Meldungen!$N$2:$N$112,"gar nicht") -> 1 | L5: =COUNTIFS(Meldungen!$C$2:$C$112,$A5,Meldungen!$O$2:$O$112,"ja") -> 7 | M5: =SUMIFS(Meldungen!$AJ$2:$AJ$112,Meldungen!$C$2:$C$112,$A5) -> 7 | N5: =SUMIFS(Meldungen!$AK$2:$AK$112,Meldungen!$C$2:$C$112,$A5) -> 7 | O5: =G5/12 -> 0.58333333 | P5: =L5/12 -> 0.58333333 | Q5: =IF(G5>=6,"ja","nein") -> ja | R5: =IF(G5>=9,"ja","nein") -> nein | S5: =IFERROR(AVERAGEIFS(Meldungen!$Q$2:$Q$112,Meldungen!$C$2:$C$112,$A5,Meldungen!$N$2:$N$112,"ganz"),"") -> 2.5714286 | T5: 3 | U5: =SUMIFS(Meldungen!$AF$2:$AF$112,Meldungen!$C$2:$C$112,$A5) -> 475.73333 | V5: =SUMIFS(Meldungen!$AG$2:$AG$112,Meldungen!$C$2:$C$112,$A5) -> 635.63333 | W5: =COUNTIFS(Meldungen!$C$2:$C$112,$A5,Meldungen!$N$2:$N$112,"ganz",Meldungen!$H$2:$H$112,5) -> 0 | X5: Drinnen (7/7) | Y5: =COUNTIFS(Meldungen!$C$2:$C$112,$A5,Meldungen!$T$2:$T$112,"ja") -> 0 | Z5: =COUNTIFS(Meldungen!$C$2:$C$112,$A5,Meldungen!$U$2:$U$112,"ja") -> 0 | AA5: =COUNTIFS(Meldungen!$C$2:$C$112,$A5,Meldungen!$S$2:$S$112,"ja") -> 0
A6: BW-06 | B6: B | C6: ausgewertet | D6: 2 | E6: 86.65 | F6: =COUNTIF(Meldungen!$C$2:$C$112,$A6) -> 5 | G6: =COUNTIFS(Meldungen!$C$2:$C$112,$A6,Meldungen!$N$2:$N$112,"ganz") -> 2 | H6: =SUMIFS(Meldungen!$AH$2:$AH$112,Meldungen!$C$2:$C$112,$A6) -> 2 | I6: =SUMIFS(Meldungen!$AI$2:$AI$112,Meldungen!$C$2:$C$112,$A6) -> 2 | J6: =COUNTIFS(Meldungen!$C$2:$C$112,$A6,Meldungen!$N$2:$N$112,"teilweise") -> 2 | K6: =COUNTIFS(Meldungen!$C$2:$C$112,$A6,Meldungen!$N$2:$N$112,"gar nicht") -> 1 | L6: =COUNTIFS(Meldungen!$C$2:$C$112,$A6,Meldungen!$O$2:$O$112,"ja") -> 4 | M6: =SUMIFS(Meldungen!$AJ$2:$AJ$112,Meldungen!$C$2:$C$112,$A6) -> 4 | N6: =SUMIFS(Meldungen!$AK$2:$AK$112,Meldungen!$C$2:$C$112,$A6) -> 4 | O6: =G6/12 -> 0.16666667 | P6: =L6/12 -> 0.33333333 | Q6: =IF(G6>=6,"ja","nein") -> nein | R6: =IF(G6>=9,"ja","nein") -> nein | S6: =IFERROR(AVERAGEIFS(Meldungen!$Q$2:$Q$112,Meldungen!$C$2:$C$112,$A6,Meldungen!$N$2:$N$112,"ganz"),"") -> 3.5 | T6: 3.5 | U6: =SUMIFS(Meldungen!$AF$2:$AF$112,Meldungen!$C$2:$C$112,$A6) -> 188.46667 | V6: =SUMIFS(Meldungen!$AG$2:$AG$112,Meldungen!$C$2:$C$112,$A6) -> 250.65 | W6: =COUNTIFS(Meldungen!$C$2:$C$112,$A6,Meldungen!$N$2:$N$112,"ganz",Meldungen!$H$2:$H$112,5) -> 0 | X6: Drinnen (3/4) | Y6: =COUNTIFS(Meldungen!$C$2:$C$112,$A6,Meldungen!$T$2:$T$112,"ja") -> 1 | Z6: =COUNTIFS(Meldungen!$C$2:$C$112,$A6,Meldungen!$U$2:$U$112,"ja") -> 3 | AA6: =COUNTIFS(Meldungen!$C$2:$C$112,$A6,Meldungen!$S$2:$S$112,"ja") -> 2 | AB6: 2 Meldungen CASE-korrigiert von BW-04; teilweise ×2
A7: BW-07 | B7: B | C7: Post nicht angetreten | D7: 2 | E7: 92.16 | F7: =COUNTIF(Meldungen!$C$2:$C$112,$A7) -> 6 | G7: =COUNTIFS(Meldungen!$C$2:$C$112,$A7,Meldungen!$N$2:$N$112,"ganz") -> 6 | H7: =SUMIFS(Meldungen!$AH$2:$AH$112,Meldungen!$C$2:$C$112,$A7) -> 6 | I7: =SUMIFS(Meldungen!$AI$2:$AI$112,Meldungen!$C$2:$C$112,$A7) -> 6 | J7: =COUNTIFS(Meldungen!$C$2:$C$112,$A7,Meldungen!$N$2:$N$112,"teilweise") -> 0 | K7: =COUNTIFS(Meldungen!$C$2:$C$112,$A7,Meldungen!$N$2:$N$112,"gar nicht") -> 0 | L7: =COUNTIFS(Meldungen!$C$2:$C$112,$A7,Meldungen!$O$2:$O$112,"ja") -> 6 | M7: =SUMIFS(Meldungen!$AJ$2:$AJ$112,Meldungen!$C$2:$C$112,$A7) -> 6 | N7: =SUMIFS(Meldungen!$AK$2:$AK$112,Meldungen!$C$2:$C$112,$A7) -> 6 | O7: =G7/12 -> 0.5 | P7: =L7/12 -> 0.5 | Q7: =IF(G7>=6,"ja","nein") -> ja | R7: =IF(G7>=9,"ja","nein") -> nein | S7: =IFERROR(AVERAGEIFS(Meldungen!$Q$2:$Q$112,Meldungen!$C$2:$C$112,$A7,Meldungen!$N$2:$N$112,"ganz"),"") -> 3.3333333 | T7: 3.5 | U7: =SUMIFS(Meldungen!$AF$2:$AF$112,Meldungen!$C$2:$C$112,$A7) -> 446.95 | V7: =SUMIFS(Meldungen!$AG$2:$AG$112,Meldungen!$C$2:$C$112,$A7) -> 589.08333 | W7: =COUNTIFS(Meldungen!$C$2:$C$112,$A7,Meldungen!$N$2:$N$112,"ganz",Meldungen!$H$2:$H$112,5) -> 1 | X7: Drinnen (6/6) | Y7: =COUNTIFS(Meldungen!$C$2:$C$112,$A7,Meldungen!$T$2:$T$112,"ja") -> 5 | Z7: =COUNTIFS(Meldungen!$C$2:$C$112,$A7,Meldungen!$U$2:$U$112,"ja") -> 5 | AA7: =COUNTIFS(Meldungen!$C$2:$C$112,$A7,Meldungen!$S$2:$S$112,"ja") -> 0 | AB7: Post-Testung nicht angetreten — 6 vollständige Einheiten, keine Ergebnisanalyse
A8: BW-08 | B8: B | C8: ausgewertet | D8: 2 | E8: 96.72 | F8: =COUNTIF(Meldungen!$C$2:$C$112,$A8) -> 9 | G8: =COUNTIFS(Meldungen!$C$2:$C$112,$A8,Meldungen!$N$2:$N$112,"ganz") -> 9 | H8: =SUMIFS(Meldungen!$AH$2:$AH$112,Meldungen!$C$2:$C$112,$A8) -> 8 | I8: =SUMIFS(Meldungen!$AI$2:$AI$112,Meldungen!$C$2:$C$112,$A8) -> 8 | J8: =COUNTIFS(Meldungen!$C$2:$C$112,$A8,Meldungen!$N$2:$N$112,"teilweise") -> 0 | K8: =COUNTIFS(Meldungen!$C$2:$C$112,$A8,Meldungen!$N$2:$N$112,"gar nicht") -> 0 | L8: =COUNTIFS(Meldungen!$C$2:$C$112,$A8,Meldungen!$O$2:$O$112,"ja") -> 9 | M8: =SUMIFS(Meldungen!$AJ$2:$AJ$112,Meldungen!$C$2:$C$112,$A8) -> 8 | N8: =SUMIFS(Meldungen!$AK$2:$AK$112,Meldungen!$C$2:$C$112,$A8) -> 8 | O8: =G8/12 -> 0.75 | P8: =L8/12 -> 0.75 | Q8: =IF(G8>=6,"ja","nein") -> ja | R8: =IF(G8>=9,"ja","nein") -> ja | S8: =IFERROR(AVERAGEIFS(Meldungen!$Q$2:$Q$112,Meldungen!$C$2:$C$112,$A8,Meldungen!$N$2:$N$112,"ganz"),"") -> 3 | T8: 3 | U8: =SUMIFS(Meldungen!$AF$2:$AF$112,Meldungen!$C$2:$C$112,$A8) -> 560.55 | V8: =SUMIFS(Meldungen!$AG$2:$AG$112,Meldungen!$C$2:$C$112,$A8) -> 747.1 | W8: =COUNTIFS(Meldungen!$C$2:$C$112,$A8,Meldungen!$N$2:$N$112,"ganz",Meldungen!$H$2:$H$112,5) -> 2 | X8: Drinnen (6/9) | Y8: =COUNTIFS(Meldungen!$C$2:$C$112,$A8,Meldungen!$T$2:$T$112,"ja") -> 0 | Z8: =COUNTIFS(Meldungen!$C$2:$C$112,$A8,Meldungen!$U$2:$U$112,"ja") -> 1 | AA8: =COUNTIFS(Meldungen!$C$2:$C$112,$A8,Meldungen!$S$2:$S$112,"ja") -> 2 | AB8: W2 drei „ganz“-Meldungen (Deckelung greift); H003 = 5 doppelt
A9: BW-09 | B9: B | C9: ausgewertet | D9: 2 | E9: 91.99 | F9: =COUNTIF(Meldungen!$C$2:$C$112,$A9) -> 8 | G9: =COUNTIFS(Meldungen!$C$2:$C$112,$A9,Meldungen!$N$2:$N$112,"ganz") -> 7 | H9: =SUMIFS(Meldungen!$AH$2:$AH$112,Meldungen!$C$2:$C$112,$A9) -> 7 | I9: =SUMIFS(Meldungen!$AI$2:$AI$112,Meldungen!$C$2:$C$112,$A9) -> 7 | J9: =COUNTIFS(Meldungen!$C$2:$C$112,$A9,Meldungen!$N$2:$N$112,"teilweise") -> 0 | K9: =COUNTIFS(Meldungen!$C$2:$C$112,$A9,Meldungen!$N$2:$N$112,"gar nicht") -> 1 | L9: =COUNTIFS(Meldungen!$C$2:$C$112,$A9,Meldungen!$O$2:$O$112,"ja") -> 7 | M9: =SUMIFS(Meldungen!$AJ$2:$AJ$112,Meldungen!$C$2:$C$112,$A9) -> 7 | N9: =SUMIFS(Meldungen!$AK$2:$AK$112,Meldungen!$C$2:$C$112,$A9) -> 7 | O9: =G9/12 -> 0.58333333 | P9: =L9/12 -> 0.58333333 | Q9: =IF(G9>=6,"ja","nein") -> ja | R9: =IF(G9>=9,"ja","nein") -> nein | S9: =IFERROR(AVERAGEIFS(Meldungen!$Q$2:$Q$112,Meldungen!$C$2:$C$112,$A9,Meldungen!$N$2:$N$112,"ganz"),"") -> 2.7142857 | T9: 3 | U9: =SUMIFS(Meldungen!$AF$2:$AF$112,Meldungen!$C$2:$C$112,$A9) -> 334.66667 | V9: =SUMIFS(Meldungen!$AG$2:$AG$112,Meldungen!$C$2:$C$112,$A9) -> 441.26667 | W9: =COUNTIFS(Meldungen!$C$2:$C$112,$A9,Meldungen!$N$2:$N$112,"ganz",Meldungen!$H$2:$H$112,5) -> 2 | X9: Drinnen (7/7) | Y9: =COUNTIFS(Meldungen!$C$2:$C$112,$A9,Meldungen!$T$2:$T$112,"ja") -> 0 | Z9: =COUNTIFS(Meldungen!$C$2:$C$112,$A9,Meldungen!$U$2:$U$112,"ja") -> 7 | AA9: =COUNTIFS(Meldungen!$C$2:$C$112,$A9,Meldungen!$S$2:$S$112,"ja") -> 2
A10: BW-10 | B10: B | C10: ausgewertet | D10: 2 | E10: 93.64 | F10: =COUNTIF(Meldungen!$C$2:$C$112,$A10) -> 5 | G10: =COUNTIFS(Meldungen!$C$2:$C$112,$A10,Meldungen!$N$2:$N$112,"ganz") -> 5 | H10: =SUMIFS(Meldungen!$AH$2:$AH$112,Meldungen!$C$2:$C$112,$A10) -> 5 | I10: =SUMIFS(Meldungen!$AI$2:$AI$112,Meldungen!$C$2:$C$112,$A10) -> 5 | J10: =COUNTIFS(Meldungen!$C$2:$C$112,$A10,Meldungen!$N$2:$N$112,"teilweise") -> 0 | K10: =COUNTIFS(Meldungen!$C$2:$C$112,$A10,Meldungen!$N$2:$N$112,"gar nicht") -> 0 | L10: =COUNTIFS(Meldungen!$C$2:$C$112,$A10,Meldungen!$O$2:$O$112,"ja") -> 5 | M10: =SUMIFS(Meldungen!$AJ$2:$AJ$112,Meldungen!$C$2:$C$112,$A10) -> 5 | N10: =SUMIFS(Meldungen!$AK$2:$AK$112,Meldungen!$C$2:$C$112,$A10) -> 5 | O10: =G10/12 -> 0.41666667 | P10: =L10/12 -> 0.41666667 | Q10: =IF(G10>=6,"ja","nein") -> nein | R10: =IF(G10>=9,"ja","nein") -> nein | S10: =IFERROR(AVERAGEIFS(Meldungen!$Q$2:$Q$112,Meldungen!$C$2:$C$112,$A10,Meldungen!$N$2:$N$112,"ganz"),"") -> 4 | T10: 4 | U10: =SUMIFS(Meldungen!$AF$2:$AF$112,Meldungen!$C$2:$C$112,$A10) -> 410.61667 | V10: =SUMIFS(Meldungen!$AG$2:$AG$112,Meldungen!$C$2:$C$112,$A10) -> 543.86667 | W10: =COUNTIFS(Meldungen!$C$2:$C$112,$A10,Meldungen!$N$2:$N$112,"ganz",Meldungen!$H$2:$H$112,5) -> 1 | X10: Kunstrasen (3/5) | Y10: =COUNTIFS(Meldungen!$C$2:$C$112,$A10,Meldungen!$T$2:$T$112,"ja") -> 3 | Z10: =COUNTIFS(Meldungen!$C$2:$C$112,$A10,Meldungen!$U$2:$U$112,"ja") -> 4 | AA10: =COUNTIFS(Meldungen!$C$2:$C$112,$A10,Meldungen!$S$2:$S$112,"ja") -> 0
A11: BW-11 | B11: B | C11: ausgewertet | D11: 2 | E11: 93.22 | F11: =COUNTIF(Meldungen!$C$2:$C$112,$A11) -> 2 | G11: =COUNTIFS(Meldungen!$C$2:$C$112,$A11,Meldungen!$N$2:$N$112,"ganz") -> 2 | H11: =SUMIFS(Meldungen!$AH$2:$AH$112,Meldungen!$C$2:$C$112,$A11) -> 2 | I11: =SUMIFS(Meldungen!$AI$2:$AI$112,Meldungen!$C$2:$C$112,$A11) -> 2 | J11: =COUNTIFS(Meldungen!$C$2:$C$112,$A11,Meldungen!$N$2:$N$112,"teilweise") -> 0 | K11: =COUNTIFS(Meldungen!$C$2:$C$112,$A11,Meldungen!$N$2:$N$112,"gar nicht") -> 0 | L11: =COUNTIFS(Meldungen!$C$2:$C$112,$A11,Meldungen!$O$2:$O$112,"ja") -> 2 | M11: =SUMIFS(Meldungen!$AJ$2:$AJ$112,Meldungen!$C$2:$C$112,$A11) -> 2 | N11: =SUMIFS(Meldungen!$AK$2:$AK$112,Meldungen!$C$2:$C$112,$A11) -> 2 | O11: =G11/12 -> 0.16666667 | P11: =L11/12 -> 0.16666667 | Q11: =IF(G11>=6,"ja","nein") -> nein | R11: =IF(G11>=9,"ja","nein") -> nein | S11: =IFERROR(AVERAGEIFS(Meldungen!$Q$2:$Q$112,Meldungen!$C$2:$C$112,$A11,Meldungen!$N$2:$N$112,"ganz"),"") -> 3.5 | T11: 3.5 | U11: =SUMIFS(Meldungen!$AF$2:$AF$112,Meldungen!$C$2:$C$112,$A11) -> 196.93333 | V11: =SUMIFS(Meldungen!$AG$2:$AG$112,Meldungen!$C$2:$C$112,$A11) -> 259.11667 | W11: =COUNTIFS(Meldungen!$C$2:$C$112,$A11,Meldungen!$N$2:$N$112,"ganz",Meldungen!$H$2:$H$112,5) -> 0 | X11: Rasen/Wiese (2/2) | Y11: =COUNTIFS(Meldungen!$C$2:$C$112,$A11,Meldungen!$T$2:$T$112,"ja") -> 0 | Z11: =COUNTIFS(Meldungen!$C$2:$C$112,$A11,Meldungen!$U$2:$U$112,"ja") -> 2 | AA11: =COUNTIFS(Meldungen!$C$2:$C$112,$A11,Meldungen!$S$2:$S$112,"ja") -> 1
A12: BW-21 | B12: B | C12: Post nicht angetreten | D12: 1 | E12: 91.06 | F12: =COUNTIF(Meldungen!$C$2:$C$112,$A12) -> 0 | G12: =COUNTIFS(Meldungen!$C$2:$C$112,$A12,Meldungen!$N$2:$N$112,"ganz") -> 0 | H12: =SUMIFS(Meldungen!$AH$2:$AH$112,Meldungen!$C$2:$C$112,$A12) -> 0 | I12: =SUMIFS(Meldungen!$AI$2:$AI$112,Meldungen!$C$2:$C$112,$A12) -> 0 | J12: =COUNTIFS(Meldungen!$C$2:$C$112,$A12,Meldungen!$N$2:$N$112,"teilweise") -> 0 | K12: =COUNTIFS(Meldungen!$C$2:$C$112,$A12,Meldungen!$N$2:$N$112,"gar nicht") -> 0 | L12: =COUNTIFS(Meldungen!$C$2:$C$112,$A12,Meldungen!$O$2:$O$112,"ja") -> 0 | M12: =SUMIFS(Meldungen!$AJ$2:$AJ$112,Meldungen!$C$2:$C$112,$A12) -> 0 | N12: =SUMIFS(Meldungen!$AK$2:$AK$112,Meldungen!$C$2:$C$112,$A12) -> 0 | O12: =G12/12 -> 0 | P12: =L12/12 -> 0 | Q12: =IF(G12>=6,"ja","nein") -> nein | R12: =IF(G12>=9,"ja","nein") -> nein | S12: =IFERROR(AVERAGEIFS(Meldungen!$Q$2:$Q$112,Meldungen!$C$2:$C$112,$A12,Meldungen!$N$2:$N$112,"ganz"),"") | U12: =SUMIFS(Meldungen!$AF$2:$AF$112,Meldungen!$C$2:$C$112,$A12) -> 0 | V12: =SUMIFS(Meldungen!$AG$2:$AG$112,Meldungen!$C$2:$C$112,$A12) -> 0 | W12: =COUNTIFS(Meldungen!$C$2:$C$112,$A12,Meldungen!$N$2:$N$112,"ganz",Meldungen!$H$2:$H$112,5) -> 0 | X12: — | Y12: =COUNTIFS(Meldungen!$C$2:$C$112,$A12,Meldungen!$T$2:$T$112,"ja") -> 0 | Z12: =COUNTIFS(Meldungen!$C$2:$C$112,$A12,Meldungen!$U$2:$U$112,"ja") -> 0 | AA12: =COUNTIFS(Meldungen!$C$2:$C$112,$A12,Meldungen!$S$2:$S$112,"ja") -> 0 | AB12: Instrumentenfehler — kein Listenplatz; Post nicht angetreten (Teilnehmerfluss)
A13: HL-01 | B13: A | C13: ausgewertet | D13: 1 | E13: 98.19 | F13: =COUNTIF(Meldungen!$C$2:$C$112,$A13) -> 10 | G13: =COUNTIFS(Meldungen!$C$2:$C$112,$A13,Meldungen!$N$2:$N$112,"ganz") -> 8 | H13: =SUMIFS(Meldungen!$AH$2:$AH$112,Meldungen!$C$2:$C$112,$A13) -> 8 | I13: =SUMIFS(Meldungen!$AI$2:$AI$112,Meldungen!$C$2:$C$112,$A13) -> 8 | J13: =COUNTIFS(Meldungen!$C$2:$C$112,$A13,Meldungen!$N$2:$N$112,"teilweise") -> 1 | K13: =COUNTIFS(Meldungen!$C$2:$C$112,$A13,Meldungen!$N$2:$N$112,"gar nicht") -> 1 | L13: =COUNTIFS(Meldungen!$C$2:$C$112,$A13,Meldungen!$O$2:$O$112,"ja") -> 9 | M13: =SUMIFS(Meldungen!$AJ$2:$AJ$112,Meldungen!$C$2:$C$112,$A13) -> 9 | N13: =SUMIFS(Meldungen!$AK$2:$AK$112,Meldungen!$C$2:$C$112,$A13) -> 9 | O13: =G13/12 -> 0.66666667 | P13: =L13/12 -> 0.75 | Q13: =IF(G13>=6,"ja","nein") -> ja | R13: =IF(G13>=9,"ja","nein") -> nein | S13: =IFERROR(AVERAGEIFS(Meldungen!$Q$2:$Q$112,Meldungen!$C$2:$C$112,$A13,Meldungen!$N$2:$N$112,"ganz"),"") -> 3.125 | T13: 3 | U13: =SUMIFS(Meldungen!$AF$2:$AF$112,Meldungen!$C$2:$C$112,$A13) -> 598.3 | V13: =SUMIFS(Meldungen!$AG$2:$AG$112,Meldungen!$C$2:$C$112,$A13) -> 793.73333 | W13: =COUNTIFS(Meldungen!$C$2:$C$112,$A13,Meldungen!$N$2:$N$112,"ganz",Meldungen!$H$2:$H$112,5) -> 1 | X13: Drinnen (8/9) | Y13: =COUNTIFS(Meldungen!$C$2:$C$112,$A13,Meldungen!$T$2:$T$112,"ja") -> 1 | Z13: =COUNTIFS(Meldungen!$C$2:$C$112,$A13,Meldungen!$U$2:$U$112,"ja") -> 8 | AA13: =COUNTIFS(Meldungen!$C$2:$C$112,$A13,Meldungen!$S$2:$S$112,"ja") -> 1 | AB13: teilweise 20.07. („Sprünge“ nicht geschafft, CR-10 9) → 9 mit „ganz + teilweise“
A14: HL-02 | B14: A | C14: ausgewertet | D14: 1 | E14: 97.36 | F14: =COUNTIF(Meldungen!$C$2:$C$112,$A14) -> 9 | G14: =COUNTIFS(Meldungen!$C$2:$C$112,$A14,Meldungen!$N$2:$N$112,"ganz") -> 8 | H14: =SUMIFS(Meldungen!$AH$2:$AH$112,Meldungen!$C$2:$C$112,$A14) -> 8 | I14: =SUMIFS(Meldungen!$AI$2:$AI$112,Meldungen!$C$2:$C$112,$A14) -> 7 | J14: =COUNTIFS(Meldungen!$C$2:$C$112,$A14,Meldungen!$N$2:$N$112,"teilweise") -> 0 | K14: =COUNTIFS(Meldungen!$C$2:$C$112,$A14,Meldungen!$N$2:$N$112,"gar nicht") -> 1 | L14: =COUNTIFS(Meldungen!$C$2:$C$112,$A14,Meldungen!$O$2:$O$112,"ja") -> 8 | M14: =SUMIFS(Meldungen!$AJ$2:$AJ$112,Meldungen!$C$2:$C$112,$A14) -> 8 | N14: =SUMIFS(Meldungen!$AK$2:$AK$112,Meldungen!$C$2:$C$112,$A14) -> 7 | O14: =G14/12 -> 0.66666667 | P14: =L14/12 -> 0.66666667 | Q14: =IF(G14>=6,"ja","nein") -> ja | R14: =IF(G14>=9,"ja","nein") -> nein | S14: =IFERROR(AVERAGEIFS(Meldungen!$Q$2:$Q$112,Meldungen!$C$2:$C$112,$A14,Meldungen!$N$2:$N$112,"ganz"),"") -> 3.5 | T14: 3.5 | U14: =SUMIFS(Meldungen!$AF$2:$AF$112,Meldungen!$C$2:$C$112,$A14) -> 553.71667 | V14: =SUMIFS(Meldungen!$AG$2:$AG$112,Meldungen!$C$2:$C$112,$A14) -> 731.38333 | W14: =COUNTIFS(Meldungen!$C$2:$C$112,$A14,Meldungen!$N$2:$N$112,"ganz",Meldungen!$H$2:$H$112,5) -> 2 | X14: Rasen/Wiese (4/8) | Y14: =COUNTIFS(Meldungen!$C$2:$C$112,$A14,Meldungen!$T$2:$T$112,"ja") -> 0 | Z14: =COUNTIFS(Meldungen!$C$2:$C$112,$A14,Meldungen!$U$2:$U$112,"ja") -> 3 | AA14: =COUNTIFS(Meldungen!$C$2:$C$112,$A14,Meldungen!$S$2:$S$112,"ja") -> 0 | AB14: H003 = 9 doppelt (16./17.08.)
A15: HL-03 | B15: A | C15: ausgewertet | D15: 1 | E15: 97.08 | F15: =COUNTIF(Meldungen!$C$2:$C$112,$A15) -> 12 | G15: =COUNTIFS(Meldungen!$C$2:$C$112,$A15,Meldungen!$N$2:$N$112,"ganz") -> 9 | H15: =SUMIFS(Meldungen!$AH$2:$AH$112,Meldungen!$C$2:$C$112,$A15) -> 9 | I15: =SUMIFS(Meldungen!$AI$2:$AI$112,Meldungen!$C$2:$C$112,$A15) -> 5 | J15: =COUNTIFS(Meldungen!$C$2:$C$112,$A15,Meldungen!$N$2:$N$112,"teilweise") -> 0 | K15: =COUNTIFS(Meldungen!$C$2:$C$112,$A15,Meldungen!$N$2:$N$112,"gar nicht") -> 3 | L15: =COUNTIFS(Meldungen!$C$2:$C$112,$A15,Meldungen!$O$2:$O$112,"ja") -> 9 | M15: =SUMIFS(Meldungen!$AJ$2:$AJ$112,Meldungen!$C$2:$C$112,$A15) -> 9 | N15: =SUMIFS(Meldungen!$AK$2:$AK$112,Meldungen!$C$2:$C$112,$A15) -> 5 | O15: =G15/12 -> 0.75 | P15: =L15/12 -> 0.75 | Q15: =IF(G15>=6,"ja","nein") -> ja | R15: =IF(G15>=9,"ja","nein") -> ja | S15: =IFERROR(AVERAGEIFS(Meldungen!$Q$2:$Q$112,Meldungen!$C$2:$C$112,$A15,Meldungen!$N$2:$N$112,"ganz"),"") -> 3.4444444 | T15: 4 | U15: =SUMIFS(Meldungen!$AF$2:$AF$112,Meldungen!$C$2:$C$112,$A15) -> 620.33333 | V15: =SUMIFS(Meldungen!$AG$2:$AG$112,Meldungen!$C$2:$C$112,$A15) -> 824.65 | W15: =COUNTIFS(Meldungen!$C$2:$C$112,$A15,Meldungen!$N$2:$N$112,"ganz",Meldungen!$H$2:$H$112,5) -> 2 | X15: Drinnen (5/9) | Y15: =COUNTIFS(Meldungen!$C$2:$C$112,$A15,Meldungen!$T$2:$T$112,"ja") -> 5 | Z15: =COUNTIFS(Meldungen!$C$2:$C$112,$A15,Meldungen!$U$2:$U$112,"ja") -> 7 | AA15: =COUNTIFS(Meldungen!$C$2:$C$112,$A15,Meldungen!$S$2:$S$112,"ja") -> 1 | AB15: HL-03 09.08.: „5 ganz“/„5 gar nicht“ = zwei Meldungen (Verfasser 12.09.); H003 stets ungerade (Fehlwahl)
A16: HL-05 | B16: A | C16: ausgewertet | D16: 1 | E16: 95.14 | F16: =COUNTIF(Meldungen!$C$2:$C$112,$A16) -> 0 | G16: =COUNTIFS(Meldungen!$C$2:$C$112,$A16,Meldungen!$N$2:$N$112,"ganz") -> 0 | H16: =SUMIFS(Meldungen!$AH$2:$AH$112,Meldungen!$C$2:$C$112,$A16) -> 0 | I16: =SUMIFS(Meldungen!$AI$2:$AI$112,Meldungen!$C$2:$C$112,$A16) -> 0 | J16: =COUNTIFS(Meldungen!$C$2:$C$112,$A16,Meldungen!$N$2:$N$112,"teilweise") -> 0 | K16: =COUNTIFS(Meldungen!$C$2:$C$112,$A16,Meldungen!$N$2:$N$112,"gar nicht") -> 0 | L16: =COUNTIFS(Meldungen!$C$2:$C$112,$A16,Meldungen!$O$2:$O$112,"ja") -> 0 | M16: =SUMIFS(Meldungen!$AJ$2:$AJ$112,Meldungen!$C$2:$C$112,$A16) -> 0 | N16: =SUMIFS(Meldungen!$AK$2:$AK$112,Meldungen!$C$2:$C$112,$A16) -> 0 | O16: =G16/12 -> 0 | P16: =L16/12 -> 0 | Q16: =IF(G16>=6,"ja","nein") -> nein | R16: =IF(G16>=9,"ja","nein") -> nein | S16: =IFERROR(AVERAGEIFS(Meldungen!$Q$2:$Q$112,Meldungen!$C$2:$C$112,$A16,Meldungen!$N$2:$N$112,"ganz"),"") | U16: =SUMIFS(Meldungen!$AF$2:$AF$112,Meldungen!$C$2:$C$112,$A16) -> 0 | V16: =SUMIFS(Meldungen!$AG$2:$AG$112,Meldungen!$C$2:$C$112,$A16) -> 0 | W16: =COUNTIFS(Meldungen!$C$2:$C$112,$A16,Meldungen!$N$2:$N$112,"ganz",Meldungen!$H$2:$H$112,5) -> 0 | X16: — | Y16: =COUNTIFS(Meldungen!$C$2:$C$112,$A16,Meldungen!$T$2:$T$112,"ja") -> 0 | Z16: =COUNTIFS(Meldungen!$C$2:$C$112,$A16,Meldungen!$U$2:$U$112,"ja") -> 0 | AA16: =COUNTIFS(Meldungen!$C$2:$C$112,$A16,Meldungen!$S$2:$S$112,"ja") -> 0 | AB16: Nichteinhaltung — keine Meldung (Listenplatz HL-04); Post-Werte vorhanden (ITT ja, PP nein)
A17: HL-06 | B17: A | C17: ausgewertet | D17: 1 | E17: 96.15 | F17: =COUNTIF(Meldungen!$C$2:$C$112,$A17) -> 1 | G17: =COUNTIFS(Meldungen!$C$2:$C$112,$A17,Meldungen!$N$2:$N$112,"ganz") -> 0 | H17: =SUMIFS(Meldungen!$AH$2:$AH$112,Meldungen!$C$2:$C$112,$A17) -> 0 | I17: =SUMIFS(Meldungen!$AI$2:$AI$112,Meldungen!$C$2:$C$112,$A17) -> 0 | J17: =COUNTIFS(Meldungen!$C$2:$C$112,$A17,Meldungen!$N$2:$N$112,"teilweise") -> 0 | K17: =COUNTIFS(Meldungen!$C$2:$C$112,$A17,Meldungen!$N$2:$N$112,"gar nicht") -> 1 | L17: =COUNTIFS(Meldungen!$C$2:$C$112,$A17,Meldungen!$O$2:$O$112,"ja") -> 0 | M17: =SUMIFS(Meldungen!$AJ$2:$AJ$112,Meldungen!$C$2:$C$112,$A17) -> 0 | N17: =SUMIFS(Meldungen!$AK$2:$AK$112,Meldungen!$C$2:$C$112,$A17) -> 0 | O17: =G17/12 -> 0 | P17: =L17/12 -> 0 | Q17: =IF(G17>=6,"ja","nein") -> nein | R17: =IF(G17>=9,"ja","nein") -> nein | S17: =IFERROR(AVERAGEIFS(Meldungen!$Q$2:$Q$112,Meldungen!$C$2:$C$112,$A17,Meldungen!$N$2:$N$112,"ganz"),"") | U17: =SUMIFS(Meldungen!$AF$2:$AF$112,Meldungen!$C$2:$C$112,$A17) -> 0 | V17: =SUMIFS(Meldungen!$AG$2:$AG$112,Meldungen!$C$2:$C$112,$A17) -> 0 | W17: =COUNTIFS(Meldungen!$C$2:$C$112,$A17,Meldungen!$N$2:$N$112,"ganz",Meldungen!$H$2:$H$112,5) -> 0 | X17: — | Y17: =COUNTIFS(Meldungen!$C$2:$C$112,$A17,Meldungen!$T$2:$T$112,"ja") -> 0 | Z17: =COUNTIFS(Meldungen!$C$2:$C$112,$A17,Meldungen!$U$2:$U$112,"ja") -> 1 | AA17: =COUNTIFS(Meldungen!$C$2:$C$112,$A17,Meldungen!$S$2:$S$112,"ja") -> 0 | AB17: Nichteinhaltung mit Dokumentation — eine Meldung „gar nicht“ (23.07.)
A18: HL-07 | B18: A | C18: ausgewertet | D18: 1 | E18: 96.3 | F18: =COUNTIF(Meldungen!$C$2:$C$112,$A18) -> 11 | G18: =COUNTIFS(Meldungen!$C$2:$C$112,$A18,Meldungen!$N$2:$N$112,"ganz") -> 7 | H18: =SUMIFS(Meldungen!$AH$2:$AH$112,Meldungen!$C$2:$C$112,$A18) -> 7 | I18: =SUMIFS(Meldungen!$AI$2:$AI$112,Meldungen!$C$2:$C$112,$A18) -> 7 | J18: =COUNTIFS(Meldungen!$C$2:$C$112,$A18,Meldungen!$N$2:$N$112,"teilweise") -> 1 | K18: =COUNTIFS(Meldungen!$C$2:$C$112,$A18,Meldungen!$N$2:$N$112,"gar nicht") -> 3 | L18: =COUNTIFS(Meldungen!$C$2:$C$112,$A18,Meldungen!$O$2:$O$112,"ja") -> 8 | M18: =SUMIFS(Meldungen!$AJ$2:$AJ$112,Meldungen!$C$2:$C$112,$A18) -> 8 | N18: =SUMIFS(Meldungen!$AK$2:$AK$112,Meldungen!$C$2:$C$112,$A18) -> 8 | O18: =G18/12 -> 0.58333333 | P18: =L18/12 -> 0.66666667 | Q18: =IF(G18>=6,"ja","nein") -> ja | R18: =IF(G18>=9,"ja","nein") -> nein | S18: =IFERROR(AVERAGEIFS(Meldungen!$Q$2:$Q$112,Meldungen!$C$2:$C$112,$A18,Meldungen!$N$2:$N$112,"ganz"),"") -> 2.5714286 | T18: 2 | U18: =SUMIFS(Meldungen!$AF$2:$AF$112,Meldungen!$C$2:$C$112,$A18) -> 367.35 | V18: =SUMIFS(Meldungen!$AG$2:$AG$112,Meldungen!$C$2:$C$112,$A18) -> 491.71667 | W18: =COUNTIFS(Meldungen!$C$2:$C$112,$A18,Meldungen!$N$2:$N$112,"ganz",Meldungen!$H$2:$H$112,5) -> 1 | X18: Drinnen (5/8) | Y18: =COUNTIFS(Meldungen!$C$2:$C$112,$A18,Meldungen!$T$2:$T$112,"ja") -> 6 | Z18: =COUNTIFS(Meldungen!$C$2:$C$112,$A18,Meldungen!$U$2:$U$112,"ja") -> 3 | AA18: =COUNTIFS(Meldungen!$C$2:$C$112,$A18,Meldungen!$S$2:$S$112,"ja") -> 0 | AB18: H003 = 7/10 als Sammelmeldung 14.08.; Videopause bei jeder Übung
A19: HL-08 | B19: A | C19: ausgewertet | D19: 1 | E19: 94.39 | F19: =COUNTIF(Meldungen!$C$2:$C$112,$A19) -> 6 | G19: =COUNTIFS(Meldungen!$C$2:$C$112,$A19,Meldungen!$N$2:$N$112,"ganz") -> 4 | H19: =SUMIFS(Meldungen!$AH$2:$AH$112,Meldungen!$C$2:$C$112,$A19) -> 4 | I19: =SUMIFS(Meldungen!$AI$2:$AI$112,Meldungen!$C$2:$C$112,$A19) -> 4 | J19: =COUNTIFS(Meldungen!$C$2:$C$112,$A19,Meldungen!$N$2:$N$112,"teilweise") -> 1 | K19: =COUNTIFS(Meldungen!$C$2:$C$112,$A19,Meldungen!$N$2:$N$112,"gar nicht") -> 1 | L19: =COUNTIFS(Meldungen!$C$2:$C$112,$A19,Meldungen!$O$2:$O$112,"ja") -> 5 | M19: =SUMIFS(Meldungen!$AJ$2:$AJ$112,Meldungen!$C$2:$C$112,$A19) -> 5 | N19: =SUMIFS(Meldungen!$AK$2:$AK$112,Meldungen!$C$2:$C$112,$A19) -> 5 | O19: =G19/12 -> 0.33333333 | P19: =L19/12 -> 0.41666667 | Q19: =IF(G19>=6,"ja","nein") -> nein | R19: =IF(G19>=9,"ja","nein") -> nein | S19: =IFERROR(AVERAGEIFS(Meldungen!$Q$2:$Q$112,Meldungen!$C$2:$C$112,$A19,Meldungen!$N$2:$N$112,"ganz"),"") -> 2.75 | T19: 2.5 | U19: =SUMIFS(Meldungen!$AF$2:$AF$112,Meldungen!$C$2:$C$112,$A19) -> 294.06667 | V19: =SUMIFS(Meldungen!$AG$2:$AG$112,Meldungen!$C$2:$C$112,$A19) -> 391.78333 | W19: =COUNTIFS(Meldungen!$C$2:$C$112,$A19,Meldungen!$N$2:$N$112,"ganz",Meldungen!$H$2:$H$112,5) -> 0 | X19: Drinnen (5/5) | Y19: =COUNTIFS(Meldungen!$C$2:$C$112,$A19,Meldungen!$T$2:$T$112,"ja") -> 2 | Z19: =COUNTIFS(Meldungen!$C$2:$C$112,$A19,Meldungen!$U$2:$U$112,"ja") -> 1 | AA19: =COUNTIFS(Meldungen!$C$2:$C$112,$A19,Meldungen!$S$2:$S$112,"ja") -> 1 | AB19: Fremdtraining-Item eigenem Bekunden nach falsch verstanden (CASE 152)
A20: Summe / IG | F20: =SUM(F2:F19) -> 111 | G20: =SUM(G2:G19) -> 92 | H20: =SUM(H2:H19) -> 90 | I20: =SUM(I2:I19) -> 86 | J20: =SUM(J2:J19) -> 6 | K20: =SUM(K2:K19) -> 13 | L20: =SUM(L2:L19) -> 98 | M20: =SUM(M2:M19) -> 96 | N20: =SUM(N2:N19) -> 91 | O20: =SUM(G2:G19)/216 -> 0.42592593 | P20: =SUM(L2:L19)/216 -> 0.4537037 | Q20: =COUNTIF(Q2:Q19,"ja") -> 10 | R20: =COUNTIF(R2:R19,"ja") -> 3 | U20: =SUM(U2:U19) -> 5916.65 | V20: =SUM(V2:V19) -> 7853.2167 | W20: =SUM(W2:W19) -> 15 | Y20: =SUM(Y2:Y19) -> 25 | Z20: =SUM(Z2:Z19) -> 60 | AA20: =SUM(AA2:AA19) -> 12 | AB20: Nenner 216 = 18 × 12 angebotene Einheiten. Load-Summen ohne W5 (Videodauer fehlt, Blatt Parameter). Spalten T und X sind Werte aus F1 (bedingter Median/Modalwert ohne Array-Formel).
A22: Legende: Formeln (schwarz) rechnen über das Blatt Meldungen; nur Blatt Parameter D7 (Videodauer W5) ist einzutragen (gelb). Klasse/Bemerkung: Arbeitsnotizen des Skripts F1, kein Manuskripttext.
