Workbook

Sheet Anleitung
A1: Handprobenblatt Phase 6.3 als Excel-Formelprobe — Auswertungsverfahren 2026-09-24, Schritt 6.3
A2: Bachelorarbeit U15-Plyometrie · Datenstand 2026-09-24 · berichtete Rechnung: Blindrechnung in R vom 25.09.2026 · Gegenprobe: Python-Kette (Gegenprobe_Python_2026-09-25.py) · Erzeuger dieses Blatts: Handprobe_2026-09-25.py, Fassung 2
A4: Zweck
A5: Das Auswertungsverfahren sieht in 6.3 vor, dass der Verfasser vorab bestimmte Kennwerte in Excel nachrechnet. Verfasserentscheidung vom 25.09.2026 (Register R12): Die Handprobe wird als Formelprobe geführt. Jede gelbe Zelle „Handwert“ im Blatt „Handprobe“ enthält eine Excel-Formel, die den Kennwert allein aus den Eingangsblättern nach den Regeln der Spezifikation berechnet. Excel ist damit eine dritte, von R und Python unabhängige Implementierung der 34 Kennwerte. Die Formeln sind offen lesbar und in Excel Schritt für Schritt nachvollziehbar.
A7: Vorgehen für den Verfasser
A8: 1. Datei in Excel öffnen. Excel berechnet alle Formeln beim Öffnen. Die Spalte „Urteil“ im Blatt „Handprobe“ muss bei allen 34 Kennwerten „stimmt“ zeigen, ebenso die Zusatzprüfungen unter der Tabelle.
A9: 2. Formeln stichprobenartig lesen (Zelle anklicken): Sie greifen nur auf die Blätter Versuchsdaten, Personendaten, Fragebogen_A, Koeffizienten_KR, Vokabular und Zuordnung zu, teils über die Rechenblätter Formelwerte, TE_Z30_prae und ANCOVA_Z30. Kein Handwert liest einen Wert aus der Ergebnisdatei. Einzige Ausnahme nach dem vorab festgelegten Rechenweg von Kennwert Nr. 34: p und b1 der Zielgrößen CM und SBJ stehen als Eingang aus der Ergebnisdatei in der kleinen Tabelle rechts neben den Kennwerten.
A10: 3. Blatt „Formelwerte“: Die per Formel abgeleiteten Zwischengrößen je Spieler (Bestwerte, 505-Seitenmittel, %PAH, Setmitgliedschaft, Adhärenz) stehen neben dem Vergleich mit der berichteten Rechnung (Blatt „Analysedaten“, grüne Werte). Die Zahl der abweichenden Zellen steht in der Zusatzprüfung Z2.
A11: 4. Ergebnis mit Datum in Zelle B4 des Blatts „Handprobe“ eintragen („bestanden“ oder Liste der abweichenden Nummern), Datei sichern. Danach Freigabe F2.
A13: Aufbau der Rechenblätter
A14: Versuchsdaten: Spalten A bis H unverändert aus dem Datenstand. Hilfsspalten (grün hinterlegt, Formeln): I Gruppe des Spielers · J gültig_roh (S02 Regel 1: Wert vorhanden, ungültig leer) · K, L, M Teilzeiten 5, 10, 30 m des Laufs (gleiche Versuchsnummer, nur gültig_roh) · N auslösegestört (S02 Regel 2: ein Abschnitt mit Δt ≤ 0 s oder v > 10,0 m/s) · O gültig (S02 Regel 3) · P Status des Spielers · Q Ausfallkategorie (S03: NANG vor AUSL vor Vokabular).
A15: Fragebogen_A: Spalten A bis K unverändert. Hilfsspalten: L Listenlabel aus H010 mit den Fallkorrekturen (S06 Regel 1 und 2) · M Analysecode aus der Zuordnung (S06 Regel 3).
... A23: Werte in diesem Blatt sind pseudonymisiert (Analysecodes). Die Datei bleibt im Projektordner (04_Uebergaben) und geht nicht an Dritte.

Sheet Handprobe
A1: Handprobe Phase 6.3 als Excel-Formelprobe — Kennwerte, Sollwerte beider Implementierungen, Formelwert (Excel)
A2: Gelbe Zellen tragen Excel-Formeln aus den Eingangsblättern (dritte Implementierung). Toleranz: Anzahlen exakt, übrige relativ 1e-6. Spalte „Wert R“ ist die berichtete Rechnung, „Wert Python“ die Gegenprobe (beide aus den Ergebnisdateien vom 25.09.2026).
A4: Ergebnis der Handprobe (Verfasser, Datum):
A6: Nr. | B6: Kennung | C6: Beschreibung | D6: Rechenweg (Regel der Spezifikation) und Formel | E6: Eingang (Blatt, Auswahl) | F6: Wert R | G6: Wert Python | H6: Handwert (Formel) | I6: Abweichung Hand − R | J6: Toleranz | K6: Urteil | M6: Eingang aus der Ergebnisdatei nur für Nr. 34 (Rechenweg vorab festgelegt)
A7: 1 | B7: S02.NGUELT.Z30.PRE.ALL.X | C7: Zahl gültiger Versuche 30 m prä, alle Spieler | D7: S02 Regel 1 bis 3: Zeilen mit Test Sprint_30m, Zeitpunkt prä und gültig = 1 zählen (Spalte O des Blatts Versuchsdaten, mit Auslöseprüfung). | E7: Versuchsdaten | F7: 78 | G7: 78 | H7: =COUNTIFS(Versuchsdaten!$C$2:$C$1117,"Sprint_30m",Versuchsdaten!$B$2:$B$1117,"prä",Versuchsdaten!$O$2:$O$1117,1) | I7: =IF(H7="","",IFERROR(H7-F7,"FEHLER")) | J7: 0 | K7: =IF(H7="","offen",IFERROR(IF(ABS(H7-F7)<=J7*MAX(1,ABS(F7)),"stimmt","ABWEICHUNG"),"FEHLER")) | M7: S13.P.CM.X.ITT.HAUPT | N7: p 505-Seitenmittel | O7: 0.73433331
A8: 2 | B8: S03.NKAT.Z30.POST.KG.TECH | C8: Ungültige Zeilen 30 m post der KG, Kategorie TECH | D8: S03 Regel 1 bis 3 mit Vokabular: Zeilen mit Test Sprint_30m, Zeitpunkt post, Gruppe KG und Kategorie TECH zählen (Spalte Q des Blatts Versuchsdaten: NANG vor AUSL vor Vokabular). | E8: Versuchsdaten (Hilfsspalten I und Q) | F8: 2 | G8: 2 | H8: =COUNTIFS(Versuchsdaten!$C$2:$C$1117,"Sprint_30m",Versuchsdaten!$B$2:$B$1117,"post",Versuchsdaten!$I$2:$I$1117,"KG",Versuchsdaten!$Q$2:$Q$1117,"TECH") | I8: =IF(H8="","",IFERROR(H8-F8,"FEHLER")) | J8: 0 | K8: =IF(H8="","offen",IFERROR(IF(ABS(H8-F8)<=J8*MAX(1,ABS(F8)),"stimmt","ABWEICHUNG"),"FEHLER")) | M8: S13.B1.CM.X.ITT.HAUPT | N8: b1 505-Seitenmittel | O8: -0.012071414
A9: 3 | B9: S04.K.Z30.PRE.PBW-01.X | C9: Zahl gültiger Versuche 30 m prä, Spieler BW-01 | D9: S04 Regel 1: gültige Versuche des Spielers zählen. | E9: Versuchsdaten, Code BW-01 | F9: 3 | G9: 3 | H9: =COUNTIFS(Versuchsdaten!$A$2:$A$1117,"BW-01",Versuchsdaten!$B$2:$B$1117,"prä",Versuchsdaten!$C$2:$C$1117,"Sprint_30m",Versuchsdaten!$O$2:$O$1117,1) | I9: =IF(H9="","",IFERROR(H9-F9,"FEHLER")) | J9: 0 | K9: =IF(H9="","offen",IFERROR(IF(ABS(H9-F9)<=J9*MAX(1,ABS(F9)),"stimmt","ABWEICHUNG"),"FEHLER")) | M9: S13.P.SBJ.X.ITT.HAUPT | N9: p Standweitsprung | O9: 0.9868585
A10: 4 | B10: S04.BEST.Z30.PRE.PBW-01.X | C10: Bestwert 30 m prä, Spieler BW-01 | D10: S04 Regel 2: Minimum der gültigen Werte (Zeit). MINIFS über die gültigen Zeilen des Spielers. | E10: Versuchsdaten, Code BW-01 | F10: 4.53 | G10: 4.53 | H10: =_xlfn.MINIFS(Versuchsdaten!$F$2:$F$1117,Versuchsdaten!$A$2:$A$1117,"BW-01",Versuchsdaten!$B$2:$B$1117,"prä",Versuchsdaten!$C$2:$C$1117,"Sprint_30m",Versuchsdaten!$O$2:$O$1117,1) | I10: =IF(H10="","",IFERROR(H10-F10,"FEHLER")) | J10: 1e-06 | K10: =IF(H10="","offen",IFERROR(IF(ABS(H10-F10)<=J10*MAX(1,ABS(F10)),"stimmt","ABWEICHUNG"),"FEHLER")) | M10: S13.B1.SBJ.X.ITT.HAUPT | N10: b1 Standweitsprung | O10: -0.069440121
A11: 5 | B11: S04.MEAN.Z30.PRE.PBW-01.X | C11: Mittelwert 30 m prä, Spieler BW-01 | D11: S04 Regel 3: arithmetisches Mittel der gültigen Werte. AVERAGEIFS über die gültigen Zeilen des Spielers. | E11: Versuchsdaten, Code BW-01 | F11: 4.5866667 | G11: 4.5866667 | H11: =AVERAGEIFS(Versuchsdaten!$F$2:$F$1117,Versuchsdaten!$A$2:$A$1117,"BW-01",Versuchsdaten!$B$2:$B$1117,"prä",Versuchsdaten!$C$2:$C$1117,"Sprint_30m",Versuchsdaten!$O$2:$O$1117,1) | I11: =IF(H11="","",IFERROR(H11-F11,"FEHLER")) | J11: 1e-06 | K11: =IF(H11="","offen",IFERROR(IF(ABS(H11-F11)<=J11*MAX(1,ABS(F11)),"stimmt","ABWEICHUNG"),"FEHLER"))
A12: 6 | B12: S04.BEST.CM.PRE.PBW-01.X | C12: 505-Seitenmittel prä, Spieler BW-01 | D12: S04 Regel 4: Bestwert (Minimum) je Seite L und R aus den gültigen Versuchen, dann Mittel der beiden Seiten-Bestwerte, nur wenn beide Seiten einen gültigen Versuch haben (Blatt Formelwerte, Spalten T, U, V). | E12: Versuchsdaten, Code BW-01, Test COD_505 | F12: 2.555 | G12: 2.555 | H12: =INDEX(Formelwerte!$V$4:$V$34,MATCH("BW-01",Formelwerte!$A$4:$A$34,0)) | I12: =IF(H12="","",IFERROR(H12-F12,"FEHLER")) | J12: 1e-06 | K12: =IF(H12="","offen",IFERROR(IF(ABS(H12-F12)<=J12*MAX(1,ABS(F12)),"stimmt","ABWEICHUNG"),"FEHLER"))
A13: 7 | B13: S05.MP.PAH.PRE.PBW-01.X | C13: Mittlere Elterngröße in Zoll, Spieler BW-01 | D13: S05 Regel 2 und 3: (Groesse_Mutter/2,54 + Groesse_Vater/2,54)/2 (Blatt Formelwerte, Spalte G). | E13: Personendaten, Code BW-01 | F13: 71.259843 | G13: 71.259843 | H13: =INDEX(Formelwerte!$G$4:$G$34,MATCH("BW-01",Formelwerte!$A$4:$A$34,0)) | I13: =IF(H13="","",IFERROR(H13-F13,"FEHLER")) | J13: 1e-06 | K13: =IF(H13="","offen",IFERROR(IF(ABS(H13-F13)<=J13*MAX(1,ABS(F13)),"stimmt","ABWEICHUNG"),"FEHLER"))
A14: 8 | B14: S05.PAS.PAH.PRE.PBW-01.X | C14: Vorhergesagte Erwachsenengröße in Zoll, Spieler BW-01 | D14: S05 Regel 6 und 7: a_lo = 14.5, a_hi = 15.0, w = (Alter − a_lo)/0,5. Jeden Koeffizienten linear interpolieren: c = (1 − w)·c(a_lo) + w·c(a_hi). PAS = β0 + β1·Körperhöhe/2,54 + β2·Körpermasse/0,45359237 + β3·MP (Blatt Formelwerte, Spalten H bis N). | E14: Personendaten, Code BW-01, Koeffizienten_KR Zeilen 14.5 und 15.0 | F14: 74.57886 | G14: 74.57886 | H14: =INDEX(Formelwerte!$N$4:$N$34,MATCH("BW-01",Formelwerte!$A$4:$A$34,0)) | I14: =IF(H14="","",IFERROR(H14-F14,"FEHLER")) | J14: 1e-06 | K14: =IF(H14="","offen",IFERROR(IF(ABS(H14-F14)<=J14*MAX(1,ABS(F14)),"stimmt","ABWEICHUNG"),"FEHLER"))
A15: 9 | B15: S05.PAH.PAH.PRE.PBW-01.X | C15: %PAH, Spieler BW-01 | D15: S05 Regel 8: 100 · (Körperhöhe/2,54) / PAS (Blatt Formelwerte, Spalte O). | E15: Personendaten, Code BW-01 | F15: 91.854363 | G15: 91.854363 | H15: =INDEX(Formelwerte!$O$4:$O$34,MATCH("BW-01",Formelwerte!$A$4:$A$34,0)) | I15: =IF(H15="","",IFERROR(H15-F15,"FEHLER")) | J15: 1e-06 | K15: =IF(H15="","offen",IFERROR(IF(ABS(H15-F15)<=J15*MAX(1,ABS(F15)),"stimmt","ABWEICHUNG"),"FEHLER"))
A16: 10 | B16: S06.NMELD.FB.X.PHL-01.X | C16: Zahl der Meldungen, Spieler HL-01 (Listenplatz H010 = 1) | D16: S06 Regel 1 bis 3: Listenlabel aus H010 mit den Fallkorrekturen (CASE 59, 70, 140, 158, 165, 190, 206), Analysecode aus der Zuordnung (Blatt Fragebogen_A, Spalten L und M), Meldungen des Analysecodes zählen. | E16: Fragebogen_A, Zuordnung | F16: 10 | G16: 10 | H16: =COUNTIF(Fragebogen_A!$M$2:$M$112,"HL-01") | I16: =IF(H16="","",IFERROR(H16-F16,"FEHLER")) | J16: 0 | K16: =IF(H16="","offen",IFERROR(IF(ABS(H16-F16)<=J16*MAX(1,ABS(F16)),"stimmt","ABWEICHUNG"),"FEHLER"))
A17: 11 | B17: S07.ADH.ADH.X.PHL-01.GANZ | C17: Adhärenz GANZ, Spieler HL-01 | D17: S07 Regel 1: Meldungen des Analysecodes mit H004 = 1 zählen. | E17: Fragebogen_A | F17: 8 | G17: 8 | H17: =COUNTIFS(Fragebogen_A!$M$2:$M$112,"HL-01",Fragebogen_A!$F$2:$F$112,1) | I17: =IF(H17="","",IFERROR(H17-F17,"FEHLER")) | J17: 0 | K17: =IF(H17="","offen",IFERROR(IF(ABS(H17-F17)<=J17*MAX(1,ABS(F17)),"stimmt","ABWEICHUNG"),"FEHLER"))
A18: 12 | B18: S07.SUMME.ADH.X.IG.GANZ | C18: Summe der Meldungen „ganz“ über alle IG-Spieler | D18: S07 Regel 5 und 6: Summe der Zählung GANZ über die zugeteilten Spieler, Spieler ohne Meldung mit 0, Spieler ohne Listenplatz in der Summe mit 0 (Blatt Formelwerte, Spalte AE). Jede Meldung zählt (K7). | E18: Fragebogen_A über Formelwerte | F18: 92 | G18: 92 | H18: =SUM(Formelwerte!$AE$4:$AE$34) | I18: =IF(H18="","",IFERROR(H18-F18,"FEHLER")) | J18: 0 | K18: =IF(H18="","offen",IFERROR(IF(ABS(H18-F18)<=J18*MAX(1,ABS(F18)),"stimmt","ABWEICHUNG"),"FEHLER"))
A19: 13 | B19: S07.RATE.ADH.X.IG.GANZ | C19: Umsetzungsrate GANZ | D19: S07 Regel 6: Summe / (12 · Zahl der zugeteilten IG-Spieler der Personendaten). | E19: Kennwert Nr. 12, Personendaten | F19: 0.42592593 | G19: 0.42592593 | H19: =$H$18/(12*COUNTIF(Personendaten!$C$2:$C$32,"IG")) | I19: =IF(H19="","",IFERROR(H19-F19,"FEHLER")) | J19: 1e-06 | K19: =IF(H19="","offen",IFERROR(IF(ABS(H19-F19)<=J19*MAX(1,ABS(F19)),"stimmt","ABWEICHUNG"),"FEHLER"))
A20: 14 | B20: S08.N.Z30.X.ITTIG.X | C20: Zahl der IG-Spieler im ITT-Set 30 m | D20: S08 Regel 1: IG-Spieler mit BEST prä, BEST post und %PAH zählen (Blatt Formelwerte, Spalten D und AB). | E20: Formelwerte | F20: 16 | G20: 16 | H20: =COUNTIFS(Formelwerte!$D$4:$D$34,1,Formelwerte!$AB$4:$AB$34,1) | I20: =IF(H20="","",IFERROR(H20-F20,"FEHLER")) | J20: 0 | K20: =IF(H20="","offen",IFERROR(IF(ABS(H20-F20)<=J20*MAX(1,ABS(F20)),"stimmt","ABWEICHUNG"),"FEHLER"))
A21: 15 | B21: S10.TE.Z30.PRE.ALL.X | C21: Typischer Messfehler 30 m prä | D21: S10 Regel 1: je Spieler mit k ≥ 2 die Quadratsumme der Abweichungen vom Spielermittel (DEVSQ), Summe über Spieler geteilt durch Σ(k − 1), Wurzel (Blatt TE_Z30_prae). | E21: TE_Z30_prae | F21: 0.077491706 | G21: 0.077491706 | H21: =SQRT(SUM(TE_Z30_prae!$F$3:$F$33)/SUM(TE_Z30_prae!$G$3:$G$33)) | I21: =IF(H21="","",IFERROR(H21-F21,"FEHLER")) | J21: 1e-06 | K21: =IF(H21="","offen",IFERROR(IF(ABS(H21-F21)<=J21*MAX(1,ABS(F21)),"stimmt","ABWEICHUNG"),"FEHLER"))
A22: 16 | B22: S10.DFTE.Z30.PRE.ALL.X | C22: Freiheitsgrade des TE 30 m prä | D22: S10 Regel 1: Σ(k_i − 1) über Spieler mit k ≥ 2. | E22: TE_Z30_prae | F22: 47 | G22: 47 | H22: =SUM(TE_Z30_prae!$G$3:$G$33) | I22: =IF(H22="","",IFERROR(H22-F22,"FEHLER")) | J22: 0 | K22: =IF(H22="","offen",IFERROR(IF(ABS(H22-F22)<=J22*MAX(1,ABS(F22)),"stimmt","ABWEICHUNG"),"FEHLER"))
A23: 17 | B23: S10.SB.Z30.PRE.ALL.X | C23: Zwischen-Athleten-SD der Bestwerte 30 m prä | D23: S10 Regel 5: STDEV.S über BEST Z30 prä aller Spieler mit Wert (beide Gruppen, Blatt Formelwerte, Spalte Q). | E23: Formelwerte, Spalte BEST Z30 prä | F23: 0.31325897 | G23: 0.31325897 | H23: =_xlfn.STDEV.S(Formelwerte!$Q$4:$Q$34) | I23: =IF(H23="","",IFERROR(H23-F23,"FEHLER")) | J23: 1e-06 | K23: =IF(H23="","offen",IFERROR(IF(ABS(H23-F23)<=J23*MAX(1,ABS(F23)),"stimmt","ABWEICHUNG"),"FEHLER"))
A24: 18 | B24: S10.SESOI.Z30.PRE.ALL.X | C24: SESOI 30 m | D24: S10 Regel 6: 0,2 · S. | E24: Kennwert Nr. 17 | F24: 0.062651794 | G24: 0.062651794 | H24: =0.2*$H$23 | I24: =IF(H24="","",IFERROR(H24-F24,"FEHLER")) | J24: 1e-06 | K24: =IF(H24="","offen",IFERROR(IF(ABS(H24-F24)<=J24*MAX(1,ABS(F24)),"stimmt","ABWEICHUNG"),"FEHLER"))
A25: 19 | B25: S12.M.Z30.PRE.ITTIG.HAUPT | C25: Mittel BEST 30 m prä, IG im ITT-Set | D25: S12 Regel 4: AVERAGE über die Prä-Werte der IG-Spieler des ITT-Sets (Blatt ANCOVA_Z30, Spalte G). | E25: ANCOVA_Z30 | F25: 4.510625 | G25: 4.510625 | H25: =AVERAGE(ANCOVA_Z30!$G$3:$G$28) | I25: =IF(H25="","",IFERROR(H25-F25,"FEHLER")) | J25: 1e-06 | K25: =IF(H25="","offen",IFERROR(IF(ABS(H25-F25)<=J25*MAX(1,ABS(F25)),"stimmt","ABWEICHUNG"),"FEHLER"))
A26: 20 | B26: S12.SD.Z30.PRE.ITTIG.HAUPT | C26: SD BEST 30 m prä, IG im ITT-Set | D26: S12 Regel 4: STDEV.S über dieselben Spieler. | E26: ANCOVA_Z30 | F26: 0.2087253 | G26: 0.2087253 | H26: =_xlfn.STDEV.S(ANCOVA_Z30!$G$3:$G$28) | I26: =IF(H26="","",IFERROR(H26-F26,"FEHLER")) | J26: 1e-06 | K26: =IF(H26="","offen",IFERROR(IF(ABS(H26-F26)<=J26*MAX(1,ABS(F26)),"stimmt","ABWEICHUNG"),"FEHLER"))
A27: 21 | B27: S15.UD.Z30.X.ITT.HAUPT | C27: Unadjustierte Differenz der Post-Mittel 30 m (IG − KG), ITT-Set | D27: S15 Regel 4: Mittel BEST Z30 post der IG minus Mittel der KG, jeweils im ITT-Set (Blatt ANCOVA_Z30, Spalten I und J). | E27: ANCOVA_Z30 | F27: -0.32675 | G27: -0.32675 | H27: =AVERAGE(ANCOVA_Z30!$I$3:$I$28)-AVERAGE(ANCOVA_Z30!$J$3:$J$28) | I27: =IF(H27="","",IFERROR(H27-F27,"FEHLER")) | J27: 1e-06 | K27: =IF(H27="","offen",IFERROR(IF(ABS(H27-F27)<=J27*MAX(1,ABS(F27)),"stimmt","ABWEICHUNG"),"FEHLER"))
A28: 22 | B28: S15.SDPOST.Z30.X.ITT.HAUPT | C28: Gepoolte Post-SD 30 m, ITT-Set | D28: 0.5 Nr. 2: √(((n_IG − 1)·s_IG² + (n_KG − 1)·s_KG²)/(n_IG + n_KG − 2)) mit VAR.S je Gruppe. | E28: ANCOVA_Z30 | F28: 0.20469337 | G28: 0.20469337 | H28: =SQRT(((ANCOVA_Z30!$B$31-1)*_xlfn.VAR.S(ANCOVA_Z30!$I$3:$I$28)+(ANCOVA_Z30!$B$32-1)*_xlfn.VAR.S(ANCOVA_Z30!$J$3:$J$28))/(ANCOVA_Z30!$B$33-2)) | I28: =IF(H28="","",IFERROR(H28-F28,"FEHLER")) | J28: 1e-06 | K28: =IF(H28="","offen",IFERROR(IF(ABS(H28-F28)<=J28*MAX(1,ABS(F28)),"stimmt","ABWEICHUNG"),"FEHLER"))
A29: 23 | B29: S15.UDT.Z30.X.ITT.HAUPT | C29: t der unadjustierten Differenz | D29: S15 Regel 4: UD / (SD_pool · √(1/n_IG + 1/n_KG)). | E29: Kennwerte Nr. 21 und 22 | F29: -3.9599084 | G29: -3.9599084 | H29: =$H$27/($H$28*SQRT(1/ANCOVA_Z30!$B$31+1/ANCOVA_Z30!$B$32)) | I29: =IF(H29="","",IFERROR(H29-F29,"FEHLER")) | J29: 1e-06 | K29: =IF(H29="","offen",IFERROR(IF(ABS(H29-F29)<=J29*MAX(1,ABS(F29)),"stimmt","ABWEICHUNG"),"FEHLER"))
A30: 24 | B30: S15.UDP.Z30.X.ITT.HAUPT | C30: p der unadjustierten Differenz | D30: S15 Regel 4: zweiseitig, df = n − 2. Excel: T.DIST.2T(ABS(t), df). | E30: Kennwert Nr. 23 | F30: 0.00058305067 | G30: 0.00058305067 | H30: =_xlfn.T.DIST.2T(ABS($H$29),ANCOVA_Z30!$B$33-2) | I30: =IF(H30="","",IFERROR(H30-F30,"FEHLER")) | J30: 1e-06 | K30: =IF(H30="","offen",IFERROR(IF(ABS(H30-F30)<=J30*MAX(1,ABS(F30)),"stimmt","ABWEICHUNG"),"FEHLER"))
A31: 25 | B31: S13.B1.Z30.X.ITT.HAUPT | C31: Adjustierte Differenz b1 (ANCOVA 30 m, ITT) | D31: S13 Modell Post = b0 + b1·G + b2·Prä + b3·PAH. Excel: INDEX(LINEST(Post-Bereich, [G, Prä, PAH]-Bereich, WAHR, WAHR), 1, 3). LINEST gibt die Koeffizienten in umgekehrter Reihenfolge der x-Spalten aus, b1 steht in Zeile 1, Spalte 3 (Blatt ANCOVA_Z30). | E31: ANCOVA_Z30 (ITT-Set aus Formelwerte) | F31: -0.04450618 | G31: -0.04450618 | H31: =ANCOVA_Z30!$B$35 | I31: =IF(H31="","",IFERROR(H31-F31,"FEHLER")) | J31: 1e-06 | K31: =IF(H31="","offen",IFERROR(IF(ABS(H31-F31)<=J31*MAX(1,ABS(F31)),"stimmt","ABWEICHUNG"),"FEHLER"))
A32: 26 | B32: S13.SEB1.Z30.X.ITT.HAUPT | C32: Standardfehler von b1 | D32: S13 Regel 1: zweite Zeile von LINEST, dieselbe Spalte wie b1. | E32: ANCOVA_Z30 | F32: 0.07462827 | G32: 0.07462827 | H32: =ANCOVA_Z30!$B$36 | I32: =IF(H32="","",IFERROR(H32-F32,"FEHLER")) | J32: 1e-06 | K32: =IF(H32="","offen",IFERROR(IF(ABS(H32-F32)<=J32*MAX(1,ABS(F32)),"stimmt","ABWEICHUNG"),"FEHLER"))
A33: 27 | B33: S13.DF.Z30.X.ITT.HAUPT | C33: Residualfreiheitsgrade | D33: S13 Regel 1: n − 4. | E33: ANCOVA_Z30 | F33: 22 | G33: 22 | H33: =ANCOVA_Z30!$B$33-4 | I33: =IF(H33="","",IFERROR(H33-F33,"FEHLER")) | J33: 0 | K33: =IF(H33="","offen",IFERROR(IF(ABS(H33-F33)<=J33*MAX(1,ABS(F33)),"stimmt","ABWEICHUNG"),"FEHLER"))
A34: 28 | B34: S13.P.Z30.X.ITT.HAUPT | C34: p von b1, zweiseitig | D34: S13 Regel 2: t = b1/SE, p = T.DIST.2T(ABS(t), df). | E34: Kennwerte Nr. 25 bis 27 | F34: 0.55701433 | G34: 0.55701433 | H34: =_xlfn.T.DIST.2T(ABS($H$31/$H$32),$H$33) | I34: =IF(H34="","",IFERROR(H34-F34,"FEHLER")) | J34: 1e-06 | K34: =IF(H34="","offen",IFERROR(IF(ABS(H34-F34)<=J34*MAX(1,ABS(F34)),"stimmt","ABWEICHUNG"),"FEHLER"))
A35: 29 | B35: S13.KIU.Z30.X.ITT.HAUPT | C35: Untere KI-Grenze von b1 | D35: S13 Regel 2: b1 − T.INV.2T(0,05, df) · SE. | E35: Kennwerte Nr. 25 bis 27 | F35: -0.19927574 | G35: -0.19927574 | H35: =$H$31-_xlfn.T.INV.2T(0.05,$H$33)*$H$32 | I35: =IF(H35="","",IFERROR(H35-F35,"FEHLER")) | J35: 1e-06 | K35: =IF(H35="","offen",IFERROR(IF(ABS(H35-F35)<=J35*MAX(1,ABS(F35)),"stimmt","ABWEICHUNG"),"FEHLER"))
A36: 30 | B36: S15.SDPRE.Z30.X.ITT.HAUPT | C36: Gepoolte Prä-SD des ITT-Sets 30 m | D36: S15 Regel 1: wie Nr. 22, mit den BEST prä (Blatt ANCOVA_Z30, Spalten G und H). | E36: ANCOVA_Z30 | F36: 0.23369618 | G36: 0.23369618 | H36: =SQRT(((ANCOVA_Z30!$B$31-1)*_xlfn.VAR.S(ANCOVA_Z30!$G$3:$G$28)+(ANCOVA_Z30!$B$32-1)*_xlfn.VAR.S(ANCOVA_Z30!$H$3:$H$28))/(ANCOVA_Z30!$B$33-2)) | I36: =IF(H36="","",IFERROR(H36-F36,"FEHLER")) | J36: 1e-06 | K36: =IF(H36="","offen",IFERROR(IF(ABS(H36-F36)<=J36*MAX(1,ABS(F36)),"stimmt","ABWEICHUNG"),"FEHLER"))
A37: 31 | B37: S15.J.Z30.X.ITT.HAUPT | C37: Korrekturfaktor J | D37: S15 Regel 2: 1 − 3/(4·(n_IG + n_KG − 2) − 1). | E37: ANCOVA_Z30 | F37: 0.96842105 | G37: 0.96842105 | H37: =1-3/(4*(ANCOVA_Z30!$B$33-2)-1) | I37: =IF(H37="","",IFERROR(H37-F37,"FEHLER")) | J37: 1e-06 | K37: =IF(H37="","offen",IFERROR(IF(ABS(H37-F37)<=J37*MAX(1,ABS(F37)),"stimmt","ABWEICHUNG"),"FEHLER"))
A38: 32 | B38: S15.G.Z30.X.ITT.HAUPT | C38: Hedges’ g | D38: S15 Regel 3: b1 / SD_prä · J. | E38: Kennwerte Nr. 25, 30, 31 | F38: -0.18443057 | G38: -0.18443057 | H38: =$H$31/$H$36*$H$37 | I38: =IF(H38="","",IFERROR(H38-F38,"FEHLER")) | J38: 1e-06 | K38: =IF(H38="","offen",IFERROR(IF(ABS(H38-F38)<=J38*MAX(1,ABS(F38)),"stimmt","ABWEICHUNG"),"FEHLER"))
A39: 33 | B39: S18.FCRIT.Z30.X.ITT.X | C39: Kritischer F-Wert der Poweranalyse 30 m | D39: S18 Regel 3: F_1,df2(0,95) mit df2 = N − 4. Excel: F.INV.RT(0,05, 1, df2). | E39: ANCOVA_Z30 (N = n_IG + n_KG des ITT-Sets) | F39: 4.3009495 | G39: 4.3009495 | H39: =_xlfn.F.INV.RT(0.05,1,ANCOVA_Z30!$B$33-4) | I39: =IF(H39="","",IFERROR(H39-F39,"FEHLER")) | J39: 1e-06 | K39: =IF(H39="","offen",IFERROR(IF(ABS(H39-F39)<=J39*MAX(1,ABS(F39)),"stimmt","ABWEICHUNG"),"FEHLER"))
A40: 34 | B40: S13.H0REJ.X.X.ITT.HAUPT | C40: Merkmal H0 abgelehnt | D40: S13 Entscheidungsregel: 1, wenn für mindestens eine der drei Zielgrößen p < 0,05 und b1 in günstiger Richtung (Zeiten negativ, Sprung positiv), sonst 0. Für 30 m aus den Kennwerten Nr. 25 und 28, für CM und SBJ aus der Tabelle „Eingang aus der Ergebnisdatei“ (Spalten M bis O), wie vorab festgelegt. | E40: Kennwerte Nr. 25 und 28, Eingang aus der Ergebnisdatei | F40: 0 | G40: 0 | H40: =IF(OR(AND($H$34<0.05,$H$31<0),AND($O$7<0.05,$O$8<0),AND($O$9<0.05,$O$10>0)),1,0) | I40: =IF(H40="","",IFERROR(H40-F40,"FEHLER")) | J40: 0 | K40: =IF(H40="","offen",IFERROR(IF(ABS(H40-F40)<=J40*MAX(1,ABS(F40)),"stimmt","ABWEICHUNG"),"FEHLER"))
A42: Zusatzprüfungen (Formeln, kein Kennwert der Liste)
A43: Z1 | C43: Zahl auslösegestörter Sprintläufe prä und post (S02 Regel 2), Formel gegen berichtete Rechnung | E43: S02.NAUSL.X.PRE.ALL.X + S02.NAUSL.X.POST.ALL.X | F43: 0 | H43: =COUNTIF(Versuchsdaten!$N$2:$N$1117,1)/3 | J43: 0 | K43: =IFERROR(IF(ABS(H43-F43)<=J43,"stimmt","ABWEICHUNG"),"FEHLER")
A44: Z2 | C44: Zwischengrößen je Spieler (11 Größen × Spieler): Zahl der Zellen, in denen Formelwert und berichtete Rechnung abweichen (Blatt Formelwerte) | E44: Sollwert 0 | F44: 0 | H44: =SUM(Formelwerte!$AS$4:$AS$34) | J44: 0 | K44: =IFERROR(IF(ABS(H44-F44)<=J44,"stimmt","ABWEICHUNG"),"FEHLER")
A45: Z3 | C45: Blockgröße ANCOVA_Z30 = Zahl der Spieler mit ITT Z30 = 1 nach Formel | E45: Zeilen des Blocks | F45: 26 | H45: =ANCOVA_Z30!$B$37 | J45: 0 | K45: =IFERROR(IF(ABS(H45-F45)<=J45,"stimmt","ABWEICHUNG"),"FEHLER")
A46: Z4 | C46: Alle 34 Kennwerte mit Urteil „stimmt“ | E46: 34 | F46: 34 | H46: =COUNTIF(K7:K40,"stimmt") | J46: 0 | K46: =IFERROR(IF(ABS(H46-F46)<=J46,"stimmt","ABWEICHUNG"),"FEHLER")
A48: Quellen: Werte R aus Ergebnisse_R_2026-09-25.csv (SHA-256 3194a805…), Werte Python aus Ergebnisse_Python_2026-09-25.csv (SHA-256 2d4ce431…). Kennungen nach Spezifikation_2026-09-24_Kennungen.csv. Toleranzregel wie G.3 (deterministisch), für die Handprobe auf 1e-6 relativ gelockert, weil Excel andere Rechenwege nutzt. Fassung 2 vom 25.09.2026: Handwerte als Excel-Formeln (Verfasserentscheidung 25.09.2026, Register R12).

Sheet Versuchsdaten
A1: Code | B1: Zeitpunkt | C1: Test | D1: Seite | E1: Versuch | F1: Wert | G1: ungültig | H1: Bemerkung | I1: Gruppe (Formel) | J1: gültig_roh (S02 R1) | K1: t5 des Laufs | L1: t10 des Laufs | M1: t30 des Laufs | N1: auslösegestört (S02 R2) | O1: gültig (S02 R3) | P1: Status (Formel) | Q1: Kategorie (S03)
A2: BW-01 | B2: prä | C2: Sprint_5m | D2: – | E2: 1 | F2: 1.06 | I2: =INDEX(Personendaten!$C$2:$C$32,MATCH(A2,Personendaten!$A$2:$A$32,0)) | J2: =IF(AND(F2<>"",G2=""),1,0) | K2: =IF(LEFT(C2,7)<>"Sprint_","",IF(COUNTIFS(Versuchsdaten!$A$2:$A$1117,$A2,Versuchsdaten!$B$2:$B$1117,$B2,Versuchsdaten!$C$2:$C$1117,"Sprint_5m",Versuchsdaten!$E$2:$E$1117,$E2,Versuchsdaten!$J$2:$J$1117,1)=1,SUMIFS(Versuchsdaten!$F$2:$F$1117,Versuchsdaten!$A$2:$A$1117,$A2,Versuchsdaten!$B$2:$B$1117,$B2,Versuchsdaten!$C$2:$C$1117,"Sprint_5m",Versuchsdaten!$E$2:$E$1117,$E2,Versuchsdaten!$J$2:$J$1117,1),"")) | L2: =IF(LEFT(C2,7)<>"Sprint_","",IF(COUNTIFS(Versuchsdaten!$A$2:$A$1117,$A2,Versuchsdaten!$B$2:$B$1117,$B2,Versuchsdaten!$C$2:$C$1117,"Sprint_10m",Versuchsdaten!$E$2:$E$1117,$E2,Versuchsdaten!$J$2:$J$1117,1)=1,SUMIFS(Versuchsdaten!$F$2:$F$1117,Versuchsdaten!$A$2:$A$1117,$A2,Versuchsdaten!$B$2:$B$1117,$B2,Versuchsdaten!$C$2:$C$1117,"Sprint_10m",Versuchsdaten!$E$2:$E$1117,$E2,Versuchsdaten!$J$2:$J$1117,1),"")) | M2: =IF(LEFT(C2,7)<>"Sprint_","",IF(COUNTIFS(Versuchsdaten!$A$2:$A$1117,$A2,Versuchsdaten!$B$2:$B$1117,$B2,Versuchsdaten!$C$2:$C$1117,"Sprint_30m",Versuchsdaten!$E$2:$E$1117,$E2,Versuchsdaten!$J$2:$J$1117,1)=1,SUMIFS(Versuchsdaten!$F$2:$F$1117,Versuchsdaten!$A$2:$A$1117,$A2,Versuchsdaten!$B$2:$B$1117,$B2,Versuchsdaten!$C$2:$C$1117,"Sprint_30m",Versuchsdaten!$E$2:$E$1117,$E2,Versuchsdaten!$J$2:$J$1117,1),"")) | N2: =IF(LEFT(C2,7)<>"Sprint_",0,IF(IF(ISNUMBER(K2),IF(K2<=0,1,IF(5/K2>10,1,0)),0)+IF(ISNUMBER(L2),IF(ISNUMBER(K2),IF(L2-K2<=0,1,IF(5/(L2-K2)>10,1,0)),IF(L2<=0,1,IF(10/L2>10,1,0))),0)+IF(ISNUMBER(M2),IF(ISNUMBER(L2),IF(M2-L2<=0,1,IF(20/(M2-L2)>10,1,0)),IF(ISNUMBER(K2),IF(M2-K2<=0,1,IF(25/(M2-K2)>10,1,0)),IF(M2<=0,1,IF(30/M2>10,1,0)))),0)>0,1,0)) | O2: =IF(AND(J2=1,N2=0),1,0) | P2: =INDEX(Personendaten!$J$2:$J$32,MATCH(A2,Personendaten!$A$2:$A$32,0)) | Q2: =IF(O2=1,"",IF(AND(B2="post",P2="nicht angetreten"),"NANG",IF(N2=1,"AUSL",IFERROR(VLOOKUP(H2,Vokabular!$A$2:$B$8,2,FALSE),"UNBEKANNT"))))
A3: BW-01 | B3: prä | C3: Sprint_5m | D3: – | E3: 2 | H3: System nicht aufgenommen | I3: =INDEX(Personendaten!$C$2:$C$32,MATCH(A3,Personendaten!$A$2:$A$32,0)) | J3: =IF(AND(F3<>"",G3=""),1,0) | K3: =IF(LEFT(C3,7)<>"Sprint_","",IF(COUNTIFS(Versuchsdaten!$A$2:$A$1117,$A3,Versuchsdaten!$B$2:$B$1117,$B3,Versuchsdaten!$C$2:$C$1117,"Sprint_5m",Versuchsdaten!$E$2:$E$1117,$E3,Versuchsdaten!$J$2:$J$1117,1)=1,SUMIFS(Versuchsdaten!$F$2:$F$1117,Versuchsdaten!$A$2:$A$1117,$A3,Versuchsdaten!$B$2:$B$1117,$B3,Versuchsdaten!$C$2:$C$1117,"Sprint_5m",Versuchsdaten!$E$2:$E$1117,$E3,Versuchsdaten!$J$2:$J$1117,1),"")) | L3: =IF(LEFT(C3,7)<>"Sprint_","",IF(COUNTIFS(Versuchsdaten!$A$2:$A$1117,$A3,Versuchsdaten!$B$2:$B$1117,$B3,Versuchsdaten!$C$2:$C$1117,"Sprint_10m",Versuchsdaten!$E$2:$E$1117,$E3,Versuchsdaten!$J$2:$J$1117,1)=1,SUMIFS(Versuchsdaten!$F$2:$F$1117,Versuchsdaten!$A$2:$A$1117,$A3,Versuchsdaten!$B$2:$B$1117,$B3,Versuchsdaten!$C$2:$C$1117,"Sprint_10m",Versuchsdaten!$E$2:$E$1117,$E3,Versuchsdaten!$J$2:$J$1117,1),"")) | M3: =IF(LEFT(C3,7)<>"Sprint_","",IF(COUNTIFS(Versuchsdaten!$A$2:$A$1117,$A3,Versuchsdaten!$B$2:$B$1117,$B3,Versuchsdaten!$C$2:$C$1117,"Sprint_30m",Versuchsdaten!$E$2:$E$1117,$E3,Versuchsdaten!$J$2:$J$1117,1)=1,SUMIFS(Versuchsdaten!$F$2:$F$1117,Versuchsdaten!$A$2:$A$1117,$A3,Versuchsdaten!$B$2:$B$1117,$B3,Versuchsdaten!$C$2:$C$1117,"Sprint_30m",Versuchsdaten!$E$2:$E$1117,$E3,Versuchsdaten!$J$2:$J$1117,1),"")) | N3: =IF(LEFT(C3,7)<>"Sprint_",0,IF(IF(ISNUMBER(K3),IF(K3<=0,1,IF(5/K3>10,1,0)),0)+IF(ISNUMBER(L3),IF(ISNUMBER(K3),IF(L3-K3<=0,1,IF(5/(L3-K3)>10,1,0)),IF(L3<=0,1,IF(10/L3>10,1,0))),0)+IF(ISNUMBER(M3),IF(ISNUMBER(L3),IF(M3-L3<=0,1,IF(20/(M3-L3)>10,1,0)),IF(ISNUMBER(K3),IF(M3-K3<=0,1,IF(25/(M3-K3)>10,1,0)),IF(M3<=0,1,IF(30/M3>10,1,0)))),0)>0,1,0)) | O3: =IF(AND(J3=1,N3=0),1,0) | P3: =INDEX(Personendaten!$J$2:$J$32,MATCH(A3,Personendaten!$A$2:$A$32,0)) | Q3: =IF(O3=1,"",IF(AND(B3="post",P3="nicht angetreten"),"NANG",IF(N3=1,"AUSL",IFERROR(VLOOKUP(H3,Vokabular!$A$2:$B$8,2,FALSE),"UNBEKANNT"))))
A4: BW-01 | B4: prä | C4: Sprint_5m | D4: – | E4: 3 | F4: 1.05 | I4: =INDEX(Personendaten!$C$2:$C$32,MATCH(A4,Personendaten!$A$2:$A$32,0)) | J4: =IF(AND(F4<>"",G4=""),1,0) | K4: =IF(LEFT(C4,7)<>"Sprint_","",IF(COUNTIFS(Versuchsdaten!$A$2:$A$1117,$A4,Versuchsdaten!$B$2:$B$1117,$B4,Versuchsdaten!$C$2:$C$1117,"Sprint_5m",Versuchsdaten!$E$2:$E$1117,$E4,Versuchsdaten!$J$2:$J$1117,1)=1,SUMIFS(Versuchsdaten!$F$2:$F$1117,Versuchsdaten!$A$2:$A$1117,$A4,Versuchsdaten!$B$2:$B$1117,$B4,Versuchsdaten!$C$2:$C$1117,"Sprint_5m",Versuchsdaten!$E$2:$E$1117,$E4,Versuchsdaten!$J$2:$J$1117,1),"")) | L4: =IF(LEFT(C4,7)<>"Sprint_","",IF(COUNTIFS(Versuchsdaten!$A$2:$A$1117,$A4,Versuchsdaten!$B$2:$B$1117,$B4,Versuchsdaten!$C$2:$C$1117,"Sprint_10m",Versuchsdaten!$E$2:$E$1117,$E4,Versuchsdaten!$J$2:$J$1117,1)=1,SUMIFS(Versuchsdaten!$F$2:$F$1117,Versuchsdaten!$A$2:$A$1117,$A4,Versuchsdaten!$B$2:$B$1117,$B4,Versuchsdaten!$C$2:$C$1117,"Sprint_10m",Versuchsdaten!$E$2:$E$1117,$E4,Versuchsdaten!$J$2:$J$1117,1),"")) | M4: =IF(LEFT(C4,7)<>"Sprint_","",IF(COUNTIFS(Versuchsdaten!$A$2:$A$1117,$A4,Versuchsdaten!$B$2:$B$1117,$B4,Versuchsdaten!$C$2:$C$1117,"Sprint_30m",Versuchsdaten!$E$2:$E$1117,$E4,Versuchsdaten!$J$2:$J$1117,1)=1,SUMIFS(Versuchsdaten!$F$2:$F$1117,Versuchsdaten!$A$2:$A$1117,$A4,Versuchsdaten!$B$2:$B$1117,$B4,Versuchsdaten!$C$2:$C$1117,"Sprint_30m",Versuchsdaten!$E$2:$E$1117,$E4,Versuchsdaten!$J$2:$J$1117,1),"")) | N4: =IF(LEFT(C4,7)<>"Sprint_",0,IF(IF(ISNUMBER(K4),IF(K4<=0,1,IF(5/K4>10,1,0)),0)+IF(ISNUMBER(L4),IF(ISNUMBER(K4),IF(L4-K4<=0,1,IF(5/(L4-K4)>10,1,0)),IF(L4<=0,1,IF(10/L4>10,1,0))),0)+IF(ISNUMBER(M4),IF(ISNUMBER(L4),IF(M4-L4<=0,1,IF(20/(M4-L4)>10,1,0)),IF(ISNUMBER(K4),IF(M4-K4<=0,1,IF(25/(M4-K4)>10,1,0)),IF(M4<=0,1,IF(30/M4>10,1,0)))),0)>0,1,0)) | O4: =IF(AND(J4=1,N4=0),1,0) | P4: =INDEX(Personendaten!$J$2:$J$32,MATCH(A4,Personendaten!$A$2:$A$32,0)) | Q4: =IF(O4=1,"",IF(AND(B4="post",P4="nicht angetreten"),"NANG",IF(N4=1,"AUSL",IFERROR(VLOOKUP(H4,Vokabular!$A$2:$B$8,2,FALSE),"UNBEKANNT"))))
A5: BW-01 | B5: prä | C5: Sprint_10m | D5: – | E5: 1 | F5: 1.84 | I5: =INDEX(Personendaten!$C$2:$C$32,MATCH(A5,Personendaten!$A$2:$A$32,0)) | J5: =IF(AND(F5<>"",G5=""),1,0) | K5: =IF(LEFT(C5,7)<>"Sprint_","",IF(COUNTIFS(Versuchsdaten!$A$2:$A$1117,$A5,Versuchsdaten!$B$2:$B$1117,$B5,Versuchsdaten!$C$2:$C$1117,"Sprint_5m",Versuchsdaten!$E$2:$E$1117,$E5,Versuchsdaten!$J$2:$J$1117,1)=1,SUMIFS(Versuchsdaten!$F$2:$F$1117,Versuchsdaten!$A$2:$A$1117,$A5,Versuchsdaten!$B$2:$B$1117,$B5,Versuchsdaten!$C$2:$C$1117,"Sprint_5m",Versuchsdaten!$E$2:$E$1117,$E5,Versuchsdaten!$J$2:$J$1117,1),"")) | L5: =IF(LEFT(C5,7)<>"Sprint_","",IF(COUNTIFS(Versuchsdaten!$A$2:$A$1117,$A5,Versuchsdaten!$B$2:$B$1117,$B5,Versuchsdaten!$C$2:$C$1117,"Sprint_10m",Versuchsdaten!$E$2:$E$1117,$E5,Versuchsdaten!$J$2:$J$1117,1)=1,SUMIFS(Versuchsdaten!$F$2:$F$1117,Versuchsdaten!$A$2:$A$1117,$A5,Versuchsdaten!$B$2:$B$1117,$B5,Versuchsdaten!$C$2:$C$1117,"Sprint_10m",Versuchsdaten!$E$2:$E$1117,$E5,Versuchsdaten!$J$2:$J$1117,1),"")) | M5: =IF(LEFT(C5,7)<>"Sprint_","",IF(COUNTIFS(Versuchsdaten!$A$2:$A$1117,$A5,Versuchsdaten!$B$2:$B$1117,$B5,Versuchsdaten!$C$2:$C$1117,"Sprint_30m",Versuchsdaten!$E$2:$E$1117,$E5,Versuchsdaten!$J$2:$J$1117,1)=1,SUMIFS(Versuchsdaten!$F$2:$F$1117,Versuchsdaten!$A$2:$A$1117,$A5,Versuchsdaten!$B$2:$B$1117,$B5,Versuchsdaten!$C$2:$C$1117,"Sprint_30m",Versuchsdaten!$E$2:$E$1117,$E5,Versuchsdaten!$J$2:$J$1117,1),"")) | N5: =IF(LEFT(C5,7)<>"Sprint_",0,IF(IF(ISNUMBER(K5),IF(K5<=0,1,IF(5/K5>10,1,0)),0)+IF(ISNUMBER(L5),IF(ISNUMBER(K5),IF(L5-K5<=0,1,IF(5/(L5-K5)>10,1,0)),IF(L5<=0,1,IF(10/L5>10,1,0))),0)+IF(ISNUMBER(M5),IF(ISNUMBER(L5),IF(M5-L5<=0,1,IF(20/(M5-L5)>10,1,0)),IF(ISNUMBER(K5),IF(M5-K5<=0,1,IF(25/(M5-K5)>10,1,0)),IF(M5<=0,1,IF(30/M5>10,1,0)))),0)>0,1,0)) | O5: =IF(AND(J5=1,N5=0),1,0) | P5: =INDEX(Personendaten!$J$2:$J$32,MATCH(A5,Personendaten!$A$2:$A$32,0)) | Q5: =IF(O5=1,"",IF(AND(B5="post",P5="nicht angetreten"),"NANG",IF(N5=1,"AUSL",IFERROR(VLOOKUP(H5,Vokabular!$A$2:$B$8,2,FALSE),"UNBEKANNT"))))
A6: BW-01 | B6: prä | C6: Sprint_10m | D6: – | E6: 2 | F6: 1.93 | I6: =INDEX(Personendaten!$C$2:$C$32,MATCH(A6,Personendaten!$A$2:$A$32,0)) | J6: =IF(AND(F6<>"",G6=""),1,0) | K6: =IF(LEFT(C6,7)<>"Sprint_","",IF(COUNTIFS(Versuchsdaten!$A$2:$A$1117,$A6,Versuchsdaten!$B$2:$B$1117,$B6,Versuchsdaten!$C$2:$C$1117,"Sprint_5m",Versuchsdaten!$E$2:$E$1117,$E6,Versuchsdaten!$J$2:$J$1117,1)=1,SUMIFS(Versuchsdaten!$F$2:$F$1117,Versuchsdaten!$A$2:$A$1117,$A6,Versuchsdaten!$B$2:$B$1117,$B6,Versuchsdaten!$C$2:$C$1117,"Sprint_5m",Versuchsdaten!$E$2:$E$1117,$E6,Versuchsdaten!$J$2:$J$1117,1),"")) | L6: =IF(LEFT(C6,7)<>"Sprint_","",IF(COUNTIFS(Versuchsdaten!$A$2:$A$1117,$A6,Versuchsdaten!$B$2:$B$1117,$B6,Versuchsdaten!$C$2:$C$1117,"Sprint_10m",Versuchsdaten!$E$2:$E$1117,$E6,Versuchsdaten!$J$2:$J$1117,1)=1,SUMIFS(Versuchsdaten!$F$2:$F$1117,Versuchsdaten!$A$2:$A$1117,$A6,Versuchsdaten!$B$2:$B$1117,$B6,Versuchsdaten!$C$2:$C$1117,"Sprint_10m",Versuchsdaten!$E$2:$E$1117,$E6,Versuchsdaten!$J$2:$J$1117,1),"")) | M6: =IF(LEFT(C6,7)<>"Sprint_","",IF(COUNTIFS(Versuchsdaten!$A$2:$A$1117,$A6,Versuchsdaten!$B$2:$B$1117,$B6,Versuchsdaten!$C$2:$C$1117,"Sprint_30m",Versuchsdaten!$E$2:$E$1117,$E6,Versuchsdaten!$J$2:$J$1117,1)=1,SUMIFS(Versuchsdaten!$F$2:$F$1117,Versuchsdaten!$A$2:$A$1117,$A6,Versuchsdaten!$B$2:$B$1117,$B6,Versuchsdaten!$C$2:$C$1117,"Sprint_30m",Versuchsdaten!$E$2:$E$1117,$E6,Versuchsdaten!$J$2:$J$1117,1),"")) | N6: =IF(LEFT(C6,7)<>"Sprint_",0,IF(IF(ISNUMBER(K6),IF(K6<=0,1,IF(5/K6>10,1,0)),0)+IF(ISNUMBER(L6),IF(ISNUMBER(K6),IF(L6-K6<=0,1,IF(5/(L6-K6)>10,1,0)),IF(L6<=0,1,IF(10/L6>10,1,0))),0)+IF(ISNUMBER(M6),IF(ISNUMBER(L6),IF(M6-L6<=0,1,IF(20/(M6-L6)>10,1,0)),IF(ISNUMBER(K6),IF(M6-K6<=0,1,IF(25/(M6-K6)>10,1,0)),IF(M6<=0,1,IF(30/M6>10,1,0)))),0)>0,1,0)) | O6: =IF(AND(J6=1,N6=0),1,0) | P6: =INDEX(Personendaten!$J$2:$J$32,MATCH(A6,Personendaten!$A$2:$A$32,0)) | Q6: =IF(O6=1,"",IF(AND(B6="post",P6="nicht angetreten"),"NANG",IF(N6=1,"AUSL",IFERROR(VLOOKUP(H6,Vokabular!$A$2:$B$8,2,FALSE),"UNBEKANNT"))))
A7: BW-01 | B7: prä | C7: Sprint_10m | D7: – | E7: 3 | F7: 1.9 | I7: =INDEX(Personendaten!$C$2:$C$32,MATCH(A7,Personendaten!$A$2:$A$32,0)) | J7: =IF(AND(F7<>"",G7=""),1,0) | K7: =IF(LEFT(C7,7)<>"Sprint_","",IF(COUNTIFS(Versuchsdaten!$A$2:$A$1117,$A7,Versuchsdaten!$B$2:$B$1117,$B7,Versuchsdaten!$C$2:$C$1117,"Sprint_5m",Versuchsdaten!$E$2:$E$1117,$E7,Versuchsdaten!$J$2:$J$1117,1)=1,SUMIFS(Versuchsdaten!$F$2:$F$1117,Versuchsdaten!$A$2:$A$1117,$A7,Versuchsdaten!$B$2:$B$1117,$B7,Versuchsdaten!$C$2:$C$1117,"Sprint_5m",Versuchsdaten!$E$2:$E$1117,$E7,Versuchsdaten!$J$2:$J$1117,1),"")) | L7: =IF(LEFT(C7,7)<>"Sprint_","",IF(COUNTIFS(Versuchsdaten!$A$2:$A$1117,$A7,Versuchsdaten!$B$2:$B$1117,$B7,Versuchsdaten!$C$2:$C$1117,"Sprint_10m",Versuchsdaten!$E$2:$E$1117,$E7,Versuchsdaten!$J$2:$J$1117,1)=1,SUMIFS(Versuchsdaten!$F$2:$F$1117,Versuchsdaten!$A$2:$A$1117,$A7,Versuchsdaten!$B$2:$B$1117,$B7,Versuchsdaten!$C$2:$C$1117,"Sprint_10m",Versuchsdaten!$E$2:$E$1117,$E7,Versuchsdaten!$J$2:$J$1117,1),"")) | M7: =IF(LEFT(C7,7)<>"Sprint_","",IF(COUNTIFS(Versuchsdaten!$A$2:$A$1117,$A7,Versuchsdaten!$B$2:$B$1117,$B7,Versuchsdaten!$C$2:$C$1117,"Sprint_30m",Versuchsdaten!$E$2:$E$1117,$E7,Versuchsdaten!$J$2:$J$1117,1)=1,SUMIFS(Versuchsdaten!$F$2:$F$1117,Versuchsdaten!$A$2:$A$1117,$A7,Versuchsdaten!$B$2:$B$1117,$B7,Versuchsdaten!$C$2:$C$1117,"Sprint_30m",Versuchsdaten!$E$2:$E$1117,$E7,Versuchsdaten!$J$2:$J$1117,1),"")) | N7: =IF(LEFT(C7,7)<>"Sprint_",0,IF(IF(ISNUMBER(K7),IF(K7<=0,1,IF(5/K7>10,1,0)),0)+IF(ISNUMBER(L7),IF(ISNUMBER(K7),IF(L7-K7<=0,1,IF(5/(L7-K7)>10,1,0)),IF(L7<=0,1,IF(10/L7>10,1,0))),0)+IF(ISNUMBER(M7),IF(ISNUMBER(L7),IF(M7-L7<=0,1,IF(20/(M7-L7)>10,1,0)),IF(ISNUMBER(K7),IF(M7-K7<=0,1,IF(25/(M7-K7)>10,1,0)),IF(M7<=0,1,IF(30/M7>10,1,0)))),0)>0,1,0)) | O7: =IF(AND(J7=1,N7=0),1,0) | P7: =INDEX(Personendaten!$J$2:$J$32,MATCH(A7,Personendaten!$A$2:$A$32,0)) | Q7: =IF(O7=1,"",IF(AND(B7="post",P7="nicht angetreten"),"NANG",IF(N7=1,"AUSL",IFERROR(VLOOKUP(H7,Vokabular!$A$2:$B$8,2,FALSE),"UNBEKANNT"))))
A8: BW-01 | B8: prä | C8: Sprint_30m | D8: – | E8: 1 | F8: 4.53 | I8: =INDEX(Personendaten!$C$2:$C$32,MATCH(A8,Personendaten!$A$2:$A$32,0)) | J8: =IF(AND(F8<>"",G8=""),1,0) | K8: =IF(LEFT(C8,7)<>"Sprint_","",IF(COUNTIFS(Versuchsdaten!$A$2:$A$1117,$A8,Versuchsdaten!$B$2:$B$1117,$B8,Versuchsdaten!$C$2:$C$1117,"Sprint_5m",Versuchsdaten!$E$2:$E$1117,$E8,Versuchsdaten!$J$2:$J$1117,1)=1,SUMIFS(Versuchsdaten!$F$2:$F$1117,Versuchsdaten!$A$2:$A$1117,$A8,Versuchsdaten!$B$2:$B$1117,$B8,Versuchsdaten!$C$2:$C$1117,"Sprint_5m",Versuchsdaten!$E$2:$E$1117,$E8,Versuchsdaten!$J$2:$J$1117,1),"")) | L8: =IF(LEFT(C8,7)<>"Sprint_","",IF(COUNTIFS(Versuchsdaten!$A$2:$A$1117,$A8,Versuchsdaten!$B$2:$B$1117,$B8,Versuchsdaten!$C$2:$C$1117,"Sprint_10m",Versuchsdaten!$E$2:$E$1117,$E8,Versuchsdaten!$J$2:$J$1117,1)=1,SUMIFS(Versuchsdaten!$F$2:$F$1117,Versuchsdaten!$A$2:$A$1117,$A8,Versuchsdaten!$B$2:$B$1117,$B8,Versuchsdaten!$C$2:$C$1117,"Sprint_10m",Versuchsdaten!$E$2:$E$1117,$E8,Versuchsdaten!$J$2:$J$1117,1),"")) | M8: =IF(LEFT(C8,7)<>"Sprint_","",IF(COUNTIFS(Versuchsdaten!$A$2:$A$1117,$A8,Versuchsdaten!$B$2:$B$1117,$B8,Versuchsdaten!$C$2:$C$1117,"Sprint_30m",Versuchsdaten!$E$2:$E$1117,$E8,Versuchsdaten!$J$2:$J$1117,1)=1,SUMIFS(Versuchsdaten!$F$2:$F$1117,Versuchsdaten!$A$2:$A$1117,$A8,Versuchsdaten!$B$2:$B$1117,$B8,Versuchsdaten!$C$2:$C$1117,"Sprint_30m",Versuchsdaten!$E$2:$E$1117,$E8,Versuchsdaten!$J$2:$J$1117,1),"")) | N8: =IF(LEFT(C8,7)<>"Sprint_",0,IF(IF(ISNUMBER(K8),IF(K8<=0,1,IF(5/K8>10,1,0)),0)+IF(ISNUMBER(L8),IF(ISNUMBER(K8),IF(L8-K8<=0,1,IF(5/(L8-K8)>10,1,0)),IF(L8<=0,1,IF(10/L8>10,1,0))),0)+IF(ISNUMBER(M8),IF(ISNUMBER(L8),IF(M8-L8<=0,1,IF(20/(M8-L8)>10,1,0)),IF(ISNUMBER(K8),IF(M8-K8<=0,1,IF(25/(M8-K8)>10,1,0)),IF(M8<=0,1,IF(30/M8>10,1,0)))),0)>0,1,0)) | O8: =IF(AND(J8=1,N8=0),1,0) | P8: =INDEX(Personendaten!$J$2:$J$32,MATCH(A8,Personendaten!$A$2:$A$32,0)) | Q8: =IF(O8=1,"",IF(AND(B8="post",P8="nicht angetreten"),"NANG",IF(N8=1,"AUSL",IFERROR(VLOOKUP(H8,Vokabular!$A$2:$B$8,2,FALSE),"UNBEKANNT"))))
A9: BW-01 | B9: prä | C9: Sprint_30m | D9: – | E9: 2 | F9: 4.68 | I9: =INDEX(Personendaten!$C$2:$C$32,MATCH(A9,Personendaten!$A$2:$A$32,0)) | J9: =IF(AND(F9<>"",G9=""),1,0) | K9: =IF(LEFT(C9,7)<>"Sprint_","",IF(COUNTIFS(Versuchsdaten!$A$2:$A$1117,$A9,Versuchsdaten!$B$2:$B$1117,$B9,Versuchsdaten!$C$2:$C$1117,"Sprint_5m",Versuchsdaten!$E$2:$E$1117,$E9,Versuchsdaten!$J$2:$J$1117,1)=1,SUMIFS(Versuchsdaten!$F$2:$F$1117,Versuchsdaten!$A$2:$A$1117,$A9,Versuchsdaten!$B$2:$B$1117,$B9,Versuchsdaten!$C$2:$C$1117,"Sprint_5m",Versuchsdaten!$E$2:$E$1117,$E9,Versuchsdaten!$J$2:$J$1117,1),"")) | L9: =IF(LEFT(C9,7)<>"Sprint_","",IF(COUNTIFS(Versuchsdaten!$A$2:$A$1117,$A9,Versuchsdaten!$B$2:$B$1117,$B9,Versuchsdaten!$C$2:$C$1117,"Sprint_10m",Versuchsdaten!$E$2:$E$1117,$E9,Versuchsdaten!$J$2:$J$1117,1)=1,SUMIFS(Versuchsdaten!$F$2:$F$1117,Versuchsdaten!$A$2:$A$1117,$A9,Versuchsdaten!$B$2:$B$1117,$B9,Versuchsdaten!$C$2:$C$1117,"Sprint_10m",Versuchsdaten!$E$2:$E$1117,$E9,Versuchsdaten!$J$2:$J$1117,1),"")) | M9: =IF(LEFT(C9,7)<>"Sprint_","",IF(COUNTIFS(Versuchsdaten!$A$2:$A$1117,$A9,Versuchsdaten!$B$2:$B$1117,$B9,Versuchsdaten!$C$2:$C$1117,"Sprint_30m",Versuchsdaten!$E$2:$E$1117,$E9,Versuchsdaten!$J$2:$J$1117,1)=1,SUMIFS(Versuchsdaten!$F$2:$F$1117,Versuchsdaten!$A$2:$A$1117,$A9,Versuchsdaten!$B$2:$B$1117,$B9,Versuchsdaten!$C$2:$C$1117,"Sprint_30m",Versuchsdaten!$E$2:$E$1117,$E9,Versuchsdaten!$J$2:$J$1117,1),"")) | N9: =IF(LEFT(C9,7)<>"Sprint_",0,IF(IF(ISNUMBER(K9),IF(K9<=0,1,IF(5/K9>10,1,0)),0)+IF(ISNUMBER(L9),IF(ISNUMBER(K9),IF(L9-K9<=0,1,IF(5/(L9-K9)>10,1,0)),IF(L9<=0,1,IF(10/L9>10,1,0))),0)+IF(ISNUMBER(M9),IF(ISNUMBER(L9),IF(M9-L9<=0,1,IF(20/(M9-L9)>10,1,0)),IF(ISNUMBER(K9),IF(M9-K9<=0,1,IF(25/(M9-K9)>10,1,0)),IF(M9<=0,1,IF(30/M9>10,1,0)))),0)>0,1,0)) | O9: =IF(AND(J9=1,N9=0),1,0) | P9: =INDEX(Personendaten!$J$2:$J$32,MATCH(A9,Personendaten!$A$2:$A$32,0)) | Q9: =IF(O9=1,"",IF(AND(B9="post",P9="nicht angetreten"),"NANG",IF(N9=1,"AUSL",IFERROR(VLOOKUP(H9,Vokabular!$A$2:$B$8,2,FALSE),"UNBEKANNT"))))
A10: BW-01 | B10: prä | C10: Sprint_30m | D10: – | E10: 3 | F10: 4.55 | I10: =INDEX(Personendaten!$C$2:$C$32,MATCH(A10,Personendaten!$A$2:$A$32,0)) | J10: =IF(AND(F10<>"",G10=""),1,0) | K10: =IF(LEFT(C10,7)<>"Sprint_","",IF(COUNTIFS(Versuchsdaten!$A$2:$A$1117,$A10,Versuchsdaten!$B$2:$B$1117,$B10,Versuchsdaten!$C$2:$C$1117,"Sprint_5m",Versuchsdaten!$E$2:$E$1117,$E10,Versuchsdaten!$J$2:$J$1117,1)=1,SUMIFS(Versuchsdaten!$F$2:$F$1117,Versuchsdaten!$A$2:$A$1117,$A10,Versuchsdaten!$B$2:$B$1117,$B10,Versuchsdaten!$C$2:$C$1117,"Sprint_5m",Versuchsdaten!$E$2:$E$1117,$E10,Versuchsdaten!$J$2:$J$1117,1),"")) | L10: =IF(LEFT(C10,7)<>"Sprint_","",IF(COUNTIFS(Versuchsdaten!$A$2:$A$1117,$A10,Versuchsdaten!$B$2:$B$1117,$B10,Versuchsdaten!$C$2:$C$1117,"Sprint_10m",Versuchsdaten!$E$2:$E$1117,$E10,Versuchsdaten!$J$2:$J$1117,1)=1,SUMIFS(Versuchsdaten!$F$2:$F$1117,Versuchsdaten!$A$2:$A$1117,$A10,Versuchsdaten!$B$2:$B$1117,$B10,Versuchsdaten!$C$2:$C$1117,"Sprint_10m",Versuchsdaten!$E$2:$E$1117,$E10,Versuchsdaten!$J$2:$J$1117,1),"")) | M10: =IF(LEFT(C10,7)<>"Sprint_","",IF(COUNTIFS(Versuchsdaten!$A$2:$A$1117,$A10,Versuchsdaten!$B$2:$B$1117,$B10,Versuchsdaten!$C$2:$C$1117,"Sprint_30m",Versuchsdaten!$E$2:$E$1117,$E10,Versuchsdaten!$J$2:$J$1117,1)=1,SUMIFS(Versuchsdaten!$F$2:$F$1117,Versuchsdaten!$A$2:$A$1117,$A10,Versuchsdaten!$B$2:$B$1117,$B10,Versuchsdaten!$C$2:$C$1117,"Sprint_30m",Versuchsdaten!$E$2:$E$1117,$E10,Versuchsdaten!$J$2:$J$1117,1),"")) | N10: =IF(LEFT(C10,7)<>"Sprint_",0,IF(IF(ISNUMBER(K10),IF(K10<=0,1,IF(5/K10>10,1,0)),0)+IF(ISNUMBER(L10),IF(ISNUMBER(K10),IF(L10-K10<=0,1,IF(5/(L10-K10)>10,1,0)),IF(L10<=0,1,IF(10/L10>10,1,0))),0)+IF(ISNUMBER(M10),IF(ISNUMBER(L10),IF(M10-L10<=0,1,IF(20/(M10-L10)>10,1,0)),IF(ISNUMBER(K10),IF(M10-K10<=0,1,IF(25/(M10-K10)>10,1,0)),IF(M10<=0,1,IF(30/M10>10,1,0)))),0)>0,1,0)) | O10: =IF(AND(J10=1,N10=0),1,0) | P10: =INDEX(Personendaten!$J$2:$J$32,MATCH(A10,Personendaten!$A$2:$A$32,0)) | Q10: =IF(O10=1,"",IF(AND(B10="post",P10="nicht angetreten"),"NANG",IF(N10=1,"AUSL",IFERROR(VLOOKUP(H10,Vokabular!$A$2:$B$8,2,FALSE),"UNBEKANNT"))))
A11: BW-01 | B11: prä | C11: Standweitsprung | D11: – | E11: 1 | G11: x | H11: Kein fester Stand | I11: =INDEX(Personendaten!$C$2:$C$32,MATCH(A11,Personendaten!$A$2:$A$32,0)) | J11: =IF(AND(F11<>"",G11=""),1,0) | K11: =IF(LEFT(C11,7)<>"Sprint_","",IF(COUNTIFS(Versuchsdaten!$A$2:$A$1117,$A11,Versuchsdaten!$B$2:$B$1117,$B11,Versuchsdaten!$C$2:$C$1117,"Sprint_5m",Versuchsdaten!$E$2:$E$1117,$E11,Versuchsdaten!$J$2:$J$1117,1)=1,SUMIFS(Versuchsdaten!$F$2:$F$1117,Versuchsdaten!$A$2:$A$1117,$A11,Versuchsdaten!$B$2:$B$1117,$B11,Versuchsdaten!$C$2:$C$1117,"Sprint_5m",Versuchsdaten!$E$2:$E$1117,$E11,Versuchsdaten!$J$2:$J$1117,1),"")) | L11: =IF(LEFT(C11,7)<>"Sprint_","",IF(COUNTIFS(Versuchsdaten!$A$2:$A$1117,$A11,Versuchsdaten!$B$2:$B$1117,$B11,Versuchsdaten!$C$2:$C$1117,"Sprint_10m",Versuchsdaten!$E$2:$E$1117,$E11,Versuchsdaten!$J$2:$J$1117,1)=1,SUMIFS(Versuchsdaten!$F$2:$F$1117,Versuchsdaten!$A$2:$A$1117,$A11,Versuchsdaten!$B$2:$B$1117,$B11,Versuchsdaten!$C$2:$C$1117,"Sprint_10m",Versuchsdaten!$E$2:$E$1117,$E11,Versuchsdaten!$J$2:$J$1117,1),"")) | M11: =IF(LEFT(C11,7)<>"Sprint_","",IF(COUNTIFS(Versuchsdaten!$A$2:$A$1117,$A11,Versuchsdaten!$B$2:$B$1117,$B11,Versuchsdaten!$C$2:$C$1117,"Sprint_30m",Versuchsdaten!$E$2:$E$1117,$E11,Versuchsdaten!$J$2:$J$1117,1)=1,SUMIFS(Versuchsdaten!$F$2:$F$1117,Versuchsdaten!$A$2:$A$1117,$A11,Versuchsdaten!$B$2:$B$1117,$B11,Versuchsdaten!$C$2:$C$1117,"Sprint_30m",Versuchsdaten!$E$2:$E$1117,$E11,Versuchsdaten!$J$2:$J$1117,1),"")) | N11: =IF(LEFT(C11,7)<>"Sprint_",0,IF(IF(ISNUMBER(K11),IF(K11<=0,1,IF(5/K11>10,1,0)),0)+IF(ISNUMBER(L11),IF(ISNUMBER(K11),IF(L11-K11<=0,1,IF(5/(L11-K11)>10,1,0)),IF(L11<=0,1,IF(10/L11>10,1,0))),0)+IF(ISNUMBER(M11),IF(ISNUMBER(L11),IF(M11-L11<=0,1,IF(20/(M11-L11)>10,1,0)),IF(ISNUMBER(K11),IF(M11-K11<=0,1,IF(25/(M11-K11)>10,1,0)),IF(M11<=0,1,IF(30/M11>10,1,0)))),0)>0,1,0)) | O11: =IF(AND(J11=1,N11=0),1,0) | P11: =INDEX(Personendaten!$J$2:$J$32,MATCH(A11,Personendaten!$A$2:$A$32,0)) | Q11: =IF(O11=1,"",IF(AND(B11="post",P11="nicht angetreten"),"NANG",IF(N11=1,"AUSL",IFERROR(VLOOKUP(H11,Vokabular!$A$2:$B$8,2,FALSE),"UNBEKANNT"))))
A12: BW-01 | B12: prä | C12: Standweitsprung | D12: – | E12: 2 | F12: 219 | I12: =INDEX(Personendaten!$C$2:$C$32,MATCH(A12,Personendaten!$A$2:$A$32,0)) | J12: =IF(AND(F12<>"",G12=""),1,0) | K12: =IF(LEFT(C12,7)<>"Sprint_","",IF(COUNTIFS(Versuchsdaten!$A$2:$A$1117,$A12,Versuchsdaten!$B$2:$B$1117,$B12,Versuchsdaten!$C$2:$C$1117,"Sprint_5m",Versuchsdaten!$E$2:$E$1117,$E12,Versuchsdaten!$J$2:$J$1117,1)=1,SUMIFS(Versuchsdaten!$F$2:$F$1117,Versuchsdaten!$A$2:$A$1117,$A12,Versuchsdaten!$B$2:$B$1117,$B12,Versuchsdaten!$C$2:$C$1117,"Sprint_5m",Versuchsdaten!$E$2:$E$1117,$E12,Versuchsdaten!$J$2:$J$1117,1),"")) | L12: =IF(LEFT(C12,7)<>"Sprint_","",IF(COUNTIFS(Versuchsdaten!$A$2:$A$1117,$A12,Versuchsdaten!$B$2:$B$1117,$B12,Versuchsdaten!$C$2:$C$1117,"Sprint_10m",Versuchsdaten!$E$2:$E$1117,$E12,Versuchsdaten!$J$2:$J$1117,1)=1,SUMIFS(Versuchsdaten!$F$2:$F$1117,Versuchsdaten!$A$2:$A$1117,$A12,Versuchsdaten!$B$2:$B$1117,$B12,Versuchsdaten!$C$2:$C$1117,"Sprint_10m",Versuchsdaten!$E$2:$E$1117,$E12,Versuchsdaten!$J$2:$J$1117,1),"")) | M12: =IF(LEFT(C12,7)<>"Sprint_","",IF(COUNTIFS(Versuchsdaten!$A$2:$A$1117,$A12,Versuchsdaten!$B$2:$B$1117,$B12,Versuchsdaten!$C$2:$C$1117,"Sprint_30m",Versuchsdaten!$E$2:$E$1117,$E12,Versuchsdaten!$J$2:$J$1117,1)=1,SUMIFS(Versuchsdaten!$F$2:$F$1117,Versuchsdaten!$A$2:$A$1117,$A12,Versuchsdaten!$B$2:$B$1117,$B12,Versuchsdaten!$C$2:$C$1117,"Sprint_30m",Versuchsdaten!$E$2:$E$1117,$E12,Versuchsdaten!$J$2:$J$1117,1),"")) | N12: =IF(LEFT(C12,7)<>"Sprint_",0,IF(IF(ISNUMBER(K12),IF(K12<=0,1,IF(5/K12>10,1,0)),0)+IF(ISNUMBER(L12),IF(ISNUMBER(K12),IF(L12-K12<=0,1,IF(5/(L12-K12)>10,1,0)),IF(L12<=0,1,IF(10/L12>10,1,0))),0)+IF(ISNUMBER(M12),IF(ISNUMBER(L12),IF(M12-L12<=0,1,IF(20/(M12-L12)>10,1,0)),IF(ISNUMBER(K12),IF(M12-K12<=0,1,IF(25/(M12-K12)>10,1,0)),IF(M12<=0,1,IF(30/M12>10,1,0)))),0)>0,1,0)) | O12: =IF(AND(J12=1,N12=0),1,0) | P12: =INDEX(Personendaten!$J$2:$J$32,MATCH(A12,Personendaten!$A$2:$A$32,0)) | Q12: =IF(O12=1,"",IF(AND(B12="post",P12="nicht angetreten"),"NANG",IF(N12=1,"AUSL",IFERROR(VLOOKUP(H12,Vokabular!$A$2:$B$8,2,FALSE),"UNBEKANNT"))))
A13: BW-01 | B13: prä | C13: Standweitsprung | D13: – | E13: 3 | F13: 222 | I13: =INDEX(Personendaten!$C$2:$C$32,MATCH(A13,Personendaten!$A$2:$A$32,0)) | J13: =IF(AND(F13<>"",G13=""),1,0) | K13: =IF(LEFT(C13,7)<>"Sprint_","",IF(COUNTIFS(Versuchsdaten!$A$2:$A$1117,$A13,Versuchsdaten!$B$2:$B$1117,$B13,Versuchsdaten!$C$2:$C$1117,"Sprint_5m",Versuchsdaten!$E$2:$E$1117,$E13,Versuchsdaten!$J$2:$J$1117,1)=1,SUMIFS(Versuchsdaten!$F$2:$F$1117,Versuchsdaten!$A$2:$A$1117,$A13,Versuchsdaten!$B$2:$B$1117,$B13,Versuchsdaten!$C$2:$C$1117,"Sprint_5m",Versuchsdaten!$E$2:$E$1117,$E13,Versuchsdaten!$J$2:$J$1117,1),"")) | L13: =IF(LEFT(C13,7)<>"Sprint_","",IF(COUNTIFS(Versuchsdaten!$A$2:$A$1117,$A13,Versuchsdaten!$B$2:$B$1117,$B13,Versuchsdaten!$C$2:$C$1117,"Sprint_10m",Versuchsdaten!$E$2:$E$1117,$E13,Versuchsdaten!$J$2:$J$1117,1)=1,SUMIFS(Versuchsdaten!$F$2:$F$1117,Versuchsdaten!$A$2:$A$1117,$A13,Versuchsdaten!$B$2:$B$1117,$B13,Versuchsdaten!$C$2:$C$1117,"Sprint_10m",Versuchsdaten!$E$2:$E$1117,$E13,Versuchsdaten!$J$2:$J$1117,1),"")) | M13: =IF(LEFT(C13,7)<>"Sprint_","",IF(COUNTIFS(Versuchsdaten!$A$2:$A$1117,$A13,Versuchsdaten!$B$2:$B$1117,$B13,Versuchsdaten!$C$2:$C$1117,"Sprint_30m",Versuchsdaten!$E$2:$E$1117,$E13,Versuchsdaten!$J$2:$J$1117,1)=1,SUMIFS(Versuchsdaten!$F$2:$F$1117,Versuchsdaten!$A$2:$A$1117,$A13,Versuchsdaten!$B$2:$B$1117,$B13,Versuchsdaten!$C$2:$C$1117,"Sprint_30m",Versuchsdaten!$E$2:$E$1117,$E13,Versuchsdaten!$J$2:$J$1117,1),"")) | N13: =IF(LEFT(C13,7)<>"Sprint_",0,IF(IF(ISNUMBER(K13),IF(K13<=0,1,IF(5/K13>10,1,0)),0)+IF(ISNUMBER(L13),IF(ISNUMBER(K13),IF(L13-K13<=0,1,IF(5/(L13-K13)>10,1,0)),IF(L13<=0,1,IF(10/L13>10,1,0))),0)+IF(ISNUMBER(M13),IF(ISNUMBER(L13),IF(M13-L13<=0,1,IF(20/(M13-L13)>10,1,0)),IF(ISNUMBER(K13),IF(M13-K13<=0,1,IF(25/(M13-K13)>10,1,0)),IF(M13<=0,1,IF(30/M13>10,1,0)))),0)>0,1,0)) | O13: =IF(AND(J13=1,N13=0),1,0) | P13: =INDEX(Personendaten!$J$2:$J$32,MATCH(A13,Personendaten!$A$2:$A$32,0)) | Q13: =IF(O13=1,"",IF(AND(B13="post",P13="nicht angetreten"),"NANG",IF(N13=1,"AUSL",IFERROR(VLOOKUP(H13,Vokabular!$A$2:$B$8,2,FALSE),"UNBEKANNT"))))
A14: BW-01 | B14: prä | C14: COD_505 | D14: L | E14: 1 | F14: 2.6 | I14: =INDEX(Personendaten!$C$2:$C$32,MATCH(A14,Personendaten!$A$2:$A$32,0)) | J14: =IF(AND(F14<>"",G14=""),1,0) | K14: =IF(LEFT(C14,7)<>"Sprint_","",IF(COUNTIFS(Versuchsdaten!$A$2:$A$1117,$A14,Versuchsdaten!$B$2:$B$1117,$B14,Versuchsdaten!$C$2:$C$1117,"Sprint_5m",Versuchsdaten!$E$2:$E$1117,$E14,Versuchsdaten!$J$2:$J$1117,1)=1,SUMIFS(Versuchsdaten!$F$2:$F$1117,Versuchsdaten!$A$2:$A$1117,$A14,Versuchsdaten!$B$2:$B$1117,$B14,Versuchsdaten!$C$2:$C$1117,"Sprint_5m",Versuchsdaten!$E$2:$E$1117,$E14,Versuchsdaten!$J$2:$J$1117,1),"")) | L14: =IF(LEFT(C14,7)<>"Sprint_","",IF(COUNTIFS(Versuchsdaten!$A$2:$A$1117,$A14,Versuchsdaten!$B$2:$B$1117,$B14,Versuchsdaten!$C$2:$C$1117,"Sprint_10m",Versuchsdaten!$E$2:$E$1117,$E14,Versuchsdaten!$J$2:$J$1117,1)=1,SUMIFS(Versuchsdaten!$F$2:$F$1117,Versuchsdaten!$A$2:$A$1117,$A14,Versuchsdaten!$B$2:$B$1117,$B14,Versuchsdaten!$C$2:$C$1117,"Sprint_10m",Versuchsdaten!$E$2:$E$1117,$E14,Versuchsdaten!$J$2:$J$1117,1),"")) | M14: =IF(LEFT(C14,7)<>"Sprint_","",IF(COUNTIFS(Versuchsdaten!$A$2:$A$1117,$A14,Versuchsdaten!$B$2:$B$1117,$B14,Versuchsdaten!$C$2:$C$1117,"Sprint_30m",Versuchsdaten!$E$2:$E$1117,$E14,Versuchsdaten!$J$2:$J$1117,1)=1,SUMIFS(Versuchsdaten!$F$2:$F$1117,Versuchsdaten!$A$2:$A$1117,$A14,Versuchsdaten!$B$2:$B$1117,$B14,Versuchsdaten!$C$2:$C$1117,"Sprint_30m",Versuchsdaten!$E$2:$E$1117,$E14,Versuchsdaten!$J$2:$J$1117,1),"")) | N14: =IF(LEFT(C14,7)<>"Sprint_",0,IF(IF(ISNUMBER(K14),IF(K14<=0,1,IF(5/K14>10,1,0)),0)+IF(ISNUMBER(L14),IF(ISNUMBER(K14),IF(L14-K14<=0,1,IF(5/(L14-K14)>10,1,0)),IF(L14<=0,1,IF(10/L14>10,1,0))),0)+IF(ISNUMBER(M14),IF(ISNUMBER(L14),IF(M14-L14<=0,1,IF(20/(M14-L14)>10,1,0)),IF(ISNUMBER(K14),IF(M14-K14<=0,1,IF(25/(M14-K14)>10,1,0)),IF(M14<=0,1,IF(30/M14>10,1,0)))),0)>0,1,0)) | O14: =IF(AND(J14=1,N14=0),1,0) | P14: =INDEX(Personendaten!$J$2:$J$32,MATCH(A14,Personendaten!$A$2:$A$32,0)) | Q14: =IF(O14=1,"",IF(AND(B14="post",P14="nicht angetreten"),"NANG",IF(N14=1,"AUSL",IFERROR(VLOOKUP(H14,Vokabular!$A$2:$B$8,2,FALSE),"UNBEKANNT"))))
A15: BW-01 | B15: prä | C15: COD_505 | D15: L | E15: 2 | F15: 2.44 | I15: =INDEX(Personendaten!$C$2:$C$32,MATCH(A15,Personendaten!$A$2:$A$32,0)) | J15: =IF(AND(F15<>"",G15=""),1,0) | K15: =IF(LEFT(C15,7)<>"Sprint_","",IF(COUNTIFS(Versuchsdaten!$A$2:$A$1117,$A15,Versuchsdaten!$B$2:$B$1117,$B15,Versuchsdaten!$C$2:$C$1117,"Sprint_5m",Versuchsdaten!$E$2:$E$1117,$E15,Versuchsdaten!$J$2:$J$1117,1)=1,SUMIFS(Versuchsdaten!$F$2:$F$1117,Versuchsdaten!$A$2:$A$1117,$A15,Versuchsdaten!$B$2:$B$1117,$B15,Versuchsdaten!$C$2:$C$1117,"Sprint_5m",Versuchsdaten!$E$2:$E$1117,$E15,Versuchsdaten!$J$2:$J$1117,1),"")) | L15: =IF(LEFT(C15,7)<>"Sprint_","",IF(COUNTIFS(Versuchsdaten!$A$2:$A$1117,$A15,Versuchsdaten!$B$2:$B$1117,$B15,Versuchsdaten!$C$2:$C$1117,"Sprint_10m",Versuchsdaten!$E$2:$E$1117,$E15,Versuchsdaten!$J$2:$J$1117,1)=1,SUMIFS(Versuchsdaten!$F$2:$F$1117,Versuchsdaten!$A$2:$A$1117,$A15,Versuchsdaten!$B$2:$B$1117,$B15,Versuchsdaten!$C$2:$C$1117,"Sprint_10m",Versuchsdaten!$E$2:$E$1117,$E15,Versuchsdaten!$J$2:$J$1117,1),"")) | M15: =IF(LEFT(C15,7)<>"Sprint_","",IF(COUNTIFS(Versuchsdaten!$A$2:$A$1117,$A15,Versuchsdaten!$B$2:$B$1117,$B15,Versuchsdaten!$C$2:$C$1117,"Sprint_30m",Versuchsdaten!$E$2:$E$1117,$E15,Versuchsdaten!$J$2:$J$1117,1)=1,SUMIFS(Versuchsdaten!$F$2:$F$1117,Versuchsdaten!$A$2:$A$1117,$A15,Versuchsdaten!$B$2:$B$1117,$B15,Versuchsdaten!$C$2:$C$1117,"Sprint_30m",Versuchsdaten!$E$2:$E$1117,$E15,Versuchsdaten!$J$2:$J$1117,1),"")) | N15: =IF(LEFT(C15,7)<>"Sprint_",0,IF(IF(ISNUMBER(K15),IF(K15<=0,1,IF(5/K15>10,1,0)),0)+IF(ISNUMBER(L15),IF(ISNUMBER(K15),IF(L15-K15<=0,1,IF(5/(L15-K15)>10,1,0)),IF(L15<=0,1,IF(10/L15>10,1,0))),0)+IF(ISNUMBER(M15),IF(ISNUMBER(L15),IF(M15-L15<=0,1,IF(20/(M15-L15)>10,1,0)),IF(ISNUMBER(K15),IF(M15-K15<=0,1,IF(25/(M15-K15)>10,1,0)),IF(M15<=0,1,IF(30/M15>10,1,0)))),0)>0,1,0)) | O15: =IF(AND(J15=1,N15=0),1,0) | P15: =INDEX(Personendaten!$J$2:$J$32,MATCH(A15,Personendaten!$A$2:$A$32,0)) | Q15: =IF(O15=1,"",IF(AND(B15="post",P15="nicht angetreten"),"NANG",IF(N15=1,"AUSL",IFERROR(VLOOKUP(H15,Vokabular!$A$2:$B$8,2,FALSE),"UNBEKANNT"))))
A16: BW-01 | B16: prä | C16: COD_505 | D16: L | E16: 3 | H16: Nur 2 Versuche aus Zeitmangel | I16: =INDEX(Personendaten!$C$2:$C$32,MATCH(A16,Personendaten!$A$2:$A$32,0)) | J16: =IF(AND(F16<>"",G16=""),1,0) | K16: =IF(LEFT(C16,7)<>"Sprint_","",IF(COUNTIFS(Versuchsdaten!$A$2:$A$1117,$A16,Versuchsdaten!$B$2:$B$1117,$B16,Versuchsdaten!$C$2:$C$1117,"Sprint_5m",Versuchsdaten!$E$2:$E$1117,$E16,Versuchsdaten!$J$2:$J$1117,1)=1,SUMIFS(Versuchsdaten!$F$2:$F$1117,Versuchsdaten!$A$2:$A$1117,$A16,Versuchsdaten!$B$2:$B$1117,$B16,Versuchsdaten!$C$2:$C$1117,"Sprint_5m",Versuchsdaten!$E$2:$E$1117,$E16,Versuchsdaten!$J$2:$J$1117,1),"")) | L16: =IF(LEFT(C16,7)<>"Sprint_","",IF(COUNTIFS(Versuchsdaten!$A$2:$A$1117,$A16,Versuchsdaten!$B$2:$B$1117,$B16,Versuchsdaten!$C$2:$C$1117,"Sprint_10m",Versuchsdaten!$E$2:$E$1117,$E16,Versuchsdaten!$J$2:$J$1117,1)=1,SUMIFS(Versuchsdaten!$F$2:$F$1117,Versuchsdaten!$A$2:$A$1117,$A16,Versuchsdaten!$B$2:$B$1117,$B16,Versuchsdaten!$C$2:$C$1117,"Sprint_10m",Versuchsdaten!$E$2:$E$1117,$E16,Versuchsdaten!$J$2:$J$1117,1),"")) | M16: =IF(LEFT(C16,7)<>"Sprint_","",IF(COUNTIFS(Versuchsdaten!$A$2:$A$1117,$A16,Versuchsdaten!$B$2:$B$1117,$B16,Versuchsdaten!$C$2:$C$1117,"Sprint_30m",Versuchsdaten!$E$2:$E$1117,$E16,Versuchsdaten!$J$2:$J$1117,1)=1,SUMIFS(Versuchsdaten!$F$2:$F$1117,Versuchsdaten!$A$2:$A$1117,$A16,Versuchsdaten!$B$2:$B$1117,$B16,Versuchsdaten!$C$2:$C$1117,"Sprint_30m",Versuchsdaten!$E$2:$E$1117,$E16,Versuchsdaten!$J$2:$J$1117,1),"")) | N16: =IF(LEFT(C16,7)<>"Sprint_",0,IF(IF(ISNUMBER(K16),IF(K16<=0,1,IF(5/K16>10,1,0)),0)+IF(ISNUMBER(L16),IF(ISNUMBER(K16),IF(L16-K16<=0,1,IF(5/(L16-K16)>10,1,0)),IF(L16<=0,1,IF(10/L16>10,1,0))),0)+IF(ISNUMBER(M16),IF(ISNUMBER(L16),IF(M16-L16<=0,1,IF(20/(M16-L16)>10,1,0)),IF(ISNUMBER(K16),IF(M16-K16<=0,1,IF(25/(M16-K16)>10,1,0)),IF(M16<=0,1,IF(30/M16>10,1,0)))),0)>0,1,0)) | O16: =IF(AND(J16=1,N16=0),1,0) | P16: =INDEX(Personendaten!$J$2:$J$32,MATCH(A16,Personendaten!$A$2:$A$32,0)) | Q16: =IF(O16=1,"",IF(AND(B16="post",P16="nicht angetreten"),"NANG",IF(N16=1,"AUSL",IFERROR(VLOOKUP(H16,Vokabular!$A$2:$B$8,2,FALSE),"UNBEKANNT"))))
A17: BW-01 | B17: prä | C17: COD_505 | D17: R | E17: 1 | F17: 2.67 | I17: =INDEX(Personendaten!$C$2:$C$32,MATCH(A17,Personendaten!$A$2:$A$32,0)) | J17: =IF(AND(F17<>"",G17=""),1,0) | K17: =IF(LEFT(C17,7)<>"Sprint_","",IF(COUNTIFS(Versuchsdaten!$A$2:$A$1117,$A17,Versuchsdaten!$B$2:$B$1117,$B17,Versuchsdaten!$C$2:$C$1117,"Sprint_5m",Versuchsdaten!$E$2:$E$1117,$E17,Versuchsdaten!$J$2:$J$1117,1)=1,SUMIFS(Versuchsdaten!$F$2:$F$1117,Versuchsdaten!$A$2:$A$1117,$A17,Versuchsdaten!$B$2:$B$1117,$B17,Versuchsdaten!$C$2:$C$1117,"Sprint_5m",Versuchsdaten!$E$2:$E$1117,$E17,Versuchsdaten!$J$2:$J$1117,1),"")) | L17: =IF(LEFT(C17,7)<>"Sprint_","",IF(COUNTIFS(Versuchsdaten!$A$2:$A$1117,$A17,Versuchsdaten!$B$2:$B$1117,$B17,Versuchsdaten!$C$2:$C$1117,"Sprint_10m",Versuchsdaten!$E$2:$E$1117,$E17,Versuchsdaten!$J$2:$J$1117,1)=1,SUMIFS(Versuchsdaten!$F$2:$F$1117,Versuchsdaten!$A$2:$A$1117,$A17,Versuchsdaten!$B$2:$B$1117,$B17,Versuchsdaten!$C$2:$C$1117,"Sprint_10m",Versuchsdaten!$E$2:$E$1117,$E17,Versuchsdaten!$J$2:$J$1117,1),"")) | M17: =IF(LEFT(C17,7)<>"Sprint_","",IF(COUNTIFS(Versuchsdaten!$A$2:$A$1117,$A17,Versuchsdaten!$B$2:$B$1117,$B17,Versuchsdaten!$C$2:$C$1117,"Sprint_30m",Versuchsdaten!$E$2:$E$1117,$E17,Versuchsdaten!$J$2:$J$1117,1)=1,SUMIFS(Versuchsdaten!$F$2:$F$1117,Versuchsdaten!$A$2:$A$1117,$A17,Versuchsdaten!$B$2:$B$1117,$B17,Versuchsdaten!$C$2:$C$1117,"Sprint_30m",Versuchsdaten!$E$2:$E$1117,$E17,Versuchsdaten!$J$2:$J$1117,1),"")) | N17: =IF(LEFT(C17,7)<>"Sprint_",0,IF(IF(ISNUMBER(K17),IF(K17<=0,1,IF(5/K17>10,1,0)),0)+IF(ISNUMBER(L17),IF(ISNUMBER(K17),IF(L17-K17<=0,1,IF(5/(L17-K17)>10,1,0)),IF(L17<=0,1,IF(10/L17>10,1,0))),0)+IF(ISNUMBER(M17),IF(ISNUMBER(L17),IF(M17-L17<=0,1,IF(20/(M17-L17)>10,1,0)),IF(ISNUMBER(K17),IF(M17-K17<=0,1,IF(25/(M17-K17)>10,1,0)),IF(M17<=0,1,IF(30/M17>10,1,0)))),0)>0,1,0)) | O17: =IF(AND(J17=1,N17=0),1,0) | P17: =INDEX(Personendaten!$J$2:$J$32,MATCH(A17,Personendaten!$A$2:$A$32,0)) | Q17: =IF(O17=1,"",IF(AND(B17="post",P17="nicht angetreten"),"NANG",IF(N17=1,"AUSL",IFERROR(VLOOKUP(H17,Vokabular!$A$2:$B$8,2,FALSE),"UNBEKANNT"))))
A18: BW-01 | B18: prä | C18: COD_505 | D18: R | E18: 2 | F18: 2.72 | I18: =INDEX(Personendaten!$C$2:$C$32,MATCH(A18,Personendaten!$A$2:$A$32,0)) | J18: =IF(AND(F18<>"",G18=""),1,0) | K18: =IF(LEFT(C18,7)<>"Sprint_","",IF(COUNTIFS(Versuchsdaten!$A$2:$A$1117,$A18,Versuchsdaten!$B$2:$B$1117,$B18,Versuchsdaten!$C$2:$C$1117,"Sprint_5m",Versuchsdaten!$E$2:$E$1117,$E18,Versuchsdaten!$J$2:$J$1117,1)=1,SUMIFS(Versuchsdaten!$F$2:$F$1117,Versuchsdaten!$A$2:$A$1117,$A18,Versuchsdaten!$B$2:$B$1117,$B18,Versuchsdaten!$C$2:$C$1117,"Sprint_5m",Versuchsdaten!$E$2:$E$1117,$E18,Versuchsdaten!$J$2:$J$1117,1),"")) | L18: =IF(LEFT(C18,7)<>"Sprint_","",IF(COUNTIFS(Versuchsdaten!$A$2:$A$1117,$A18,Versuchsdaten!$B$2:$B$1117,$B18,Versuchsdaten!$C$2:$C$1117,"Sprint_10m",Versuchsdaten!$E$2:$E$1117,$E18,Versuchsdaten!$J$2:$J$1117,1)=1,SUMIFS(Versuchsdaten!$F$2:$F$1117,Versuchsdaten!$A$2:$A$1117,$A18,Versuchsdaten!$B$2:$B$1117,$B18,Versuchsdaten!$C$2:$C$1117,"Sprint_10m",Versuchsdaten!$E$2:$E$1117,$E18,Versuchsdaten!$J$2:$J$1117,1),"")) | M18: =IF(LEFT(C18,7)<>"Sprint_","",IF(COUNTIFS(Versuchsdaten!$A$2:$A$1117,$A18,Versuchsdaten!$B$2:$B$1117,$B18,Versuchsdaten!$C$2:$C$1117,"Sprint_30m",Versuchsdaten!$E$2:$E$1117,$E18,Versuchsdaten!$J$2:$J$1117,1)=1,SUMIFS(Versuchsdaten!$F$2:$F$1117,Versuchsdaten!$A$2:$A$1117,$A18,Versuchsdaten!$B$2:$B$1117,$B18,Versuchsdaten!$C$2:$C$1117,"Sprint_30m",Versuchsdaten!$E$2:$E$1117,$E18,Versuchsdaten!$J$2:$J$1117,1),"")) | N18: =IF(LEFT(C18,7)<>"Sprint_",0,IF(IF(ISNUMBER(K18),IF(K18<=0,1,IF(5/K18>10,1,0)),0)+IF(ISNUMBER(L18),IF(ISNUMBER(K18),IF(L18-K18<=0,1,IF(5/(L18-K18)>10,1,0)),IF(L18<=0,1,IF(10/L18>10,1,0))),0)+IF(ISNUMBER(M18),IF(ISNUMBER(L18),IF(M18-L18<=0,1,IF(20/(M18-L18)>10,1,0)),IF(ISNUMBER(K18),IF(M18-K18<=0,1,IF(25/(M18-K18)>10,1,0)),IF(M18<=0,1,IF(30/M18>10,1,0)))),0)>0,1,0)) | O18: =IF(AND(J18=1,N18=0),1,0) | P18: =INDEX(Personendaten!$J$2:$J$32,MATCH(A18,Personendaten!$A$2:$A$32,0)) | Q18: =IF(O18=1,"",IF(AND(B18="post",P18="nicht angetreten"),"NANG",IF(N18=1,"AUSL",IFERROR(VLOOKUP(H18,Vokabular!$A$2:$B$8,2,FALSE),"UNBEKANNT"))))
A19: BW-01 | B19: prä | C19: COD_505 | D19: R | E19: 3 | H19: Nur 2 Versuche aus Zeitmangel | I19: =INDEX(Personendaten!$C$2:$C$32,MATCH(A19,Personendaten!$A$2:$A$32,0)) | J19: =IF(AND(F19<>"",G19=""),1,0) | K19: =IF(LEFT(C19,7)<>"Sprint_","",IF(COUNTIFS(Versuchsdaten!$A$2:$A$1117,$A19,Versuchsdaten!$B$2:$B$1117,$B19,Versuchsdaten!$C$2:$C$1117,"Sprint_5m",Versuchsdaten!$E$2:$E$1117,$E19,Versuchsdaten!$J$2:$J$1117,1)=1,SUMIFS(Versuchsdaten!$F$2:$F$1117,Versuchsdaten!$A$2:$A$1117,$A19,Versuchsdaten!$B$2:$B$1117,$B19,Versuchsdaten!$C$2:$C$1117,"Sprint_5m",Versuchsdaten!$E$2:$E$1117,$E19,Versuchsdaten!$J$2:$J$1117,1),"")) | L19: =IF(LEFT(C19,7)<>"Sprint_","",IF(COUNTIFS(Versuchsdaten!$A$2:$A$1117,$A19,Versuchsdaten!$B$2:$B$1117,$B19,Versuchsdaten!$C$2:$C$1117,"Sprint_10m",Versuchsdaten!$E$2:$E$1117,$E19,Versuchsdaten!$J$2:$J$1117,1)=1,SUMIFS(Versuchsdaten!$F$2:$F$1117,Versuchsdaten!$A$2:$A$1117,$A19,Versuchsdaten!$B$2:$B$1117,$B19,Versuchsdaten!$C$2:$C$1117,"Sprint_10m",Versuchsdaten!$E$2:$E$1117,$E19,Versuchsdaten!$J$2:$J$1117,1),"")) | M19: =IF(LEFT(C19,7)<>"Sprint_","",IF(COUNTIFS(Versuchsdaten!$A$2:$A$1117,$A19,Versuchsdaten!$B$2:$B$1117,$B19,Versuchsdaten!$C$2:$C$1117,"Sprint_30m",Versuchsdaten!$E$2:$E$1117,$E19,Versuchsdaten!$J$2:$J$1117,1)=1,SUMIFS(Versuchsdaten!$F$2:$F$1117,Versuchsdaten!$A$2:$A$1117,$A19,Versuchsdaten!$B$2:$B$1117,$B19,Versuchsdaten!$C$2:$C$1117,"Sprint_30m",Versuchsdaten!$E$2:$E$1117,$E19,Versuchsdaten!$J$2:$J$1117,1),"")) | N19: =IF(LEFT(C19,7)<>"Sprint_",0,IF(IF(ISNUMBER(K19),IF(K19<=0,1,IF(5/K19>10,1,0)),0)+IF(ISNUMBER(L19),IF(ISNUMBER(K19),IF(L19-K19<=0,1,IF(5/(L19-K19)>10,1,0)),IF(L19<=0,1,IF(10/L19>10,1,0))),0)+IF(ISNUMBER(M19),IF(ISNUMBER(L19),IF(M19-L19<=0,1,IF(20/(M19-L19)>10,1,0)),IF(ISNUMBER(K19),IF(M19-K19<=0,1,IF(25/(M19-K19)>10,1,0)),IF(M19<=0,1,IF(30/M19>10,1,0)))),0)>0,1,0)) | O19: =IF(AND(J19=1,N19=0),1,0) | P19: =INDEX(Personendaten!$J$2:$J$32,MATCH(A19,Personendaten!$A$2:$A$32,0)) | Q19: =IF(O19=1,"",IF(AND(B19="post",P19="nicht angetreten"),"NANG",IF(N19=1,"AUSL",IFERROR(VLOOKUP(H19,Vokabular!$A$2:$B$8,2,FALSE),"UNBEKANNT"))))
A20: BW-02 | B20: prä | C20: Sprint_5m | D20: – | E20: 1 | F20: 1.19 | I20: =INDEX(Personendaten!$C$2:$C$32,MATCH(A20,Personendaten!$A$2:$A$32,0)) | J20: =IF(AND(F20<>"",G20=""),1,0) | K20: =IF(LEFT(C20,7)<>"Sprint_","",IF(COUNTIFS(Versuchsdaten!$A$2:$A$1117,$A20,Versuchsdaten!$B$2:$B$1117,$B20,Versuchsdaten!$C$2:$C$1117,"Sprint_5m",Versuchsdaten!$E$2:$E$1117,$E20,Versuchsdaten!$J$2:$J$1117,1)=1,SUMIFS(Versuchsdaten!$F$2:$F$1117,Versuchsdaten!$A$2:$A$1117,$A20,Versuchsdaten!$B$2:$B$1117,$B20,Versuchsdaten!$C$2:$C$1117,"Sprint_5m",Versuchsdaten!$E$2:$E$1117,$E20,Versuchsdaten!$J$2:$J$1117,1),"")) | L20: =IF(LEFT(C20,7)<>"Sprint_","",IF(COUNTIFS(Versuchsdaten!$A$2:$A$1117,$A20,Versuchsdaten!$B$2:$B$1117,$B20,Versuchsdaten!$C$2:$C$1117,"Sprint_10m",Versuchsdaten!$E$2:$E$1117,$E20,Versuchsdaten!$J$2:$J$1117,1)=1,SUMIFS(Versuchsdaten!$F$2:$F$1117,Versuchsdaten!$A$2:$A$1117,$A20,Versuchsdaten!$B$2:$B$1117,$B20,Versuchsdaten!$C$2:$C$1117,"Sprint_10m",Versuchsdaten!$E$2:$E$1117,$E20,Versuchsdaten!$J$2:$J$1117,1),"")) | M20: =IF(LEFT(C20,7)<>"Sprint_","",IF(COUNTIFS(Versuchsdaten!$A$2:$A$1117,$A20,Versuchsdaten!$B$2:$B$1117,$B20,Versuchsdaten!$C$2:$C$1117,"Sprint_30m",Versuchsdaten!$E$2:$E$1117,$E20,Versuchsdaten!$J$2:$J$1117,1)=1,SUMIFS(Versuchsdaten!$F$2:$F$1117,Versuchsdaten!$A$2:$A$1117,$A20,Versuchsdaten!$B$2:$B$1117,$B20,Versuchsdaten!$C$2:$C$1117,"Sprint_30m",Versuchsdaten!$E$2:$E$1117,$E20,Versuchsdaten!$J$2:$J$1117,1),"")) | N20: =IF(LEFT(C20,7)<>"Sprint_",0,IF(IF(ISNUMBER(K20),IF(K20<=0,1,IF(5/K20>10,1,0)),0)+IF(ISNUMBER(L20),IF(ISNUMBER(K20),IF(L20-K20<=0,1,IF(5/(L20-K20)>10,1,0)),IF(L20<=0,1,IF(10/L20>10,1,0))),0)+IF(ISNUMBER(M20),IF(ISNUMBER(L20),IF(M20-L20<=0,1,IF(20/(M20-L20)>10,1,0)),IF(ISNUMBER(K20),IF(M20-K20<=0,1,IF(25/(M20-K20)>10,1,0)),IF(M20<=0,1,IF(30/M20>10,1,0)))),0)>0,1,0)) | O20: =IF(AND(J20=1,N20=0),1,0) | P20: =INDEX(Personendaten!$J$2:$J$32,MATCH(A20,Personendaten!$A$2:$A$32,0)) | Q20: =IF(O20=1,"",IF(AND(B20="post",P20="nicht angetreten"),"NANG",IF(N20=1,"AUSL",IFERROR(VLOOKUP(H20,Vokabular!$A$2:$B$8,2,FALSE),"UNBEKANNT"))))
A21: BW-02 | B21: prä | C21: Sprint_5m | D21: – | E21: 2 | F21: 1.08 | I21: =INDEX(Personendaten!$C$2:$C$32,MATCH(A21,Personendaten!$A$2:$A$32,0)) | J21: =IF(AND(F21<>"",G21=""),1,0) | K21: =IF(LEFT(C21,7)<>"Sprint_","",IF(COUNTIFS(Versuchsdaten!$A$2:$A$1117,$A21,Versuchsdaten!$B$2:$B$1117,$B21,Versuchsdaten!$C$2:$C$1117,"Sprint_5m",Versuchsdaten!$E$2:$E$1117,$E21,Versuchsdaten!$J$2:$J$1117,1)=1,SUMIFS(Versuchsdaten!$F$2:$F$1117,Versuchsdaten!$A$2:$A$1117,$A21,Versuchsdaten!$B$2:$B$1117,$B21,Versuchsdaten!$C$2:$C$1117,"Sprint_5m",Versuchsdaten!$E$2:$E$1117,$E21,Versuchsdaten!$J$2:$J$1117,1),"")) | L21: =IF(LEFT(C21,7)<>"Sprint_","",IF(COUNTIFS(Versuchsdaten!$A$2:$A$1117,$A21,Versuchsdaten!$B$2:$B$1117,$B21,Versuchsdaten!$C$2:$C$1117,"Sprint_10m",Versuchsdaten!$E$2:$E$1117,$E21,Versuchsdaten!$J$2:$J$1117,1)=1,SUMIFS(Versuchsdaten!$F$2:$F$1117,Versuchsdaten!$A$2:$A$1117,$A21,Versuchsdaten!$B$2:$B$1117,$B21,Versuchsdaten!$C$2:$C$1117,"Sprint_10m",Versuchsdaten!$E$2:$E$1117,$E21,Versuchsdaten!$J$2:$J$1117,1),"")) | M21: =IF(LEFT(C21,7)<>"Sprint_","",IF(COUNTIFS(Versuchsdaten!$A$2:$A$1117,$A21,Versuchsdaten!$B$2:$B$1117,$B21,Versuchsdaten!$C$2:$C$1117,"Sprint_30m",Versuchsdaten!$E$2:$E$1117,$E21,Versuchsdaten!$J$2:$J$1117,1)=1,SUMIFS(Versuchsdaten!$F$2:$F$1117,Versuchsdaten!$A$2:$A$1117,$A21,Versuchsdaten!$B$2:$B$1117,$B21,Versuchsdaten!$C$2:$C$1117,"Sprint_30m",Versuchsdaten!$E$2:$E$1117,$E21,Versuchsdaten!$J$2:$J$1117,1),"")) | N21: =IF(LEFT(C21,7)<>"Sprint_",0,IF(IF(ISNUMBER(K21),IF(K21<=0,1,IF(5/K21>10,1,0)),0)+IF(ISNUMBER(L21),IF(ISNUMBER(K21),IF(L21-K21<=0,1,IF(5/(L21-K21)>10,1,0)),IF(L21<=0,1,IF(10/L21>10,1,0))),0)+IF(ISNUMBER(M21),IF(ISNUMBER(L21),IF(M21-L21<=0,1,IF(20/(M21-L21)>10,1,0)),IF(ISNUMBER(K21),IF(M21-K21<=0,1,IF(25/(M21-K21)>10,1,0)),IF(M21<=0,1,IF(30/M21>10,1,0)))),0)>0,1,0)) | O21: =IF(AND(J21=1,N21=0),1,0) | P21: =INDEX(Personendaten!$J$2:$J$32,MATCH(A21,Personendaten!$A$2:$A$32,0)) | Q21: =IF(O21=1,"",IF(AND(B21="post",P21="nicht angetreten"),"NANG",IF(N21=1,"AUSL",IFERROR(VLOOKUP(H21,Vokabular!$A$2:$B$8,2,FALSE),"UNBEKANNT"))))
A22: BW-02 | B22: prä | C22: Sprint_5m | D22: – | E22: 3 | H22: System nicht aufgenommen | I22: =INDEX(Personendaten!$C$2:$C$32,MATCH(A22,Personendaten!$A$2:$A$32,0)) | J22: =IF(AND(F22<>"",G22=""),1,0) | K22: =IF(LEFT(C22,7)<>"Sprint_","",IF(COUNTIFS(Versuchsdaten!$A$2:$A$1117,$A22,Versuchsdaten!$B$2:$B$1117,$B22,Versuchsdaten!$C$2:$C$1117,"Sprint_5m",Versuchsdaten!$E$2:$E$1117,$E22,Versuchsdaten!$J$2:$J$1117,1)=1,SUMIFS(Versuchsdaten!$F$2:$F$1117,Versuchsdaten!$A$2:$A$1117,$A22,Versuchsdaten!$B$2:$B$1117,$B22,Versuchsdaten!$C$2:$C$1117,"Sprint_5m",Versuchsdaten!$E$2:$E$1117,$E22,Versuchsdaten!$J$2:$J$1117,1),"")) | L22: =IF(LEFT(C22,7)<>"Sprint_","",IF(COUNTIFS(Versuchsdaten!$A$2:$A$1117,$A22,Versuchsdaten!$B$2:$B$1117,$B22,Versuchsdaten!$C$2:$C$1117,"Sprint_10m",Versuchsdaten!$E$2:$E$1117,$E22,Versuchsdaten!$J$2:$J$1117,1)=1,SUMIFS(Versuchsdaten!$F$2:$F$1117,Versuchsdaten!$A$2:$A$1117,$A22,Versuchsdaten!$B$2:$B$1117,$B22,Versuchsdaten!$C$2:$C$1117,"Sprint_10m",Versuchsdaten!$E$2:$E$1117,$E22,Versuchsdaten!$J$2:$J$1117,1),"")) | M22: =IF(LEFT(C22,7)<>"Sprint_","",IF(COUNTIFS(Versuchsdaten!$A$2:$A$1117,$A22,Versuchsdaten!$B$2:$B$1117,$B22,Versuchsdaten!$C$2:$C$1117,"Sprint_30m",Versuchsdaten!$E$2:$E$1117,$E22,Versuchsdaten!$J$2:$J$1117,1)=1,SUMIFS(Versuchsdaten!$F$2:$F$1117,Versuchsdaten!$A$2:$A$1117,$A22,Versuchsdaten!$B$2:$B$1117,$B22,Versuchsdaten!$C$2:$C$1117,"Sprint_30m",Versuchsdaten!$E$2:$E$1117,$E22,Versuchsdaten!$J$2:$J$1117,1),"")) | N22: =IF(LEFT(C22,7)<>"Sprint_",0,IF(IF(ISNUMBER(K22),IF(K22<=0,1,IF(5/K22>10,1,0)),0)+IF(ISNUMBER(L22),IF(ISNUMBER(K22),IF(L22-K22<=0,1,IF(5/(L22-K22)>10,1,0)),IF(L22<=0,1,IF(10/L22>10,1,0))),0)+IF(ISNUMBER(M22),IF(ISNUMBER(L22),IF(M22-L22<=0,1,IF(20/(M22-L22)>10,1,0)),IF(ISNUMBER(K22),IF(M22-K22<=0,1,IF(25/(M22-K22)>10,1,0)),IF(M22<=0,1,IF(30/M22>10,1,0)))),0)>0,1,0)) | O22: =IF(AND(J22=1,N22=0),1,0) | P22: =INDEX(Personendaten!$J$2:$J$32,MATCH(A22,Personendaten!$A$2:$A$32,0)) | Q22: =IF(O22=1,"",IF(AND(B22="post",P22="nicht angetreten"),"NANG",IF(N22=1,"AUSL",IFERROR(VLOOKUP(H22,Vokabular!$A$2:$B$8,2,FALSE),"UNBEKANNT"))))
A23: BW-02 | B23: prä | C23: Sprint_10m | D23: – | E23: 1 | F23: 2 | I23: =INDEX(Personendaten!$C$2:$C$32,MATCH(A23,Personendaten!$A$2:$A$32,0)) | J23: =IF(AND(F23<>"",G23=""),1,0) | K23: =IF(LEFT(C23,7)<>"Sprint_","",IF(COUNTIFS(Versuchsdaten!$A$2:$A$1117,$A23,Versuchsdaten!$B$2:$B$1117,$B23,Versuchsdaten!$C$2:$C$1117,"Sprint_5m",Versuchsdaten!$E$2:$E$1117,$E23,Versuchsdaten!$J$2:$J$1117,1)=1,SUMIFS(Versuchsdaten!$F$2:$F$1117,Versuchsdaten!$A$2:$A$1117,$A23,Versuchsdaten!$B$2:$B$1117,$B23,Versuchsdaten!$C$2:$C$1117,"Sprint_5m",Versuchsdaten!$E$2:$E$1117,$E23,Versuchsdaten!$J$2:$J$1117,1),"")) | L23: =IF(LEFT(C23,7)<>"Sprint_","",IF(COUNTIFS(Versuchsdaten!$A$2:$A$1117,$A23,Versuchsdaten!$B$2:$B$1117,$B23,Versuchsdaten!$C$2:$C$1117,"Sprint_10m",Versuchsdaten!$E$2:$E$1117,$E23,Versuchsdaten!$J$2:$J$1117,1)=1,SUMIFS(Versuchsdaten!$F$2:$F$1117,Versuchsdaten!$A$2:$A$1117,$A23,Versuchsdaten!$B$2:$B$1117,$B23,Versuchsdaten!$C$2:$C$1117,"Sprint_10m",Versuchsdaten!$E$2:$E$1117,$E23,Versuchsdaten!$J$2:$J$1117,1),"")) | M23: =IF(LEFT(C23,7)<>"Sprint_","",IF(COUNTIFS(Versuchsdaten!$A$2:$A$1117,$A23,Versuchsdaten!$B$2:$B$1117,$B23,Versuchsdaten!$C$2:$C$1117,"Sprint_30m",Versuchsdaten!$E$2:$E$1117,$E23,Versuchsdaten!$J$2:$J$1117,1)=1,SUMIFS(Versuchsdaten!$F$2:$F$1117,Versuchsdaten!$A$2:$A$1117,$A23,Versuchsdaten!$B$2:$B$1117,$B23,Versuchsdaten!$C$2:$C$1117,"Sprint_30m",Versuchsdaten!$E$2:$E$1117,$E23,Versuchsdaten!$J$2:$J$1117,1),"")) | N23: =IF(LEFT(C23,7)<>"Sprint_",0,IF(IF(ISNUMBER(K23),IF(K23<=0,1,IF(5/K23>10,1,0)),0)+IF(ISNUMBER(L23),IF(ISNUMBER(K23),IF(L23-K23<=0,1,IF(5/(L23-K23)>10,1,0)),IF(L23<=0,1,IF(10/L23>10,1,0))),0)+IF(ISNUMBER(M23),IF(ISNUMBER(L23),IF(M23-L23<=0,1,IF(20/(M23-L23)>10,1,0)),IF(ISNUMBER(K23),IF(M23-K23<=0,1,IF(25/(M23-K23)>10,1,0)),IF(M23<=0,1,IF(30/M23>10,1,0)))),0)>0,1,0)) | O23: =IF(AND(J23=1,N23=0),1,0) | P23: =INDEX(Personendaten!$J$2:$J$32,MATCH(A23,Personendaten!$A$2:$A$32,0)) | Q23: =IF(O23=1,"",IF(AND(B23="post",P23="nicht angetreten"),"NANG",IF(N23=1,"AUSL",IFERROR(VLOOKUP(H23,Vokabular!$A$2:$B$8,2,FALSE),"UNBEKANNT"))))
A24: BW-02 | B24: prä | C24: Sprint_10m | D24: – | E24: 2 | F24: 1.92 | I24: =INDEX(Personendaten!$C$2:$C$32,MATCH(A24,Personendaten!$A$2:$A$32,0)) | J24: =IF(AND(F24<>"",G24=""),1,0) | K24: =IF(LEFT(C24,7)<>"Sprint_","",IF(COUNTIFS(Versuchsdaten!$A$2:$A$1117,$A24,Versuchsdaten!$B$2:$B$1117,$B24,Versuchsdaten!$C$2:$C$1117,"Sprint_5m",Versuchsdaten!$E$2:$E$1117,$E24,Versuchsdaten!$J$2:$J$1117,1)=1,SUMIFS(Versuchsdaten!$F$2:$F$1117,Versuchsdaten!$A$2:$A$1117,$A24,Versuchsdaten!$B$2:$B$1117,$B24,Versuchsdaten!$C$2:$C$1117,"Sprint_5m",Versuchsdaten!$E$2:$E$1117,$E24,Versuchsdaten!$J$2:$J$1117,1),"")) | L24: =IF(LEFT(C24,7)<>"Sprint_","",IF(COUNTIFS(Versuchsdaten!$A$2:$A$1117,$A24,Versuchsdaten!$B$2:$B$1117,$B24,Versuchsdaten!$C$2:$C$1117,"Sprint_10m",Versuchsdaten!$E$2:$E$1117,$E24,Versuchsdaten!$J$2:$J$1117,1)=1,SUMIFS(Versuchsdaten!$F$2:$F$1117,Versuchsdaten!$A$2:$A$1117,$A24,Versuchsdaten!$B$2:$B$1117,$B24,Versuchsdaten!$C$2:$C$1117,"Sprint_10m",Versuchsdaten!$E$2:$E$1117,$E24,Versuchsdaten!$J$2:$J$1117,1),"")) | M24: =IF(LEFT(C24,7)<>"Sprint_","",IF(COUNTIFS(Versuchsdaten!$A$2:$A$1117,$A24,Versuchsdaten!$B$2:$B$1117,$B24,Versuchsdaten!$C$2:$C$1117,"Sprint_30m",Versuchsdaten!$E$2:$E$1117,$E24,Versuchsdaten!$J$2:$J$1117,1)=1,SUMIFS(Versuchsdaten!$F$2:$F$1117,Versuchsdaten!$A$2:$A$1117,$A24,Versuchsdaten!$B$2:$B$1117,$B24,Versuchsdaten!$C$2:$C$1117,"Sprint_30m",Versuchsdaten!$E$2:$E$1117,$E24,Versuchsdaten!$J$2:$J$1117,1),"")) | N24: =IF(LEFT(C24,7)<>"Sprint_",0,IF(IF(ISNUMBER(K24),IF(K24<=0,1,IF(5/K24>10,1,0)),0)+IF(ISNUMBER(L24),IF(ISNUMBER(K24),IF(L24-K24<=0,1,IF(5/(L24-K24)>10,1,0)),IF(L24<=0,1,IF(10/L24>10,1,0))),0)+IF(ISNUMBER(M24),IF(ISNUMBER(L24),IF(M24-L24<=0,1,IF(20/(M24-L24)>10,1,0)),IF(ISNUMBER(K24),IF(M24-K24<=0,1,IF(25/(M24-K24)>10,1,0)),IF(M24<=0,1,IF(30/M24>10,1,0)))),0)>0,1,0)) | O24: =IF(AND(J24=1,N24=0),1,0) | P24: =INDEX(Personendaten!$J$2:$J$32,MATCH(A24,Personendaten!$A$2:$A$32,0)) | Q24: =IF(O24=1,"",IF(AND(B24="post",P24="nicht angetreten"),"NANG",IF(N24=1,"AUSL",IFERROR(VLOOKUP(H24,Vokabular!$A$2:$B$8,2,FALSE),"UNBEKANNT"))))
A25: BW-02 | B25: prä | C25: Sprint_10m | D25: – | E25: 3 | F25: 1.92 | I25: =INDEX(Personendaten!$C$2:$C$32,MATCH(A25,Personendaten!$A$2:$A$32,0)) | J25: =IF(AND(F25<>"",G25=""),1,0) | K25: =IF(LEFT(C25,7)<>"Sprint_","",IF(COUNTIFS(Versuchsdaten!$A$2:$A$1117,$A25,Versuchsdaten!$B$2:$B$1117,$B25,Versuchsdaten!$C$2:$C$1117,"Sprint_5m",Versuchsdaten!$E$2:$E$1117,$E25,Versuchsdaten!$J$2:$J$1117,1)=1,SUMIFS(Versuchsdaten!$F$2:$F$1117,Versuchsdaten!$A$2:$A$1117,$A25,Versuchsdaten!$B$2:$B$1117,$B25,Versuchsdaten!$C$2:$C$1117,"Sprint_5m",Versuchsdaten!$E$2:$E$1117,$E25,Versuchsdaten!$J$2:$J$1117,1),"")) | L25: =IF(LEFT(C25,7)<>"Sprint_","",IF(COUNTIFS(Versuchsdaten!$A$2:$A$1117,$A25,Versuchsdaten!$B$2:$B$1117,$B25,Versuchsdaten!$C$2:$C$1117,"Sprint_10m",Versuchsdaten!$E$2:$E$1117,$E25,Versuchsdaten!$J$2:$J$1117,1)=1,SUMIFS(Versuchsdaten!$F$2:$F$1117,Versuchsdaten!$A$2:$A$1117,$A25,Versuchsdaten!$B$2:$B$1117,$B25,Versuchsdaten!$C$2:$C$1117,"Sprint_10m",Versuchsdaten!$E$2:$E$1117,$E25,Versuchsdaten!$J$2:$J$1117,1),"")) | M25: =IF(LEFT(C25,7)<>"Sprint_","",IF(COUNTIFS(Versuchsdaten!$A$2:$A$1117,$A25,Versuchsdaten!$B$2:$B$1117,$B25,Versuchsdaten!$C$2:$C$1117,"Sprint_30m",Versuchsdaten!$E$2:$E$1117,$E25,Versuchsdaten!$J$2:$J$1117,1)=1,SUMIFS(Versuchsdaten!$F$2:$F$1117,Versuchsdaten!$A$2:$A$1117,$A25,Versuchsdaten!$B$2:$B$1117,$B25,Versuchsdaten!$C$2:$C$1117,"Sprint_30m",Versuchsdaten!$E$2:$E$1117,$E25,Versuchsdaten!$J$2:$J$1117,1),"")) | N25: =IF(LEFT(C25,7)<>"Sprint_",0,IF(IF(ISNUMBER(K25),IF(K25<=0,1,IF(5/K25>10,1,0)),0)+IF(ISNUMBER(L25),IF(ISNUMBER(K25),IF(L25-K25<=0,1,IF(5/(L25-K25)>10,1,0)),IF(L25<=0,1,IF(10/L25>10,1,0))),0)+IF(ISNUMBER(M25),IF(ISNUMBER(L25),IF(M25-L25<=0,1,IF(20/(M25-L25)>10,1,0)),IF(ISNUMBER(K25),IF(M25-K25<=0,1,IF(25/(M25-K25)>10,1,0)),IF(M25<=0,1,IF(30/M25>10,1,0)))),0)>0,1,0)) | O25: =IF(AND(J25=1,N25=0),1,0) | P25: =INDEX(Personendaten!$J$2:$J$32,MATCH(A25,Personendaten!$A$2:$A$32,0)) | Q25: =IF(O25=1,"",IF(AND(B25="post",P25="nicht angetreten"),"NANG",IF(N25=1,"AUSL",IFERROR(VLOOKUP(H25,Vokabular!$A$2:$B$8,2,FALSE),"UNBEKANNT"))))
A26: BW-02 | B26: prä | C26: Sprint_30m | D26: – | E26: 1 | F26: 4.81 | I26: =INDEX(Personendaten!$C$2:$C$32,MATCH(A26,Personendaten!$A$2:$A$32,0)) | J26: =IF(AND(F26<>"",G26=""),1,0) | K26: =IF(LEFT(C26,7)<>"Sprint_","",IF(COUNTIFS(Versuchsdaten!$A$2:$A$1117,$A26,Versuchsdaten!$B$2:$B$1117,$B26,Versuchsdaten!$C$2:$C$1117,"Sprint_5m",Versuchsdaten!$E$2:$E$1117,$E26,Versuchsdaten!$J$2:$J$1117,1)=1,SUMIFS(Versuchsdaten!$F$2:$F$1117,Versuchsdaten!$A$2:$A$1117,$A26,Versuchsdaten!$B$2:$B$1117,$B26,Versuchsdaten!$C$2:$C$1117,"Sprint_5m",Versuchsdaten!$E$2:$E$1117,$E26,Versuchsdaten!$J$2:$J$1117,1),"")) | L26: =IF(LEFT(C26,7)<>"Sprint_","",IF(COUNTIFS(Versuchsdaten!$A$2:$A$1117,$A26,Versuchsdaten!$B$2:$B$1117,$B26,Versuchsdaten!$C$2:$C$1117,"Sprint_10m",Versuchsdaten!$E$2:$E$1117,$E26,Versuchsdaten!$J$2:$J$1117,1)=1,SUMIFS(Versuchsdaten!$F$2:$F$1117,Versuchsdaten!$A$2:$A$1117,$A26,Versuchsdaten!$B$2:$B$1117,$B26,Versuchsdaten!$C$2:$C$1117,"Sprint_10m",Versuchsdaten!$E$2:$E$1117,$E26,Versuchsdaten!$J$2:$J$1117,1),"")) | M26: =IF(LEFT(C26,7)<>"Sprint_","",IF(COUNTIFS(Versuchsdaten!$A$2:$A$1117,$A26,Versuchsdaten!$B$2:$B$1117,$B26,Versuchsdaten!$C$2:$C$1117,"Sprint_30m",Versuchsdaten!$E$2:$E$1117,$E26,Versuchsdaten!$J$2:$J$1117,1)=1,SUMIFS(Versuchsdaten!$F$2:$F$1117,Versuchsdaten!$A$2:$A$1117,$A26,Versuchsdaten!$B$2:$B$1117,$B26,Versuchsdaten!$C$2:$C$1117,"Sprint_30m",Versuchsdaten!$E$2:$E$1117,$E26,Versuchsdaten!$J$2:$J$1117,1),"")) | N26: =IF(LEFT(C26,7)<>"Sprint_",0,IF(IF(ISNUMBER(K26),IF(K26<=0,1,IF(5/K26>10,1,0)),0)+IF(ISNUMBER(L26),IF(ISNUMBER(K26),IF(L26-K26<=0,1,IF(5/(L26-K26)>10,1,0)),IF(L26<=0,1,IF(10/L26>10,1,0))),0)+IF(ISNUMBER(M26),IF(ISNUMBER(L26),IF(M26-L26<=0,1,IF(20/(M26-L26)>10,1,0)),IF(ISNUMBER(K26),IF(M26-K26<=0,1,IF(25/(M26-K26)>10,1,0)),IF(M26<=0,1,IF(30/M26>10,1,0)))),0)>0,1,0)) | O26: =IF(AND(J26=1,N26=0),1,0) | P26: =INDEX(Personendaten!$J$2:$J$32,MATCH(A26,Personendaten!$A$2:$A$32,0)) | Q26: =IF(O26=1,"",IF(AND(B26="post",P26="nicht angetreten"),"NANG",IF(N26=1,"AUSL",IFERROR(VLOOKUP(H26,Vokabular!$A$2:$B$8,2,FALSE),"UNBEKANNT"))))
A27: BW-02 | B27: prä | C27: Sprint_30m | D27: – | E27: 2 | F27: 4.72 | I27: =INDEX(Personendaten!$C$2:$C$32,MATCH(A27,Personendaten!$A$2:$A$32,0)) | J27: =IF(AND(F27<>"",G27=""),1,0) | K27: =IF(LEFT(C27,7)<>"Sprint_","",IF(COUNTIFS(Versuchsdaten!$A$2:$A$1117,$A27,Versuchsdaten!$B$2:$B$1117,$B27,Versuchsdaten!$C$2:$C$1117,"Sprint_5m",Versuchsdaten!$E$2:$E$1117,$E27,Versuchsdaten!$J$2:$J$1117,1)=1,SUMIFS(Versuchsdaten!$F$2:$F$1117,Versuchsdaten!$A$2:$A$1117,$A27,Versuchsdaten!$B$2:$B$1117,$B27,Versuchsdaten!$C$2:$C$1117,"Sprint_5m",Versuchsdaten!$E$2:$E$1117,$E27,Versuchsdaten!$J$2:$J$1117,1),"")) | L27: =IF(LEFT(C27,7)<>"Sprint_","",IF(COUNTIFS(Versuchsdaten!$A$2:$A$1117,$A27,Versuchsdaten!$B$2:$B$1117,$B27,Versuchsdaten!$C$2:$C$1117,"Sprint_10m",Versuchsdaten!$E$2:$E$1117,$E27,Versuchsdaten!$J$2:$J$1117,1)=1,SUMIFS(Versuchsdaten!$F$2:$F$1117,Versuchsdaten!$A$2:$A$1117,$A27,Versuchsdaten!$B$2:$B$1117,$B27,Versuchsdaten!$C$2:$C$1117,"Sprint_10m",Versuchsdaten!$E$2:$E$1117,$E27,Versuchsdaten!$J$2:$J$1117,1),"")) | M27: =IF(LEFT(C27,7)<>"Sprint_","",IF(COUNTIFS(Versuchsdaten!$A$2:$A$1117,$A27,Versuchsdaten!$B$2:$B$1117,$B27,Versuchsdaten!$C$2:$C$1117,"Sprint_30m",Versuchsdaten!$E$2:$E$1117,$E27,Versuchsdaten!$J$2:$J$1117,1)=1,SUMIFS(Versuchsdaten!$F$2:$F$1117,Versuchsdaten!$A$2:$A$1117,$A27,Versuchsdaten!$B$2:$B$1117,$B27,Versuchsdaten!$C$2:$C$1117,"Sprint_30m",Versuchsdaten!$E$2:$E$1117,$E27,Versuchsdaten!$J$2:$J$1117,1),"")) | N27: =IF(LEFT(C27,7)<>"Sprint_",0,IF(IF(ISNUMBER(K27),IF(K27<=0,1,IF(5/K27>10,1,0)),0)+IF(ISNUMBER(L27),IF(ISNUMBER(K27),IF(L27-K27<=0,1,IF(5/(L27-K27)>10,1,0)),IF(L27<=0,1,IF(10/L27>10,1,0))),0)+IF(ISNUMBER(M27),IF(ISNUMBER(L27),IF(M27-L27<=0,1,IF(20/(M27-L27)>10,1,0)),IF(ISNUMBER(K27),IF(M27-K27<=0,1,IF(25/(M27-K27)>10,1,0)),IF(M27<=0,1,IF(30/M27>10,1,0)))),0)>0,1,0)) | O27: =IF(AND(J27=1,N27=0),1,0) | P27: =INDEX(Personendaten!$J$2:$J$32,MATCH(A27,Personendaten!$A$2:$A$32,0)) | Q27: =IF(O27=1,"",IF(AND(B27="post",P27="nicht angetreten"),"NANG",IF(N27=1,"AUSL",IFERROR(VLOOKUP(H27,Vokabular!$A$2:$B$8,2,FALSE),"UNBEKANNT"))))
A28: BW-02 | B28: prä | C28: Sprint_30m | D28: – | E28: 3 | F28: 4.69 | I28: =INDEX(Personendaten!$C$2:$C$32,MATCH(A28,Personendaten!$A$2:$A$32,0)) | J28: =IF(AND(F28<>"",G28=""),1,0) | K28: =IF(LEFT(C28,7)<>"Sprint_","",IF(COUNTIFS(Versuchsdaten!$A$2:$A$1117,$A28,Versuchsdaten!$B$2:$B$1117,$B28,Versuchsdaten!$C$2:$C$1117,"Sprint_5m",Versuchsdaten!$E$2:$E$1117,$E28,Versuchsdaten!$J$2:$J$1117,1)=1,SUMIFS(Versuchsdaten!$F$2:$F$1117,Versuchsdaten!$A$2:$A$1117,$A28,Versuchsdaten!$B$2:$B$1117,$B28,Versuchsdaten!$C$2:$C$1117,"Sprint_5m",Versuchsdaten!$E$2:$E$1117,$E28,Versuchsdaten!$J$2:$J$1117,1),"")) | L28: =IF(LEFT(C28,7)<>"Sprint_","",IF(COUNTIFS(Versuchsdaten!$A$2:$A$1117,$A28,Versuchsdaten!$B$2:$B$1117,$B28,Versuchsdaten!$C$2:$C$1117,"Sprint_10m",Versuchsdaten!$E$2:$E$1117,$E28,Versuchsdaten!$J$2:$J$1117,1)=1,SUMIFS(Versuchsdaten!$F$2:$F$1117,Versuchsdaten!$A$2:$A$1117,$A28,Versuchsdaten!$B$2:$B$1117,$B28,Versuchsdaten!$C$2:$C$1117,"Sprint_10m",Versuchsdaten!$E$2:$E$1117,$E28,Versuchsdaten!$J$2:$J$1117,1),"")) | M28: =IF(LEFT(C28,7)<>"Sprint_","",IF(COUNTIFS(Versuchsdaten!$A$2:$A$1117,$A28,Versuchsdaten!$B$2:$B$1117,$B28,Versuchsdaten!$C$2:$C$1117,"Sprint_30m",Versuchsdaten!$E$2:$E$1117,$E28,Versuchsdaten!$J$2:$J$1117,1)=1,SUMIFS(Versuchsdaten!$F$2:$F$1117,Versuchsdaten!$A$2:$A$1117,$A28,Versuchsdaten!$B$2:$B$1117,$B28,Versuchsdaten!$C$2:$C$1117,"Sprint_30m",Versuchsdaten!$E$2:$E$1117,$E28,Versuchsdaten!$J$2:$J$1117,1),"")) | N28: =IF(LEFT(C28,7)<>"Sprint_",0,IF(IF(ISNUMBER(K28),IF(K28<=0,1,IF(5/K28>10,1,0)),0)+IF(ISNUMBER(L28),IF(ISNUMBER(K28),IF(L28-K28<=0,1,IF(5/(L28-K28)>10,1,0)),IF(L28<=0,1,IF(10/L28>10,1,0))),0)+IF(ISNUMBER(M28),IF(ISNUMBER(L28),IF(M28-L28<=0,1,IF(20/(M28-L28)>10,1,0)),IF(ISNUMBER(K28),IF(M28-K28<=0,1,IF(25/(M28-K28)>10,1,0)),IF(M28<=0,1,IF(30/M28>10,1,0)))),0)>0,1,0)) | O28: =IF(AND(J28=1,N28=0),1,0) | P28: =INDEX(Personendaten!$J$2:$J$32,MATCH(A28,Personendaten!$A$2:$A$32,0)) | Q28: =IF(O28=1,"",IF(AND(B28="post",P28="nicht angetreten"),"NANG",IF(N28=1,"AUSL",IFERROR(VLOOKUP(H28,Vokabular!$A$2:$B$8,2,FALSE),"UNBEKANNT"))))
A29: BW-02 | B29: prä | C29: Standweitsprung | D29: – | E29: 1 | G29: x | H29: Kein fester Stand | I29: =INDEX(Personendaten!$C$2:$C$32,MATCH(A29,Personendaten!$A$2:$A$32,0)) | J29: =IF(AND(F29<>"",G29=""),1,0) | K29: =IF(LEFT(C29,7)<>"Sprint_","",IF(COUNTIFS(Versuchsdaten!$A$2:$A$1117,$A29,Versuchsdaten!$B$2:$B$1117,$B29,Versuchsdaten!$C$2:$C$1117,"Sprint_5m",Versuchsdaten!$E$2:$E$1117,$E29,Versuchsdaten!$J$2:$J$1117,1)=1,SUMIFS(Versuchsdaten!$F$2:$F$1117,Versuchsdaten!$A$2:$A$1117,$A29,Versuchsdaten!$B$2:$B$1117,$B29,Versuchsdaten!$C$2:$C$1117,"Sprint_5m",Versuchsdaten!$E$2:$E$1117,$E29,Versuchsdaten!$J$2:$J$1117,1),"")) | L29: =IF(LEFT(C29,7)<>"Sprint_","",IF(COUNTIFS(Versuchsdaten!$A$2:$A$1117,$A29,Versuchsdaten!$B$2:$B$1117,$B29,Versuchsdaten!$C$2:$C$1117,"Sprint_10m",Versuchsdaten!$E$2:$E$1117,$E29,Versuchsdaten!$J$2:$J$1117,1)=1,SUMIFS(Versuchsdaten!$F$2:$F$1117,Versuchsdaten!$A$2:$A$1117,$A29,Versuchsdaten!$B$2:$B$1117,$B29,Versuchsdaten!$C$2:$C$1117,"Sprint_10m",Versuchsdaten!$E$2:$E$1117,$E29,Versuchsdaten!$J$2:$J$1117,1),"")) | M29: =IF(LEFT(C29,7)<>"Sprint_","",IF(COUNTIFS(Versuchsdaten!$A$2:$A$1117,$A29,Versuchsdaten!$B$2:$B$1117,$B29,Versuchsdaten!$C$2:$C$1117,"Sprint_30m",Versuchsdaten!$E$2:$E$1117,$E29,Versuchsdaten!$J$2:$J$1117,1)=1,SUMIFS(Versuchsdaten!$F$2:$F$1117,Versuchsdaten!$A$2:$A$1117,$A29,Versuchsdaten!$B$2:$B$1117,$B29,Versuchsdaten!$C$2:$C$1117,"Sprint_30m",Versuchsdaten!$E$2:$E$1117,$E29,Versuchsdaten!$J$2:$J$1117,1),"")) | N29: =IF(LEFT(C29,7)<>"Sprint_",0,IF(IF(ISNUMBER(K29),IF(K29<=0,1,IF(5/K29>10,1,0)),0)+IF(ISNUMBER(L29),IF(ISNUMBER(K29),IF(L29-K29<=0,1,IF(5/(L29-K29)>10,1,0)),IF(L29<=0,1,IF(10/L29>10,1,0))),0)+IF(ISNUMBER(M29),IF(ISNUMBER(L29),IF(M29-L29<=0,1,IF(20/(M29-L29)>10,1,0)),IF(ISNUMBER(K29),IF(M29-K29<=0,1,IF(25/(M29-K29)>10,1,0)),IF(M29<=0,1,IF(30/M29>10,1,0)))),0)>0,1,0)) | O29: =IF(AND(J29=1,N29=0),1,0) | P29: =INDEX(Personendaten!$J$2:$J$32,MATCH(A29,Personendaten!$A$2:$A$32,0)) | Q29: =IF(O29=1,"",IF(AND(B29="post",P29="nicht angetreten"),"NANG",IF(N29=1,"AUSL",IFERROR(VLOOKUP(H29,Vokabular!$A$2:$B$8,2,FALSE),"UNBEKANNT"))))
A30: BW-02 | B30: prä | C30: Standweitsprung | D30: – | E30: 2 | F30: 221 | I30: =INDEX(Personendaten!$C$2:$C$32,MATCH(A30,Personendaten!$A$2:$A$32,0)) | J30: =IF(AND(F30<>"",G30=""),1,0) | K30: =IF(LEFT(C30,7)<>"Sprint_","",IF(COUNTIFS(Versuchsdaten!$A$2:$A$1117,$A30,Versuchsdaten!$B$2:$B$1117,$B30,Versuchsdaten!$C$2:$C$1117,"Sprint_5m",Versuchsdaten!$E$2:$E$1117,$E30,Versuchsdaten!$J$2:$J$1117,1)=1,SUMIFS(Versuchsdaten!$F$2:$F$1117,Versuchsdaten!$A$2:$A$1117,$A30,Versuchsdaten!$B$2:$B$1117,$B30,Versuchsdaten!$C$2:$C$1117,"Sprint_5m",Versuchsdaten!$E$2:$E$1117,$E30,Versuchsdaten!$J$2:$J$1117,1),"")) | L30: =IF(LEFT(C30,7)<>"Sprint_","",IF(COUNTIFS(Versuchsdaten!$A$2:$A$1117,$A30,Versuchsdaten!$B$2:$B$1117,$B30,Versuchsdaten!$C$2:$C$1117,"Sprint_10m",Versuchsdaten!$E$2:$E$1117,$E30,Versuchsdaten!$J$2:$J$1117,1)=1,SUMIFS(Versuchsdaten!$F$2:$F$1117,Versuchsdaten!$A$2:$A$1117,$A30,Versuchsdaten!$B$2:$B$1117,$B30,Versuchsdaten!$C$2:$C$1117,"Sprint_10m",Versuchsdaten!$E$2:$E$1117,$E30,Versuchsdaten!$J$2:$J$1117,1),"")) | M30: =IF(LEFT(C30,7)<>"Sprint_","",IF(COUNTIFS(Versuchsdaten!$A$2:$A$1117,$A30,Versuchsdaten!$B$2:$B$1117,$B30,Versuchsdaten!$C$2:$C$1117,"Sprint_30m",Versuchsdaten!$E$2:$E$1117,$E30,Versuchsdaten!$J$2:$J$1117,1)=1,SUMIFS(Versuchsdaten!$F$2:$F$1117,Versuchsdaten!$A$2:$A$1117,$A30,Versuchsdaten!$B$2:$B$1117,$B30,Versuchsdaten!$C$2:$C$1117,"Sprint_30m",Versuchsdaten!$E$2:$E$1117,$E30,Versuchsdaten!$J$2:$J$1117,1),"")) | N30: =IF(LEFT(C30,7)<>"Sprint_",0,IF(IF(ISNUMBER(K30),IF(K30<=0,1,IF(5/K30>10,1,0)),0)+IF(ISNUMBER(L30),IF(ISNUMBER(K30),IF(L30-K30<=0,1,IF(5/(L30-K30)>10,1,0)),IF(L30<=0,1,IF(10/L30>10,1,0))),0)+IF(ISNUMBER(M30),IF(ISNUMBER(L30),IF(M30-L30<=0,1,IF(20/(M30-L30)>10,1,0)),IF(ISNUMBER(K30),IF(M30-K30<=0,1,IF(25/(M30-K30)>10,1,0)),IF(M30<=0,1,IF(30/M30>10,1,0)))),0)>0,1,0)) | O30: =IF(AND(J30=1,N30=0),1,0) | P30: =INDEX(Personendaten!$J$2:$J$32,MATCH(A30,Personendaten!$A$2:$A$32,0)) | Q30: =IF(O30=1,"",IF(AND(B30="post",P30="nicht angetreten"),"NANG",IF(N30=1,"AUSL",IFERROR(VLOOKUP(H30,Vokabular!$A$2:$B$8,2,FALSE),"UNBEKANNT"))))
A31: BW-02 | B31: prä | C31: Standweitsprung | D31: – | E31: 3 | F31: 228 | I31: =INDEX(Personendaten!$C$2:$C$32,MATCH(A31,Personendaten!$A$2:$A$32,0)) | J31: =IF(AND(F31<>"",G31=""),1,0) | K31: =IF(LEFT(C31,7)<>"Sprint_","",IF(COUNTIFS(Versuchsdaten!$A$2:$A$1117,$A31,Versuchsdaten!$B$2:$B$1117,$B31,Versuchsdaten!$C$2:$C$1117,"Sprint_5m",Versuchsdaten!$E$2:$E$1117,$E31,Versuchsdaten!$J$2:$J$1117,1)=1,SUMIFS(Versuchsdaten!$F$2:$F$1117,Versuchsdaten!$A$2:$A$1117,$A31,Versuchsdaten!$B$2:$B$1117,$B31,Versuchsdaten!$C$2:$C$1117,"Sprint_5m",Versuchsdaten!$E$2:$E$1117,$E31,Versuchsdaten!$J$2:$J$1117,1),"")) | L31: =IF(LEFT(C31,7)<>"Sprint_","",IF(COUNTIFS(Versuchsdaten!$A$2:$A$1117,$A31,Versuchsdaten!$B$2:$B$1117,$B31,Versuchsdaten!$C$2:$C$1117,"Sprint_10m",Versuchsdaten!$E$2:$E$1117,$E31,Versuchsdaten!$J$2:$J$1117,1)=1,SUMIFS(Versuchsdaten!$F$2:$F$1117,Versuchsdaten!$A$2:$A$1117,$A31,Versuchsdaten!$B$2:$B$1117,$B31,Versuchsdaten!$C$2:$C$1117,"Sprint_10m",Versuchsdaten!$E$2:$E$1117,$E31,Versuchsdaten!$J$2:$J$1117,1),"")) | M31: =IF(LEFT(C31,7)<>"Sprint_","",IF(COUNTIFS(Versuchsdaten!$A$2:$A$1117,$A31,Versuchsdaten!$B$2:$B$1117,$B31,Versuchsdaten!$C$2:$C$1117,"Sprint_30m",Versuchsdaten!$E$2:$E$1117,$E31,Versuchsdaten!$J$2:$J$1117,1)=1,SUMIFS(Versuchsdaten!$F$2:$F$1117,Versuchsdaten!$A$2:$A$1117,$A31,Versuchsdaten!$B$2:$B$1117,$B31,Versuchsdaten!$C$2:$C$1117,"Sprint_30m",Versuchsdaten!$E$2:$E$1117,$E31,Versuchsdaten!$J$2:$J$1117,1),"")) | N31: =IF(LEFT(C31,7)<>"Sprint_",0,IF(IF(ISNUMBER(K31),IF(K31<=0,1,IF(5/K31>10,1,0)),0)+IF(ISNUMBER(L31),IF(ISNUMBER(K31),IF(L31-K31<=0,1,IF(5/(L31-K31)>10,1,0)),IF(L31<=0,1,IF(10/L31>10,1,0))),0)+IF(ISNUMBER(M31),IF(ISNUMBER(L31),IF(M31-L31<=0,1,IF(20/(M31-L31)>10,1,0)),IF(ISNUMBER(K31),IF(M31-K31<=0,1,IF(25/(M31-K31)>10,1,0)),IF(M31<=0,1,IF(30/M31>10,1,0)))),0)>0,1,0)) | O31: =IF(AND(J31=1,N31=0),1,0) | P31: =INDEX(Personendaten!$J$2:$J$32,MATCH(A31,Personendaten!$A$2:$A$32,0)) | Q31: =IF(O31=1,"",IF(AND(B31="post",P31="nicht angetreten"),"NANG",IF(N31=1,"AUSL",IFERROR(VLOOKUP(H31,Vokabular!$A$2:$B$8,2,FALSE),"UNBEKANNT"))))
A32: BW-02 | B32: prä | C32: COD_505 | D32: L | E32: 1 | F32: 2.44 | I32: =INDEX(Personendaten!$C$2:$C$32,MATCH(A32,Personendaten!$A$2:$A$32,0)) | J32: =IF(AND(F32<>"",G32=""),1,0) | K32: =IF(LEFT(C32,7)<>"Sprint_","",IF(COUNTIFS(Versuchsdaten!$A$2:$A$1117,$A32,Versuchsdaten!$B$2:$B$1117,$B32,Versuchsdaten!$C$2:$C$1117,"Sprint_5m",Versuchsdaten!$E$2:$E$1117,$E32,Versuchsdaten!$J$2:$J$1117,1)=1,SUMIFS(Versuchsdaten!$F$2:$F$1117,Versuchsdaten!$A$2:$A$1117,$A32,Versuchsdaten!$B$2:$B$1117,$B32,Versuchsdaten!$C$2:$C$1117,"Sprint_5m",Versuchsdaten!$E$2:$E$1117,$E32,Versuchsdaten!$J$2:$J$1117,1),"")) | L32: =IF(LEFT(C32,7)<>"Sprint_","",IF(COUNTIFS(Versuchsdaten!$A$2:$A$1117,$A32,Versuchsdaten!$B$2:$B$1117,$B32,Versuchsdaten!$C$2:$C$1117,"Sprint_10m",Versuchsdaten!$E$2:$E$1117,$E32,Versuchsdaten!$J$2:$J$1117,1)=1,SUMIFS(Versuchsdaten!$F$2:$F$1117,Versuchsdaten!$A$2:$A$1117,$A32,Versuchsdaten!$B$2:$B$1117,$B32,Versuchsdaten!$C$2:$C$1117,"Sprint_10m",Versuchsdaten!$E$2:$E$1117,$E32,Versuchsdaten!$J$2:$J$1117,1),"")) | M32: =IF(LEFT(C32,7)<>"Sprint_","",IF(COUNTIFS(Versuchsdaten!$A$2:$A$1117,$A32,Versuchsdaten!$B$2:$B$1117,$B32,Versuchsdaten!$C$2:$C$1117,"Sprint_30m",Versuchsdaten!$E$2:$E$1117,$E32,Versuchsdaten!$J$2:$J$1117,1)=1,SUMIFS(Versuchsdaten!$F$2:$F$1117,Versuchsdaten!$A$2:$A$1117,$A32,Versuchsdaten!$B$2:$B$1117,$B32,Versuchsdaten!$C$2:$C$1117,"Sprint_30m",Versuchsdaten!$E$2:$E$1117,$E32,Versuchsdaten!$J$2:$J$1117,1),"")) | N32: =IF(LEFT(C32,7)<>"Sprint_",0,IF(IF(ISNUMBER(K32),IF(K32<=0,1,IF(5/K32>10,1,0)),0)+IF(ISNUMBER(L32),IF(ISNUMBER(K32),IF(L32-K32<=0,1,IF(5/(L32-K32)>10,1,0)),IF(L32<=0,1,IF(10/L32>10,1,0))),0)+IF(ISNUMBER(M32),IF(ISNUMBER(L32),IF(M32-L32<=0,1,IF(20/(M32-L32)>10,1,0)),IF(ISNUMBER(K32),IF(M32-K32<=0,1,IF(25/(M32-K32)>10,1,0)),IF(M32<=0,1,IF(30/M32>10,1,0)))),0)>0,1,0)) | O32: =IF(AND(J32=1,N32=0),1,0) | P32: =INDEX(Personendaten!$J$2:$J$32,MATCH(A32,Personendaten!$A$2:$A$32,0)) | Q32: =IF(O32=1,"",IF(AND(B32="post",P32="nicht angetreten"),"NANG",IF(N32=1,"AUSL",IFERROR(VLOOKUP(H32,Vokabular!$A$2:$B$8,2,FALSE),"UNBEKANNT"))))
A33: BW-02 | B33: prä | C33: COD_505 | D33: L | E33: 2 | F33: 2.51 | I33: =INDEX(Personendaten!$C$2:$C$32,MATCH(A33,Personendaten!$A$2:$A$32,0)) | J33: =IF(AND(F33<>"",G33=""),1,0) | K33: =IF(LEFT(C33,7)<>"Sprint_","",IF(COUNTIFS(Versuchsdaten!$A$2:$A$1117,$A33,Versuchsdaten!$B$2:$B$1117,$B33,Versuchsdaten!$C$2:$C$1117,"Sprint_5m",Versuchsdaten!$E$2:$E$1117,$E33,Versuchsdaten!$J$2:$J$1117,1)=1,SUMIFS(Versuchsdaten!$F$2:$F$1117,Versuchsdaten!$A$2:$A$1117,$A33,Versuchsdaten!$B$2:$B$1117,$B33,Versuchsdaten!$C$2:$C$1117,"Sprint_5m",Versuchsdaten!$E$2:$E$1117,$E33,Versuchsdaten!$J$2:$J$1117,1),"")) | L33: =IF(LEFT(C33,7)<>"Sprint_","",IF(COUNTIFS(Versuchsdaten!$A$2:$A$1117,$A33,Versuchsdaten!$B$2:$B$1117,$B33,Versuchsdaten!$C$2:$C$1117,"Sprint_10m",Versuchsdaten!$E$2:$E$1117,$E33,Versuchsdaten!$J$2:$J$1117,1)=1,SUMIFS(Versuchsdaten!$F$2:$F$1117,Versuchsdaten!$A$2:$A$1117,$A33,Versuchsdaten!$B$2:$B$1117,$B33,Versuchsdaten!$C$2:$C$1117,"Sprint_10m",Versuchsdaten!$E$2:$E$1117,$E33,Versuchsdaten!$J$2:$J$1117,1),"")) | M33: =IF(LEFT(C33,7)<>"Sprint_","",IF(COUNTIFS(Versuchsdaten!$A$2:$A$1117,$A33,Versuchsdaten!$B$2:$B$1117,$B33,Versuchsdaten!$C$2:$C$1117,"Sprint_30m",Versuchsdaten!$E$2:$E$1117,$E33,Versuchsdaten!$J$2:$J$1117,1)=1,SUMIFS(Versuchsdaten!$F$2:$F$1117,Versuchsdaten!$A$2:$A$1117,$A33,Versuchsdaten!$B$2:$B$1117,$B33,Versuchsdaten!$C$2:$C$1117,"Sprint_30m",Versuchsdaten!$E$2:$E$1117,$E33,Versuchsdaten!$J$2:$J$1117,1),"")) | N33: =IF(LEFT(C33,7)<>"Sprint_",0,IF(IF(ISNUMBER(K33),IF(K33<=0,1,IF(5/K33>10,1,0)),0)+IF(ISNUMBER(L33),IF(ISNUMBER(K33),IF(L33-K33<=0,1,IF(5/(L33-K33)>10,1,0)),IF(L33<=0,1,IF(10/L33>10,1,0))),0)+IF(ISNUMBER(M33),IF(ISNUMBER(L33),IF(M33-L33<=0,1,IF(20/(M33-L33)>10,1,0)),IF(ISNUMBER(K33),IF(M33-K33<=0,1,IF(25/(M33-K33)>10,1,0)),IF(M33<=0,1,IF(30/M33>10,1,0)))),0)>0,1,0)) | O33: =IF(AND(J33=1,N33=0),1,0) | P33: =INDEX(Personendaten!$J$2:$J$32,MATCH(A33,Personendaten!$A$2:$A$32,0)) | Q33: =IF(O33=1,"",IF(AND(B33="post",P33="nicht angetreten"),"NANG",IF(N33=1,"AUSL",IFERROR(VLOOKUP(H33,Vokabular!$A$2:$B$8,2,FALSE),"UNBEKANNT"))))
A34: BW-02 | B34: prä | C34: COD_505 | D34: L | E34: 3 | H34: Nur 2 Versuche aus Zeitmangel | I34: =INDEX(Personendaten!$C$2:$C$32,MATCH(A34,Personendaten!$A$2:$A$32,0)) | J34: =IF(AND(F34<>"",G34=""),1,0) | K34: =IF(LEFT(C34,7)<>"Sprint_","",IF(COUNTIFS(Versuchsdaten!$A$2:$A$1117,$A34,Versuchsdaten!$B$2:$B$1117,$B34,Versuchsdaten!$C$2:$C$1117,"Sprint_5m",Versuchsdaten!$E$2:$E$1117,$E34,Versuchsdaten!$J$2:$J$1117,1)=1,SUMIFS(Versuchsdaten!$F$2:$F$1117,Versuchsdaten!$A$2:$A$1117,$A34,Versuchsdaten!$B$2:$B$1117,$B34,Versuchsdaten!$C$2:$C$1117,"Sprint_5m",Versuchsdaten!$E$2:$E$1117,$E34,Versuchsdaten!$J$2:$J$1117,1),"")) | L34: =IF(LEFT(C34,7)<>"Sprint_","",IF(COUNTIFS(Versuchsdaten!$A$2:$A$1117,$A34,Versuchsdaten!$B$2:$B$1117,$B34,Versuchsdaten!$C$2:$C$1117,"Sprint_10m",Versuchsdaten!$E$2:$E$1117,$E34,Versuchsdaten!$J$2:$J$1117,1)=1,SUMIFS(Versuchsdaten!$F$2:$F$1117,Versuchsdaten!$A$2:$A$1117,$A34,Versuchsdaten!$B$2:$B$1117,$B34,Versuchsdaten!$C$2:$C$1117,"Sprint_10m",Versuchsdaten!$E$2:$E$1117,$E34,Versuchsdaten!$J$2:$J$1117,1),"")) | M34: =IF(LEFT(C34,7)<>"Sprint_","",IF(COUNTIFS(Versuchsdaten!$A$2:$A$1117,$A34,Versuchsdaten!$B$2:$B$1117,$B34,Versuchsdaten!$C$2:$C$1117,"Sprint_30m",Versuchsdaten!$E$2:$E$1117,$E34,Versuchsdaten!$J$2:$J$1117,1)=1,SUMIFS(Versuchsdaten!$F$2:$F$1117,Versuchsdaten!$A$2:$A$1117,$A34,Versuchsdaten!$B$2:$B$1117,$B34,Versuchsdaten!$C$2:$C$1117,"Sprint_30m",Versuchsdaten!$E$2:$E$1117,$E34,Versuchsdaten!$J$2:$J$1117,1),"")) | N34: =IF(LEFT(C34,7)<>"Sprint_",0,IF(IF(ISNUMBER(K34),IF(K34<=0,1,IF(5/K34>10,1,0)),0)+IF(ISNUMBER(L34),IF(ISNUMBER(K34),IF(L34-K34<=0,1,IF(5/(L34-K34)>10,1,0)),IF(L34<=0,1,IF(10/L34>10,1,0))),0)+IF(ISNUMBER(M34),IF(ISNUMBER(L34),IF(M34-L34<=0,1,IF(20/(M34-L34)>10,1,0)),IF(ISNUMBER(K34),IF(M34-K34<=0,1,IF(25/(M34-K34)>10,1,0)),IF(M34<=0,1,IF(30/M34>10,1,0)))),0)>0,1,0)) | O34: =IF(AND(J34=1,N34=0),1,0) | P34: =INDEX(Personendaten!$J$2:$J$32,MATCH(A34,Personendaten!$A$2:$A$32,0)) | Q34: =IF(O34=1,"",IF(AND(B34="post",P34="nicht angetreten"),"NANG",IF(N34=1,"AUSL",IFERROR(VLOOKUP(H34,Vokabular!$A$2:$B$8,2,FALSE),"UNBEKANNT"))))
A35: BW-02 | B35: prä | C35: COD_505 | D35: R | E35: 1 | F35: 2.5 | I35: =INDEX(Personendaten!$C$2:$C$32,MATCH(A35,Personendaten!$A$2:$A$32,0)) | J35: =IF(AND(F35<>"",G35=""),1,0) | K35: =IF(LEFT(C35,7)<>"Sprint_","",IF(COUNTIFS(Versuchsdaten!$A$2:$A$1117,$A35,Versuchsdaten!$B$2:$B$1117,$B35,Versuchsdaten!$C$2:$C$1117,"Sprint_5m",Versuchsdaten!$E$2:$E$1117,$E35,Versuchsdaten!$J$2:$J$1117,1)=1,SUMIFS(Versuchsdaten!$F$2:$F$1117,Versuchsdaten!$A$2:$A$1117,$A35,Versuchsdaten!$B$2:$B$1117,$B35,Versuchsdaten!$C$2:$C$1117,"Sprint_5m",Versuchsdaten!$E$2:$E$1117,$E35,Versuchsdaten!$J$2:$J$1117,1),"")) | L35: =IF(LEFT(C35,7)<>"Sprint_","",IF(COUNTIFS(Versuchsdaten!$A$2:$A$1117,$A35,Versuchsdaten!$B$2:$B$1117,$B35,Versuchsdaten!$C$2:$C$1117,"Sprint_10m",Versuchsdaten!$E$2:$E$1117,$E35,Versuchsdaten!$J$2:$J$1117,1)=1,SUMIFS(Versuchsdaten!$F$2:$F$1117,Versuchsdaten!$A$2:$A$1117,$A35,Versuchsdaten!$B$2:$B$1117,$B35,Versuchsdaten!$C$2:$C$1117,"Sprint_10m",Versuchsdaten!$E$2:$E$1117,$E35,Versuchsdaten!$J$2:$J$1117,1),"")) | M35: =IF(LEFT(C35,7)<>"Sprint_","",IF(COUNTIFS(Versuchsdaten!$A$2:$A$1117,$A35,Versuchsdaten!$B$2:$B$1117,$B35,Versuchsdaten!$C$2:$C$1117,"Sprint_30m",Versuchsdaten!$E$2:$E$1117,$E35,Versuchsdaten!$J$2:$J$1117,1)=1,SUMIFS(Versuchsdaten!$F$2:$F$1117,Versuchsdaten!$A$2:$A$1117,$A35,Versuchsdaten!$B$2:$B$1117,$B35,Versuchsdaten!$C$2:$C$1117,"Sprint_30m",Versuchsdaten!$E$2:$E$1117,$E35,Versuchsdaten!$J$2:$J$1117,1),"")) | N35: =IF(LEFT(C35,7)<>"Sprint_",0,IF(IF(ISNUMBER(K35),IF(K35<=0,1,IF(5/K35>10,1,0)),0)+IF(ISNUMBER(L35),IF(ISNUMBER(K35),IF(L35-K35<=0,1,IF(5/(L35-K35)>10,1,0)),IF(L35<=0,1,IF(10/L35>10,1,0))),0)+IF(ISNUMBER(M35),IF(ISNUMBER(L35),IF(M35-L35<=0,1,IF(20/(M35-L35)>10,1,0)),IF(ISNUMBER(K35),IF(M35-K35<=0,1,IF(25/(M35-K35)>10,1,0)),IF(M35<=0,1,IF(30/M35>10,1,0)))),0)>0,1,0)) | O35: =IF(AND(J35=1,N35=0),1,0) | P35: =INDEX(Personendaten!$J$2:$J$32,MATCH(A35,Personendaten!$A$2:$A$32,0)) | Q35: =IF(O35=1,"",IF(AND(B35="post",P35="nicht angetreten"),"NANG",IF(N35=1,"AUSL",IFERROR(VLOOKUP(H35,Vokabular!$A$2:$B$8,2,FALSE),"UNBEKANNT"))))
A36: BW-02 | B36: prä | C36: COD_505 | D36: R | E36: 2 | F36: 2.54 | I36: =INDEX(Personendaten!$C$2:$C$32,MATCH(A36,Personendaten!$A$2:$A$32,0)) | J36: =IF(AND(F36<>"",G36=""),1,0) | K36: =IF(LEFT(C36,7)<>"Sprint_","",IF(COUNTIFS(Versuchsdaten!$A$2:$A$1117,$A36,Versuchsdaten!$B$2:$B$1117,$B36,Versuchsdaten!$C$2:$C$1117,"Sprint_5m",Versuchsdaten!$E$2:$E$1117,$E36,Versuchsdaten!$J$2:$J$1117,1)=1,SUMIFS(Versuchsdaten!$F$2:$F$1117,Versuchsdaten!$A$2:$A$1117,$A36,Versuchsdaten!$B$2:$B$1117,$B36,Versuchsdaten!$C$2:$C$1117,"Sprint_5m",Versuchsdaten!$E$2:$E$1117,$E36,Versuchsdaten!$J$2:$J$1117,1),"")) | L36: =IF(LEFT(C36,7)<>"Sprint_","",IF(COUNTIFS(Versuchsdaten!$A$2:$A$1117,$A36,Versuchsdaten!$B$2:$B$1117,$B36,Versuchsdaten!$C$2:$C$1117,"Sprint_10m",Versuchsdaten!$E$2:$E$1117,$E36,Versuchsdaten!$J$2:$J$1117,1)=1,SUMIFS(Versuchsdaten!$F$2:$F$1117,Versuchsdaten!$A$2:$A$1117,$A36,Versuchsdaten!$B$2:$B$1117,$B36,Versuchsdaten!$C$2:$C$1117,"Sprint_10m",Versuchsdaten!$E$2:$E$1117,$E36,Versuchsdaten!$J$2:$J$1117,1),"")) | M36: =IF(LEFT(C36,7)<>"Sprint_","",IF(COUNTIFS(Versuchsdaten!$A$2:$A$1117,$A36,Versuchsdaten!$B$2:$B$1117,$B36,Versuchsdaten!$C$2:$C$1117,"Sprint_30m",Versuchsdaten!$E$2:$E$1117,$E36,Versuchsdaten!$J$2:$J$1117,1)=1,SUMIFS(Versuchsdaten!$F$2:$F$1117,Versuchsdaten!$A$2:$A$1117,$A36,Versuchsdaten!$B$2:$B$1117,$B36,Versuchsdaten!$C$2:$C$1117,"Sprint_30m",Versuchsdaten!$E$2:$E$1117,$E36,Versuchsdaten!$J$2:$J$1117,1),"")) | N36: =IF(LEFT(C36,7)<>"Sprint_",0,IF(IF(ISNUMBER(K36),IF(K36<=0,1,IF(5/K36>10,1,0)),0)+IF(ISNUMBER(L36),IF(ISNUMBER(K36),IF(L36-K36<=0,1,IF(5/(L36-K36)>10,1,0)),IF(L36<=0,1,IF(10/L36>10,1,0))),0)+IF(ISNUMBER(M36),IF(ISNUMBER(L36),IF(M36-L36<=0,1,IF(20/(M36-L36)>10,1,0)),IF(ISNUMBER(K36),IF(M36-K36<=0,1,IF(25/(M36-K36)>10,1,0)),IF(M36<=0,1,IF(30/M36>10,1,0)))),0)>0,1,0)) | O36: =IF(AND(J36=1,N36=0),1,0) | P36: =INDEX(Personendaten!$J$2:$J$32,MATCH(A36,Personendaten!$A$2:$A$32,0)) | Q36: =IF(O36=1,"",IF(AND(B36="post",P36="nicht angetreten"),"NANG",IF(N36=1,"AUSL",IFERROR(VLOOKUP(H36,Vokabular!$A$2:$B$8,2,FALSE),"UNBEKANNT"))))
A37: BW-02 | B37: prä | C37: COD_505 | D37: R | E37: 3 | H37: Nur 2 Versuche aus Zeitmangel | I37: =INDEX(Personendaten!$C$2:$C$32,MATCH(A37,Personendaten!$A$2:$A$32,0)) | J37: =IF(AND(F37<>"",G37=""),1,0) | K37: =IF(LEFT(C37,7)<>"Sprint_","",IF(COUNTIFS(Versuchsdaten!$A$2:$A$1117,$A37,Versuchsdaten!$B$2:$B$1117,$B37,Versuchsdaten!$C$2:$C$1117,"Sprint_5m",Versuchsdaten!$E$2:$E$1117,$E37,Versuchsdaten!$J$2:$J$1117,1)=1,SUMIFS(Versuchsdaten!$F$2:$F$1117,Versuchsdaten!$A$2:$A$1117,$A37,Versuchsdaten!$B$2:$B$1117,$B37,Versuchsdaten!$C$2:$C$1117,"Sprint_5m",Versuchsdaten!$E$2:$E$1117,$E37,Versuchsdaten!$J$2:$J$1117,1),"")) | L37: =IF(LEFT(C37,7)<>"Sprint_","",IF(COUNTIFS(Versuchsdaten!$A$2:$A$1117,$A37,Versuchsdaten!$B$2:$B$1117,$B37,Versuchsdaten!$C$2:$C$1117,"Sprint_10m",Versuchsdaten!$E$2:$E$1117,$E37,Versuchsdaten!$J$2:$J$1117,1)=1,SUMIFS(Versuchsdaten!$F$2:$F$1117,Versuchsdaten!$A$2:$A$1117,$A37,Versuchsdaten!$B$2:$B$1117,$B37,Versuchsdaten!$C$2:$C$1117,"Sprint_10m",Versuchsdaten!$E$2:$E$1117,$E37,Versuchsdaten!$J$2:$J$1117,1),"")) | M37: =IF(LEFT(C37,7)<>"Sprint_","",IF(COUNTIFS(Versuchsdaten!$A$2:$A$1117,$A37,Versuchsdaten!$B$2:$B$1117,$B37,Versuchsdaten!$C$2:$C$1117,"Sprint_30m",Versuchsdaten!$E$2:$E$1117,$E37,Versuchsdaten!$J$2:$J$1117,1)=1,SUMIFS(Versuchsdaten!$F$2:$F$1117,Versuchsdaten!$A$2:$A$1117,$A37,Versuchsdaten!$B$2:$B$1117,$B37,Versuchsdaten!$C$2:$C$1117,"Sprint_30m",Versuchsdaten!$E$2:$E$1117,$E37,Versuchsdaten!$J$2:$J$1117,1),"")) | N37: =IF(LEFT(C37,7)<>"Sprint_",0,IF(IF(ISNUMBER(K37),IF(K37<=0,1,IF(5/K37>10,1,0)),0)+IF(ISNUMBER(L37),IF(ISNUMBER(K37),IF(L37-K37<=0,1,IF(5/(L37-K37)>10,1,0)),IF(L37<=0,1,IF(10/L37>10,1,0))),0)+IF(ISNUMBER(M37),IF(ISNUMBER(L37),IF(M37-L37<=0,1,IF(20/(M37-L37)>10,1,0)),IF(ISNUMBER(K37),IF(M37-K37<=0,1,IF(25/(M37-K37)>10,1,0)),IF(M37<=0,1,IF(30/M37>10,1,0)))),0)>0,1,0)) | O37: =IF(AND(J37=1,N37=0),1,0) | P37: =INDEX(Personendaten!$J$2:$J$32,MATCH(A37,Personendaten!$A$2:$A$32,0)) | Q37: =IF(O37=1,"",IF(AND(B37="post",P37="nicht angetreten"),"NANG",IF(N37=1,"AUSL",IFERROR(VLOOKUP(H37,Vokabular!$A$2:$B$8,2,FALSE),"UNBEKANNT"))))
A38: BW-04 | B38: prä | C38: Sprint_5m | D38: – | E38: 1 | F38: 1.2 | I38: =INDEX(Personendaten!$C$2:$C$32,MATCH(A38,Personendaten!$A$2:$A$32,0)) | J38: =IF(AND(F38<>"",G38=""),1,0) | K38: =IF(LEFT(C38,7)<>"Sprint_","",IF(COUNTIFS(Versuchsdaten!$A$2:$A$1117,$A38,Versuchsdaten!$B$2:$B$1117,$B38,Versuchsdaten!$C$2:$C$1117,"Sprint_5m",Versuchsdaten!$E$2:$E$1117,$E38,Versuchsdaten!$J$2:$J$1117,1)=1,SUMIFS(Versuchsdaten!$F$2:$F$1117,Versuchsdaten!$A$2:$A$1117,$A38,Versuchsdaten!$B$2:$B$1117,$B38,Versuchsdaten!$C$2:$C$1117,"Sprint_5m",Versuchsdaten!$E$2:$E$1117,$E38,Versuchsdaten!$J$2:$J$1117,1),"")) | L38: =IF(LEFT(C38,7)<>"Sprint_","",IF(COUNTIFS(Versuchsdaten!$A$2:$A$1117,$A38,Versuchsdaten!$B$2:$B$1117,$B38,Versuchsdaten!$C$2:$C$1117,"Sprint_10m",Versuchsdaten!$E$2:$E$1117,$E38,Versuchsdaten!$J$2:$J$1117,1)=1,SUMIFS(Versuchsdaten!$F$2:$F$1117,Versuchsdaten!$A$2:$A$1117,$A38,Versuchsdaten!$B$2:$B$1117,$B38,Versuchsdaten!$C$2:$C$1117,"Sprint_10m",Versuchsdaten!$E$2:$E$1117,$E38,Versuchsdaten!$J$2:$J$1117,1),"")) | M38: =IF(LEFT(C38,7)<>"Sprint_","",IF(COUNTIFS(Versuchsdaten!$A$2:$A$1117,$A38,Versuchsdaten!$B$2:$B$1117,$B38,Versuchsdaten!$C$2:$C$1117,"Sprint_30m",Versuchsdaten!$E$2:$E$1117,$E38,Versuchsdaten!$J$2:$J$1117,1)=1,SUMIFS(Versuchsdaten!$F$2:$F$1117,Versuchsdaten!$A$2:$A$1117,$A38,Versuchsdaten!$B$2:$B$1117,$B38,Versuchsdaten!$C$2:$C$1117,"Sprint_30m",Versuchsdaten!$E$2:$E$1117,$E38,Versuchsdaten!$J$2:$J$1117,1),"")) | N38: =IF(LEFT(C38,7)<>"Sprint_",0,IF(IF(ISNUMBER(K38),IF(K38<=0,1,IF(5/K38>10,1,0)),0)+IF(ISNUMBER(L38),IF(ISNUMBER(K38),IF(L38-K38<=0,1,IF(5/(L38-K38)>10,1,0)),IF(L38<=0,1,IF(10/L38>10,1,0))),0)+IF(ISNUMBER(M38),IF(ISNUMBER(L38),IF(M38-L38<=0,1,IF(20/(M38-L38)>10,1,0)),IF(ISNUMBER(K38),IF(M38-K38<=0,1,IF(25/(M38-K38)>10,1,0)),IF(M38<=0,1,IF(30/M38>10,1,0)))),0)>0,1,0)) | O38: =IF(AND(J38=1,N38=0),1,0) | P38: =INDEX(Personendaten!$J$2:$J$32,MATCH(A38,Personendaten!$A$2:$A$32,0)) | Q38: =IF(O38=1,"",IF(AND(B38="post",P38="nicht angetreten"),"NANG",IF(N38=1,"AUSL",IFERROR(VLOOKUP(H38,Vokabular!$A$2:$B$8,2,FALSE),"UNBEKANNT"))))
A39: BW-04 | B39: prä | C39: Sprint_5m | D39: – | E39: 2 | F39: 1.16 | I39: =INDEX(Personendaten!$C$2:$C$32,MATCH(A39,Personendaten!$A$2:$A$32,0)) | J39: =IF(AND(F39<>"",G39=""),1,0) | K39: =IF(LEFT(C39,7)<>"Sprint_","",IF(COUNTIFS(Versuchsdaten!$A$2:$A$1117,$A39,Versuchsdaten!$B$2:$B$1117,$B39,Versuchsdaten!$C$2:$C$1117,"Sprint_5m",Versuchsdaten!$E$2:$E$1117,$E39,Versuchsdaten!$J$2:$J$1117,1)=1,SUMIFS(Versuchsdaten!$F$2:$F$1117,Versuchsdaten!$A$2:$A$1117,$A39,Versuchsdaten!$B$2:$B$1117,$B39,Versuchsdaten!$C$2:$C$1117,"Sprint_5m",Versuchsdaten!$E$2:$E$1117,$E39,Versuchsdaten!$J$2:$J$1117,1),"")) | L39: =IF(LEFT(C39,7)<>"Sprint_","",IF(COUNTIFS(Versuchsdaten!$A$2:$A$1117,$A39,Versuchsdaten!$B$2:$B$1117,$B39,Versuchsdaten!$C$2:$C$1117,"Sprint_10m",Versuchsdaten!$E$2:$E$1117,$E39,Versuchsdaten!$J$2:$J$1117,1)=1,SUMIFS(Versuchsdaten!$F$2:$F$1117,Versuchsdaten!$A$2:$A$1117,$A39,Versuchsdaten!$B$2:$B$1117,$B39,Versuchsdaten!$C$2:$C$1117,"Sprint_10m",Versuchsdaten!$E$2:$E$1117,$E39,Versuchsdaten!$J$2:$J$1117,1),"")) | M39: =IF(LEFT(C39,7)<>"Sprint_","",IF(COUNTIFS(Versuchsdaten!$A$2:$A$1117,$A39,Versuchsdaten!$B$2:$B$1117,$B39,Versuchsdaten!$C$2:$C$1117,"Sprint_30m",Versuchsdaten!$E$2:$E$1117,$E39,Versuchsdaten!$J$2:$J$1117,1)=1,SUMIFS(Versuchsdaten!$F$2:$F$1117,Versuchsdaten!$A$2:$A$1117,$A39,Versuchsdaten!$B$2:$B$1117,$B39,Versuchsdaten!$C$2:$C$1117,"Sprint_30m",Versuchsdaten!$E$2:$E$1117,$E39,Versuchsdaten!$J$2:$J$1117,1),"")) | N39: =IF(LEFT(C39,7)<>"Sprint_",0,IF(IF(ISNUMBER(K39),IF(K39<=0,1,IF(5/K39>10,1,0)),0)+IF(ISNUMBER(L39),IF(ISNUMBER(K39),IF(L39-K39<=0,1,IF(5/(L39-K39)>10,1,0)),IF(L39<=0,1,IF(10/L39>10,1,0))),0)+IF(ISNUMBER(M39),IF(ISNUMBER(L39),IF(M39-L39<=0,1,IF(20/(M39-L39)>10,1,0)),IF(ISNUMBER(K39),IF(M39-K39<=0,1,IF(25/(M39-K39)>10,1,0)),IF(M39<=0,1,IF(30/M39>10,1,0)))),0)>0,1,0)) | O39: =IF(AND(J39=1,N39=0),1,0) | P39: =INDEX(Personendaten!$J$2:$J$32,MATCH(A39,Personendaten!$A$2:$A$32,0)) | Q39: =IF(O39=1,"",IF(AND(B39="post",P39="nicht angetreten"),"NANG",IF(N39=1,"AUSL",IFERROR(VLOOKUP(H39,Vokabular!$A$2:$B$8,2,FALSE),"UNBEKANNT"))))
A40: BW-04 | B40: prä | C40: Sprint_5m | D40: – | E40: 3 | H40: System nicht aufgenommen | I40: =INDEX(Personendaten!$C$2:$C$32,MATCH(A40,Personendaten!$A$2:$A$32,0)) | J40: =IF(AND(F40<>"",G40=""),1,0) | K40: =IF(LEFT(C40,7)<>"Sprint_","",IF(COUNTIFS(Versuchsdaten!$A$2:$A$1117,$A40,Versuchsdaten!$B$2:$B$1117,$B40,Versuchsdaten!$C$2:$C$1117,"Sprint_5m",Versuchsdaten!$E$2:$E$1117,$E40,Versuchsdaten!$J$2:$J$1117,1)=1,SUMIFS(Versuchsdaten!$F$2:$F$1117,Versuchsdaten!$A$2:$A$1117,$A40,Versuchsdaten!$B$2:$B$1117,$B40,Versuchsdaten!$C$2:$C$1117,"Sprint_5m",Versuchsdaten!$E$2:$E$1117,$E40,Versuchsdaten!$J$2:$J$1117,1),"")) | L40: =IF(LEFT(C40,7)<>"Sprint_","",IF(COUNTIFS(Versuchsdaten!$A$2:$A$1117,$A40,Versuchsdaten!$B$2:$B$1117,$B40,Versuchsdaten!$C$2:$C$1117,"Sprint_10m",Versuchsdaten!$E$2:$E$1117,$E40,Versuchsdaten!$J$2:$J$1117,1)=1,SUMIFS(Versuchsdaten!$F$2:$F$1117,Versuchsdaten!$A$2:$A$1117,$A40,Versuchsdaten!$B$2:$B$1117,$B40,Versuchsdaten!$C$2:$C$1117,"Sprint_10m",Versuchsdaten!$E$2:$E$1117,$E40,Versuchsdaten!$J$2:$J$1117,1),"")) | M40: =IF(LEFT(C40,7)<>"Sprint_","",IF(COUNTIFS(Versuchsdaten!$A$2:$A$1117,$A40,Versuchsdaten!$B$2:$B$1117,$B40,Versuchsdaten!$C$2:$C$1117,"Sprint_30m",Versuchsdaten!$E$2:$E$1117,$E40,Versuchsdaten!$J$2:$J$1117,1)=1,SUMIFS(Versuchsdaten!$F$2:$F$1117,Versuchsdaten!$A$2:$A$1117,$A40,Versuchsdaten!$B$2:$B$1117,$B40,Versuchsdaten!$C$2:$C$1117,"Sprint_30m",Versuchsdaten!$E$2:$E$1117,$E40,Versuchsdaten!$J$2:$J$1117,1),"")) | N40: =IF(LEFT(C40,7)<>"Sprint_",0,IF(IF(ISNUMBER(K40),IF(K40<=0,1,IF(5/K40>10,1,0)),0)+IF(ISNUMBER(L40),IF(ISNUMBER(K40),IF(L40-K40<=0,1,IF(5/(L40-K40)>10,1,0)),IF(L40<=0,1,IF(10/L40>10,1,0))),0)+IF(ISNUMBER(M40),IF(ISNUMBER(L40),IF(M40-L40<=0,1,IF(20/(M40-L40)>10,1,0)),IF(ISNUMBER(K40),IF(M40-K40<=0,1,IF(25/(M40-K40)>10,1,0)),IF(M40<=0,1,IF(30/M40>10,1,0)))),0)>0,1,0)) | O40: =IF(AND(J40=1,N40=0),1,0) | P40: =INDEX(Personendaten!$J$2:$J$32,MATCH(A40,Personendaten!$A$2:$A$32,0)) | Q40: =IF(O40=1,"",IF(AND(B40="post",P40="nicht angetreten"),"NANG",IF(N40=1,"AUSL",IFERROR(VLOOKUP(H40,Vokabular!$A$2:$B$8,2,FALSE),"UNBEKANNT"))))
A41: BW-04 | B41: prä | C41: Sprint_10m | D41: – | E41: 1 | F41: 1.99 | I41: =INDEX(Personendaten!$C$2:$C$32,MATCH(A41,Personendaten!$A$2:$A$32,0)) | J41: =IF(AND(F41<>"",G41=""),1,0) | K41: =IF(LEFT(C41,7)<>"Sprint_","",IF(COUNTIFS(Versuchsdaten!$A$2:$A$1117,$A41,Versuchsdaten!$B$2:$B$1117,$B41,Versuchsdaten!$C$2:$C$1117,"Sprint_5m",Versuchsdaten!$E$2:$E$1117,$E41,Versuchsdaten!$J$2:$J$1117,1)=1,SUMIFS(Versuchsdaten!$F$2:$F$1117,Versuchsdaten!$A$2:$A$1117,$A41,Versuchsdaten!$B$2:$B$1117,$B41,Versuchsdaten!$C$2:$C$1117,"Sprint_5m",Versuchsdaten!$E$2:$E$1117,$E41,Versuchsdaten!$J$2:$J$1117,1),"")) | L41: =IF(LEFT(C41,7)<>"Sprint_","",IF(COUNTIFS(Versuchsdaten!$A$2:$A$1117,$A41,Versuchsdaten!$B$2:$B$1117,$B41,Versuchsdaten!$C$2:$C$1117,"Sprint_10m",Versuchsdaten!$E$2:$E$1117,$E41,Versuchsdaten!$J$2:$J$1117,1)=1,SUMIFS(Versuchsdaten!$F$2:$F$1117,Versuchsdaten!$A$2:$A$1117,$A41,Versuchsdaten!$B$2:$B$1117,$B41,Versuchsdaten!$C$2:$C$1117,"Sprint_10m",Versuchsdaten!$E$2:$E$1117,$E41,Versuchsdaten!$J$2:$J$1117,1),"")) | M41: =IF(LEFT(C41,7)<>"Sprint_","",IF(COUNTIFS(Versuchsdaten!$A$2:$A$1117,$A41,Versuchsdaten!$B$2:$B$1117,$B41,Versuchsdaten!$C$2:$C$1117,"Sprint_30m",Versuchsdaten!$E$2:$E$1117,$E41,Versuchsdaten!$J$2:$J$1117,1)=1,SUMIFS(Versuchsdaten!$F$2:$F$1117,Versuchsdaten!$A$2:$A$1117,$A41,Versuchsdaten!$B$2:$B$1117,$B41,Versuchsdaten!$C$2:$C$1117,"Sprint_30m",Versuchsdaten!$E$2:$E$1117,$E41,Versuchsdaten!$J$2:$J$1117,1),"")) | N41: =IF(LEFT(C41,7)<>"Sprint_",0,IF(IF(ISNUMBER(K41),IF(K41<=0,1,IF(5/K41>10,1,0)),0)+IF(ISNUMBER(L41),IF(ISNUMBER(K41),IF(L41-K41<=0,1,IF(5/(L41-K41)>10,1,0)),IF(L41<=0,1,IF(10/L41>10,1,0))),0)+IF(ISNUMBER(M41),IF(ISNUMBER(L41),IF(M41-L41<=0,1,IF(20/(M41-L41)>10,1,0)),IF(ISNUMBER(K41),IF(M41-K41<=0,1,IF(25/(M41-K41)>10,1,0)),IF(M41<=0,1,IF(30/M41>10,1,0)))),0)>0,1,0)) | O41: =IF(AND(J41=1,N41=0),1,0) | P41: =INDEX(Personendaten!$J$2:$J$32,MATCH(A41,Personendaten!$A$2:$A$32,0)) | Q41: =IF(O41=1,"",IF(AND(B41="post",P41="nicht angetreten"),"NANG",IF(N41=1,"AUSL",IFERROR(VLOOKUP(H41,Vokabular!$A$2:$B$8,2,FALSE),"UNBEKANNT"))))
A42: BW-04 | B42: prä | C42: Sprint_10m | D42: – | E42: 2 | F42: 1.95 | I42: =INDEX(Personendaten!$C$2:$C$32,MATCH(A42,Personendaten!$A$2:$A$32,0)) | J42: =IF(AND(F42<>"",G42=""),1,0) | K42: =IF(LEFT(C42,7)<>"Sprint_","",IF(COUNTIFS(Versuchsdaten!$A$2:$A$1117,$A42,Versuchsdaten!$B$2:$B$1117,$B42,Versuchsdaten!$C$2:$C$1117,"Sprint_5m",Versuchsdaten!$E$2:$E$1117,$E42,Versuchsdaten!$J$2:$J$1117,1)=1,SUMIFS(Versuchsdaten!$F$2:$F$1117,Versuchsdaten!$A$2:$A$1117,$A42,Versuchsdaten!$B$2:$B$1117,$B42,Versuchsdaten!$C$2:$C$1117,"Sprint_5m",Versuchsdaten!$E$2:$E$1117,$E42,Versuchsdaten!$J$2:$J$1117,1),"")) | L42: =IF(LEFT(C42,7)<>"Sprint_","",IF(COUNTIFS(Versuchsdaten!$A$2:$A$1117,$A42,Versuchsdaten!$B$2:$B$1117,$B42,Versuchsdaten!$C$2:$C$1117,"Sprint_10m",Versuchsdaten!$E$2:$E$1117,$E42,Versuchsdaten!$J$2:$J$1117,1)=1,SUMIFS(Versuchsdaten!$F$2:$F$1117,Versuchsdaten!$A$2:$A$1117,$A42,Versuchsdaten!$B$2:$B$1117,$B42,Versuchsdaten!$C$2:$C$1117,"Sprint_10m",Versuchsdaten!$E$2:$E$1117,$E42,Versuchsdaten!$J$2:$J$1117,1),"")) | M42: =IF(LEFT(C42,7)<>"Sprint_","",IF(COUNTIFS(Versuchsdaten!$A$2:$A$1117,$A42,Versuchsdaten!$B$2:$B$1117,$B42,Versuchsdaten!$C$2:$C$1117,"Sprint_30m",Versuchsdaten!$E$2:$E$1117,$E42,Versuchsdaten!$J$2:$J$1117,1)=1,SUMIFS(Versuchsdaten!$F$2:$F$1117,Versuchsdaten!$A$2:$A$1117,$A42,Versuchsdaten!$B$2:$B$1117,$B42,Versuchsdaten!$C$2:$C$1117,"Sprint_30m",Versuchsdaten!$E$2:$E$1117,$E42,Versuchsdaten!$J$2:$J$1117,1),"")) | N42: =IF(LEFT(C42,7)<>"Sprint_",0,IF(IF(ISNUMBER(K42),IF(K42<=0,1,IF(5/K42>10,1,0)),0)+IF(ISNUMBER(L42),IF(ISNUMBER(K42),IF(L42-K42<=0,1,IF(5/(L42-K42)>10,1,0)),IF(L42<=0,1,IF(10/L42>10,1,0))),0)+IF(ISNUMBER(M42),IF(ISNUMBER(L42),IF(M42-L42<=0,1,IF(20/(M42-L42)>10,1,0)),IF(ISNUMBER(K42),IF(M42-K42<=0,1,IF(25/(M42-K42)>10,1,0)),IF(M42<=0,1,IF(30/M42>10,1,0)))),0)>0,1,0)) | O42: =IF(AND(J42=1,N42=0),1,0) | P42: =INDEX(Personendaten!$J$2:$J$32,MATCH(A42,Personendaten!$A$2:$A$32,0)) | Q42: =IF(O42=1,"",IF(AND(B42="post",P42="nicht angetreten"),"NANG",IF(N42=1,"AUSL",IFERROR(VLOOKUP(H42,Vokabular!$A$2:$B$8,2,FALSE),"UNBEKANNT"))))
A43: BW-04 | B43: prä | C43: Sprint_10m | D43: – | E43: 3 | F43: 1.95 | I43: =INDEX(Personendaten!$C$2:$C$32,MATCH(A43,Personendaten!$A$2:$A$32,0)) | J43: =IF(AND(F43<>"",G43=""),1,0) | K43: =IF(LEFT(C43,7)<>"Sprint_","",IF(COUNTIFS(Versuchsdaten!$A$2:$A$1117,$A43,Versuchsdaten!$B$2:$B$1117,$B43,Versuchsdaten!$C$2:$C$1117,"Sprint_5m",Versuchsdaten!$E$2:$E$1117,$E43,Versuchsdaten!$J$2:$J$1117,1)=1,SUMIFS(Versuchsdaten!$F$2:$F$1117,Versuchsdaten!$A$2:$A$1117,$A43,Versuchsdaten!$B$2:$B$1117,$B43,Versuchsdaten!$C$2:$C$1117,"Sprint_5m",Versuchsdaten!$E$2:$E$1117,$E43,Versuchsdaten!$J$2:$J$1117,1),"")) | L43: =IF(LEFT(C43,7)<>"Sprint_","",IF(COUNTIFS(Versuchsdaten!$A$2:$A$1117,$A43,Versuchsdaten!$B$2:$B$1117,$B43,Versuchsdaten!$C$2:$C$1117,"Sprint_10m",Versuchsdaten!$E$2:$E$1117,$E43,Versuchsdaten!$J$2:$J$1117,1)=1,SUMIFS(Versuchsdaten!$F$2:$F$1117,Versuchsdaten!$A$2:$A$1117,$A43,Versuchsdaten!$B$2:$B$1117,$B43,Versuchsdaten!$C$2:$C$1117,"Sprint_10m",Versuchsdaten!$E$2:$E$1117,$E43,Versuchsdaten!$J$2:$J$1117,1),"")) | M43: =IF(LEFT(C43,7)<>"Sprint_","",IF(COUNTIFS(Versuchsdaten!$A$2:$A$1117,$A43,Versuchsdaten!$B$2:$B$1117,$B43,Versuchsdaten!$C$2:$C$1117,"Sprint_30m",Versuchsdaten!$E$2:$E$1117,$E43,Versuchsdaten!$J$2:$J$1117,1)=1,SUMIFS(Versuchsdaten!$F$2:$F$1117,Versuchsdaten!$A$2:$A$1117,$A43,Versuchsdaten!$B$2:$B$1117,$B43,Versuchsdaten!$C$2:$C$1117,"Sprint_30m",Versuchsdaten!$E$2:$E$1117,$E43,Versuchsdaten!$J$2:$J$1117,1),"")) | N43: =IF(LEFT(C43,7)<>"Sprint_",0,IF(IF(ISNUMBER(K43),IF(K43<=0,1,IF(5/K43>10,1,0)),0)+IF(ISNUMBER(L43),IF(ISNUMBER(K43),IF(L43-K43<=0,1,IF(5/(L43-K43)>10,1,0)),IF(L43<=0,1,IF(10/L43>10,1,0))),0)+IF(ISNUMBER(M43),IF(ISNUMBER(L43),IF(M43-L43<=0,1,IF(20/(M43-L43)>10,1,0)),IF(ISNUMBER(K43),IF(M43-K43<=0,1,IF(25/(M43-K43)>10,1,0)),IF(M43<=0,1,IF(30/M43>10,1,0)))),0)>0,1,0)) | O43: =IF(AND(J43=1,N43=0),1,0) | P43: =INDEX(Personendaten!$J$2:$J$32,MATCH(A43,Personendaten!$A$2:$A$32,0)) | Q43: =IF(O43=1,"",IF(AND(B43="post",P43="nicht angetreten"),"NANG",IF(N43=1,"AUSL",IFERROR(VLOOKUP(H43,Vokabular!$A$2:$B$8,2,FALSE),"UNBEKANNT"))))
A44: BW-04 | B44: prä | C44: Sprint_30m | D44: – | E44: 1 | F44: 4.71 | I44: =INDEX(Personendaten!$C$2:$C$32,MATCH(A44,Personendaten!$A$2:$A$32,0)) | J44: =IF(AND(F44<>"",G44=""),1,0) | K44: =IF(LEFT(C44,7)<>"Sprint_","",IF(COUNTIFS(Versuchsdaten!$A$2:$A$1117,$A44,Versuchsdaten!$B$2:$B$1117,$B44,Versuchsdaten!$C$2:$C$1117,"Sprint_5m",Versuchsdaten!$E$2:$E$1117,$E44,Versuchsdaten!$J$2:$J$1117,1)=1,SUMIFS(Versuchsdaten!$F$2:$F$1117,Versuchsdaten!$A$2:$A$1117,$A44,Versuchsdaten!$B$2:$B$1117,$B44,Versuchsdaten!$C$2:$C$1117,"Sprint_5m",Versuchsdaten!$E$2:$E$1117,$E44,Versuchsdaten!$J$2:$J$1117,1),"")) | L44: =IF(LEFT(C44,7)<>"Sprint_","",IF(COUNTIFS(Versuchsdaten!$A$2:$A$1117,$A44,Versuchsdaten!$B$2:$B$1117,$B44,Versuchsdaten!$C$2:$C$1117,"Sprint_10m",Versuchsdaten!$E$2:$E$1117,$E44,Versuchsdaten!$J$2:$J$1117,1)=1,SUMIFS(Versuchsdaten!$F$2:$F$1117,Versuchsdaten!$A$2:$A$1117,$A44,Versuchsdaten!$B$2:$B$1117,$B44,Versuchsdaten!$C$2:$C$1117,"Sprint_10m",Versuchsdaten!$E$2:$E$1117,$E44,Versuchsdaten!$J$2:$J$1117,1),"")) | M44: =IF(LEFT(C44,7)<>"Sprint_","",IF(COUNTIFS(Versuchsdaten!$A$2:$A$1117,$A44,Versuchsdaten!$B$2:$B$1117,$B44,Versuchsdaten!$C$2:$C$1117,"Sprint_30m",Versuchsdaten!$E$2:$E$1117,$E44,Versuchsdaten!$J$2:$J$1117,1)=1,SUMIFS(Versuchsdaten!$F$2:$F$1117,Versuchsdaten!$A$2:$A$1117,$A44,Versuchsdaten!$B$2:$B$1117,$B44,Versuchsdaten!$C$2:$C$1117,"Sprint_30m",Versuchsdaten!$E$2:$E$1117,$E44,Versuchsdaten!$J$2:$J$1117,1),"")) | N44: =IF(LEFT(C44,7)<>"Sprint_",0,IF(IF(ISNUMBER(K44),IF(K44<=0,1,IF(5/K44>10,1,0)),0)+IF(ISNUMBER(L44),IF(ISNUMBER(K44),IF(L44-K44<=0,1,IF(5/(L44-K44)>10,1,0)),IF(L44<=0,1,IF(10/L44>10,1,0))),0)+IF(ISNUMBER(M44),IF(ISNUMBER(L44),IF(M44-L44<=0,1,IF(20/(M44-L44)>10,1,0)),IF(ISNUMBER(K44),IF(M44-K44<=0,1,IF(25/(M44-K44)>10,1,0)),IF(M44<=0,1,IF(30/M44>10,1,0)))),0)>0,1,0)) | O44: =IF(AND(J44=1,N44=0),1,0) | P44: =INDEX(Personendaten!$J$2:$J$32,MATCH(A44,Personendaten!$A$2:$A$32,0)) | Q44: =IF(O44=1,"",IF(AND(B44="post",P44="nicht angetreten"),"NANG",IF(N44=1,"AUSL",IFERROR(VLOOKUP(H44,Vokabular!$A$2:$B$8,2,FALSE),"UNBEKANNT"))))
A45: BW-04 | B45: prä | C45: Sprint_30m | D45: – | E45: 2 | F45: 4.63 | I45: =INDEX(Personendaten!$C$2:$C$32,MATCH(A45,Personendaten!$A$2:$A$32,0)) | J45: =IF(AND(F45<>"",G45=""),1,0) | K45: =IF(LEFT(C45,7)<>"Sprint_","",IF(COUNTIFS(Versuchsdaten!$A$2:$A$1117,$A45,Versuchsdaten!$B$2:$B$1117,$B45,Versuchsdaten!$C$2:$C$1117,"Sprint_5m",Versuchsdaten!$E$2:$E$1117,$E45,Versuchsdaten!$J$2:$J$1117,1)=1,SUMIFS(Versuchsdaten!$F$2:$F$1117,Versuchsdaten!$A$2:$A$1117,$A45,Versuchsdaten!$B$2:$B$1117,$B45,Versuchsdaten!$C$2:$C$1117,"Sprint_5m",Versuchsdaten!$E$2:$E$1117,$E45,Versuchsdaten!$J$2:$J$1117,1),"")) | L45: =IF(LEFT(C45,7)<>"Sprint_","",IF(COUNTIFS(Versuchsdaten!$A$2:$A$1117,$A45,Versuchsdaten!$B$2:$B$1117,$B45,Versuchsdaten!$C$2:$C$1117,"Sprint_10m",Versuchsdaten!$E$2:$E$1117,$E45,Versuchsdaten!$J$2:$J$1117,1)=1,SUMIFS(Versuchsdaten!$F$2:$F$1117,Versuchsdaten!$A$2:$A$1117,$A45,Versuchsdaten!$B$2:$B$1117,$B45,Versuchsdaten!$C$2:$C$1117,"Sprint_10m",Versuchsdaten!$E$2:$E$1117,$E45,Versuchsdaten!$J$2:$J$1117,1),"")) | M45: =IF(LEFT(C45,7)<>"Sprint_","",IF(COUNTIFS(Versuchsdaten!$A$2:$A$1117,$A45,Versuchsdaten!$B$2:$B$1117,$B45,Versuchsdaten!$C$2:$C$1117,"Sprint_30m",Versuchsdaten!$E$2:$E$1117,$E45,Versuchsdaten!$J$2:$J$1117,1)=1,SUMIFS(Versuchsdaten!$F$2:$F$1117,Versuchsdaten!$A$2:$A$1117,$A45,Versuchsdaten!$B$2:$B$1117,$B45,Versuchsdaten!$C$2:$C$1117,"Sprint_30m",Versuchsdaten!$E$2:$E$1117,$E45,Versuchsdaten!$J$2:$J$1117,1),"")) | N45: =IF(LEFT(C45,7)<>"Sprint_",0,IF(IF(ISNUMBER(K45),IF(K45<=0,1,IF(5/K45>10,1,0)),0)+IF(ISNUMBER(L45),IF(ISNUMBER(K45),IF(L45-K45<=0,1,IF(5/(L45-K45)>10,1,0)),IF(L45<=0,1,IF(10/L45>10,1,0))),0)+IF(ISNUMBER(M45),IF(ISNUMBER(L45),IF(M45-L45<=0,1,IF(20/(M45-L45)>10,1,0)),IF(ISNUMBER(K45),IF(M45-K45<=0,1,IF(25/(M45-K45)>10,1,0)),IF(M45<=0,1,IF(30/M45>10,1,0)))),0)>0,1,0)) | O45: =IF(AND(J45=1,N45=0),1,0) | P45: =INDEX(Personendaten!$J$2:$J$32,MATCH(A45,Personendaten!$A$2:$A$32,0)) | Q45: =IF(O45=1,"",IF(AND(B45="post",P45="nicht angetreten"),"NANG",IF(N45=1,"AUSL",IFERROR(VLOOKUP(H45,Vokabular!$A$2:$B$8,2,FALSE),"UNBEKANNT"))))
A46: BW-04 | B46: prä | C46: Sprint_30m | D46: – | E46: 3 | F46: 4.69 | I46: =INDEX(Personendaten!$C$2:$C$32,MATCH(A46,Personendaten!$A$2:$A$32,0)) | J46: =IF(AND(F46<>"",G46=""),1,0) | K46: =IF(LEFT(C46,7)<>"Sprint_","",IF(COUNTIFS(Versuchsdaten!$A$2:$A$1117,$A46,Versuchsdaten!$B$2:$B$1117,$B46,Versuchsdaten!$C$2:$C$1117,"Sprint_5m",Versuchsdaten!$E$2:$E$1117,$E46,Versuchsdaten!$J$2:$J$1117,1)=1,SUMIFS(Versuchsdaten!$F$2:$F$1117,Versuchsdaten!$A$2:$A$1117,$A46,Versuchsdaten!$B$2:$B$1117,$B46,Versuchsdaten!$C$2:$C$1117,"Sprint_5m",Versuchsdaten!$E$2:$E$1117,$E46,Versuchsdaten!$J$2:$J$1117,1),"")) | L46: =IF(LEFT(C46,7)<>"Sprint_","",IF(COUNTIFS(Versuchsdaten!$A$2:$A$1117,$A46,Versuchsdaten!$B$2:$B$1117,$B46,Versuchsdaten!$C$2:$C$1117,"Sprint_10m",Versuchsdaten!$E$2:$E$1117,$E46,Versuchsdaten!$J$2:$J$1117,1)=1,SUMIFS(Versuchsdaten!$F$2:$F$1117,Versuchsdaten!$A$2:$A$1117,$A46,Versuchsdaten!$B$2:$B$1117,$B46,Versuchsdaten!$C$2:$C$1117,"Sprint_10m",Versuchsdaten!$E$2:$E$1117,$E46,Versuchsdaten!$J$2:$J$1117,1),"")) | M46: =IF(LEFT(C46,7)<>"Sprint_","",IF(COUNTIFS(Versuchsdaten!$A$2:$A$1117,$A46,Versuchsdaten!$B$2:$B$1117,$B46,Versuchsdaten!$C$2:$C$1117,"Sprint_30m",Versuchsdaten!$E$2:$E$1117,$E46,Versuchsdaten!$J$2:$J$1117,1)=1,SUMIFS(Versuchsdaten!$F$2:$F$1117,Versuchsdaten!$A$2:$A$1117,$A46,Versuchsdaten!$B$2:$B$1117,$B46,Versuchsdaten!$C$2:$C$1117,"Sprint_30m",Versuchsdaten!$E$2:$E$1117,$E46,Versuchsdaten!$J$2:$J$1117,1),"")) | N46: =IF(LEFT(C46,7)<>"Sprint_",0,IF(IF(ISNUMBER(K46),IF(K46<=0,1,IF(5/K46>10,1,0)),0)+IF(ISNUMBER(L46),IF(ISNUMBER(K46),IF(L46-K46<=0,1,IF(5/(L46-K46)>10,1,0)),IF(L46<=0,1,IF(10/L46>10,1,0))),0)+IF(ISNUMBER(M46),IF(ISNUMBER(L46),IF(M46-L46<=0,1,IF(20/(M46-L46)>10,1,0)),IF(ISNUMBER(K46),IF(M46-K46<=0,1,IF(25/(M46-K46)>10,1,0)),IF(M46<=0,1,IF(30/M46>10,1,0)))),0)>0,1,0)) | O46: =IF(AND(J46=1,N46=0),1,0) | P46: =INDEX(Personendaten!$J$2:$J$32,MATCH(A46,Personendaten!$A$2:$A$32,0)) | Q46: =IF(O46=1,"",IF(AND(B46="post",P46="nicht angetreten"),"NANG",IF(N46=1,"AUSL",IFERROR(VLOOKUP(H46,Vokabular!$A$2:$B$8,2,FALSE),"UNBEKANNT"))))
A47: BW-04 | B47: prä | C47: Standweitsprung | D47: – | E47: 1 | F47: 251 | I47: =INDEX(Personendaten!$C$2:$C$32,MATCH(A47,Personendaten!$A$2:$A$32,0)) | J47: =IF(AND(F47<>"",G47=""),1,0) | K47: =IF(LEFT(C47,7)<>"Sprint_","",IF(COUNTIFS(Versuchsdaten!$A$2:$A$1117,$A47,Versuchsdaten!$B$2:$B$1117,$B47,Versuchsdaten!$C$2:$C$1117,"Sprint_5m",Versuchsdaten!$E$2:$E$1117,$E47,Versuchsdaten!$J$2:$J$1117,1)=1,SUMIFS(Versuchsdaten!$F$2:$F$1117,Versuchsdaten!$A$2:$A$1117,$A47,Versuchsdaten!$B$2:$B$1117,$B47,Versuchsdaten!$C$2:$C$1117,"Sprint_5m",Versuchsdaten!$E$2:$E$1117,$E47,Versuchsdaten!$J$2:$J$1117,1),"")) | L47: =IF(LEFT(C47,7)<>"Sprint_","",IF(COUNTIFS(Versuchsdaten!$A$2:$A$1117,$A47,Versuchsdaten!$B$2:$B$1117,$B47,Versuchsdaten!$C$2:$C$1117,"Sprint_10m",Versuchsdaten!$E$2:$E$1117,$E47,Versuchsdaten!$J$2:$J$1117,1)=1,SUMIFS(Versuchsdaten!$F$2:$F$1117,Versuchsdaten!$A$2:$A$1117,$A47,Versuchsdaten!$B$2:$B$1117,$B47,Versuchsdaten!$C$2:$C$1117,"Sprint_10m",Versuchsdaten!$E$2:$E$1117,$E47,Versuchsdaten!$J$2:$J$1117,1),"")) | M47: =IF(LEFT(C47,7)<>"Sprint_","",IF(COUNTIFS(Versuchsdaten!$A$2:$A$1117,$A47,Versuchsdaten!$B$2:$B$1117,$B47,Versuchsdaten!$C$2:$C$1117,"Sprint_30m",Versuchsdaten!$E$2:$E$1117,$E47,Versuchsdaten!$J$2:$J$1117,1)=1,SUMIFS(Versuchsdaten!$F$2:$F$1117,Versuchsdaten!$A$2:$A$1117,$A47,Versuchsdaten!$B$2:$B$1117,$B47,Versuchsdaten!$C$2:$C$1117,"Sprint_30m",Versuchsdaten!$E$2:$E$1117,$E47,Versuchsdaten!$J$2:$J$1117,1),"")) | N47: =IF(LEFT(C47,7)<>"Sprint_",0,IF(IF(ISNUMBER(K47),IF(K47<=0,1,IF(5/K47>10,1,0)),0)+IF(ISNUMBER(L47),IF(ISNUMBER(K47),IF(L47-K47<=0,1,IF(5/(L47-K47)>10,1,0)),IF(L47<=0,1,IF(10/L47>10,1,0))),0)+IF(ISNUMBER(M47),IF(ISNUMBER(L47),IF(M47-L47<=0,1,IF(20/(M47-L47)>10,1,0)),IF(ISNUMBER(K47),IF(M47-K47<=0,1,IF(25/(M47-K47)>10,1,0)),IF(M47<=0,1,IF(30/M47>10,1,0)))),0)>0,1,0)) | O47: =IF(AND(J47=1,N47=0),1,0) | P47: =INDEX(Personendaten!$J$2:$J$32,MATCH(A47,Personendaten!$A$2:$A$32,0)) | Q47: =IF(O47=1,"",IF(AND(B47="post",P47="nicht angetreten"),"NANG",IF(N47=1,"AUSL",IFERROR(VLOOKUP(H47,Vokabular!$A$2:$B$8,2,FALSE),"UNBEKANNT"))))
A48: BW-04 | B48: prä | C48: Standweitsprung | D48: – | E48: 2 | F48: 245 | I48: =INDEX(Personendaten!$C$2:$C$32,MATCH(A48,Personendaten!$A$2:$A$32,0)) | J48: =IF(AND(F48<>"",G48=""),1,0) | K48: =IF(LEFT(C48,7)<>"Sprint_","",IF(COUNTIFS(Versuchsdaten!$A$2:$A$1117,$A48,Versuchsdaten!$B$2:$B$1117,$B48,Versuchsdaten!$C$2:$C$1117,"Sprint_5m",Versuchsdaten!$E$2:$E$1117,$E48,Versuchsdaten!$J$2:$J$1117,1)=1,SUMIFS(Versuchsdaten!$F$2:$F$1117,Versuchsdaten!$A$2:$A$1117,$A48,Versuchsdaten!$B$2:$B$1117,$B48,Versuchsdaten!$C$2:$C$1117,"Sprint_5m",Versuchsdaten!$E$2:$E$1117,$E48,Versuchsdaten!$J$2:$J$1117,1),"")) | L48: =IF(LEFT(C48,7)<>"Sprint_","",IF(COUNTIFS(Versuchsdaten!$A$2:$A$1117,$A48,Versuchsdaten!$B$2:$B$1117,$B48,Versuchsdaten!$C$2:$C$1117,"Sprint_10m",Versuchsdaten!$E$2:$E$1117,$E48,Versuchsdaten!$J$2:$J$1117,1)=1,SUMIFS(Versuchsdaten!$F$2:$F$1117,Versuchsdaten!$A$2:$A$1117,$A48,Versuchsdaten!$B$2:$B$1117,$B48,Versuchsdaten!$C$2:$C$1117,"Sprint_10m",Versuchsdaten!$E$2:$E$1117,$E48,Versuchsdaten!$J$2:$J$1117,1),"")) | M48: =IF(LEFT(C48,7)<>"Sprint_","",IF(COUNTIFS(Versuchsdaten!$A$2:$A$1117,$A48,Versuchsdaten!$B$2:$B$1117,$B48,Versuchsdaten!$C$2:$C$1117,"Sprint_30m",Versuchsdaten!$E$2:$E$1117,$E48,Versuchsdaten!$J$2:$J$1117,1)=1,SUMIFS(Versuchsdaten!$F$2:$F$1117,Versuchsdaten!$A$2:$A$1117,$A48,Versuchsdaten!$B$2:$B$1117,$B48,Versuchsdaten!$C$2:$C$1117,"Sprint_30m",Versuchsdaten!$E$2:$E$1117,$E48,Versuchsdaten!$J$2:$J$1117,1),"")) | N48: =IF(LEFT(C48,7)<>"Sprint_",0,IF(IF(ISNUMBER(K48),IF(K48<=0,1,IF(5/K48>10,1,0)),0)+IF(ISNUMBER(L48),IF(ISNUMBER(K48),IF(L48-K48<=0,1,IF(5/(L48-K48)>10,1,0)),IF(L48<=0,1,IF(10/L48>10,1,0))),0)+IF(ISNUMBER(M48),IF(ISNUMBER(L48),IF(M48-L48<=0,1,IF(20/(M48-L48)>10,1,0)),IF(ISNUMBER(K48),IF(M48-K48<=0,1,IF(25/(M48-K48)>10,1,0)),IF(M48<=0,1,IF(30/M48>10,1,0)))),0)>0,1,0)) | O48: =IF(AND(J48=1,N48=0),1,0) | P48: =INDEX(Personendaten!$J$2:$J$32,MATCH(A48,Personendaten!$A$2:$A$32,0)) | Q48: =IF(O48=1,"",IF(AND(B48="post",P48="nicht angetreten"),"NANG",IF(N48=1,"AUSL",IFERROR(VLOOKUP(H48,Vokabular!$A$2:$B$8,2,FALSE),"UNBEKANNT"))))
A49: BW-04 | B49: prä | C49: Standweitsprung | D49: – | E49: 3 | F49: 244 | I49: =INDEX(Personendaten!$C$2:$C$32,MATCH(A49,Personendaten!$A$2:$A$32,0)) | J49: =IF(AND(F49<>"",G49=""),1,0) | K49: =IF(LEFT(C49,7)<>"Sprint_","",IF(COUNTIFS(Versuchsdaten!$A$2:$A$1117,$A49,Versuchsdaten!$B$2:$B$1117,$B49,Versuchsdaten!$C$2:$C$1117,"Sprint_5m",Versuchsdaten!$E$2:$E$1117,$E49,Versuchsdaten!$J$2:$J$1117,1)=1,SUMIFS(Versuchsdaten!$F$2:$F$1117,Versuchsdaten!$A$2:$A$1117,$A49,Versuchsdaten!$B$2:$B$1117,$B49,Versuchsdaten!$C$2:$C$1117,"Sprint_5m",Versuchsdaten!$E$2:$E$1117,$E49,Versuchsdaten!$J$2:$J$1117,1),"")) | L49: =IF(LEFT(C49,7)<>"Sprint_","",IF(COUNTIFS(Versuchsdaten!$A$2:$A$1117,$A49,Versuchsdaten!$B$2:$B$1117,$B49,Versuchsdaten!$C$2:$C$1117,"Sprint_10m",Versuchsdaten!$E$2:$E$1117,$E49,Versuchsdaten!$J$2:$J$1117,1)=1,SUMIFS(Versuchsdaten!$F$2:$F$1117,Versuchsdaten!$A$2:$A$1117,$A49,Versuchsdaten!$B$2:$B$1117,$B49,Versuchsdaten!$C$2:$C$1117,"Sprint_10m",Versuchsdaten!$E$2:$E$1117,$E49,Versuchsdaten!$J$2:$J$1117,1),"")) | M49: =IF(LEFT(C49,7)<>"Sprint_","",IF(COUNTIFS(Versuchsdaten!$A$2:$A$1117,$A49,Versuchsdaten!$B$2:$B$1117,$B49,Versuchsdaten!$C$2:$C$1117,"Sprint_30m",Versuchsdaten!$E$2:$E$1117,$E49,Versuchsdaten!$J$2:$J$1117,1)=1,SUMIFS(Versuchsdaten!$F$2:$F$1117,Versuchsdaten!$A$2:$A$1117,$A49,Versuchsdaten!$B$2:$B$1117,$B49,Versuchsdaten!$C$2:$C$1117,"Sprint_30m",Versuchsdaten!$E$2:$E$1117,$E49,Versuchsdaten!$J$2:$J$1117,1),"")) | N49: =IF(LEFT(C49,7)<>"Sprint_",0,IF(IF(ISNUMBER(K49),IF(K49<=0,1,IF(5/K49>10,1,0)),0)+IF(ISNUMBER(L49),IF(ISNUMBER(K49),IF(L49-K49<=0,1,IF(5/(L49-K49)>10,1,0)),IF(L49<=0,1,IF(10/L49>10,1,0))),0)+IF(ISNUMBER(M49),IF(ISNUMBER(L49),IF(M49-L49<=0,1,IF(20/(M49-L49)>10,1,0)),IF(ISNUMBER(K49),IF(M49-K49<=0,1,IF(25/(M49-K49)>10,1,0)),IF(M49<=0,1,IF(30/M49>10,1,0)))),0)>0,1,0)) | O49: =IF(AND(J49=1,N49=0),1,0) | P49: =INDEX(Personendaten!$J$2:$J$32,MATCH(A49,Personendaten!$A$2:$A$32,0)) | Q49: =IF(O49=1,"",IF(AND(B49="post",P49="nicht angetreten"),"NANG",IF(N49=1,"AUSL",IFERROR(VLOOKUP(H49,Vokabular!$A$2:$B$8,2,FALSE),"UNBEKANNT"))))
A50: BW-04 | B50: prä | C50: COD_505 | D50: L | E50: 1 | F50: 2.37 | I50: =INDEX(Personendaten!$C$2:$C$32,MATCH(A50,Personendaten!$A$2:$A$32,0)) | J50: =IF(AND(F50<>"",G50=""),1,0) | K50: =IF(LEFT(C50,7)<>"Sprint_","",IF(COUNTIFS(Versuchsdaten!$A$2:$A$1117,$A50,Versuchsdaten!$B$2:$B$1117,$B50,Versuchsdaten!$C$2:$C$1117,"Sprint_5m",Versuchsdaten!$E$2:$E$1117,$E50,Versuchsdaten!$J$2:$J$1117,1)=1,SUMIFS(Versuchsdaten!$F$2:$F$1117,Versuchsdaten!$A$2:$A$1117,$A50,Versuchsdaten!$B$2:$B$1117,$B50,Versuchsdaten!$C$2:$C$1117,"Sprint_5m",Versuchsdaten!$E$2:$E$1117,$E50,Versuchsdaten!$J$2:$J$1117,1),"")) | L50: =IF(LEFT(C50,7)<>"Sprint_","",IF(COUNTIFS(Versuchsdaten!$A$2:$A$1117,$A50,Versuchsdaten!$B$2:$B$1117,$B50,Versuchsdaten!$C$2:$C$1117,"Sprint_10m",Versuchsdaten!$E$2:$E$1117,$E50,Versuchsdaten!$J$2:$J$1117,1)=1,SUMIFS(Versuchsdaten!$F$2:$F$1117,Versuchsdaten!$A$2:$A$1117,$A50,Versuchsdaten!$B$2:$B$1117,$B50,Versuchsdaten!$C$2:$C$1117,"Sprint_10m",Versuchsdaten!$E$2:$E$1117,$E50,Versuchsdaten!$J$2:$J$1117,1),"")) | M50: =IF(LEFT(C50,7)<>"Sprint_","",IF(COUNTIFS(Versuchsdaten!$A$2:$A$1117,$A50,Versuchsdaten!$B$2:$B$1117,$B50,Versuchsdaten!$C$2:$C$1117,"Sprint_30m",Versuchsdaten!$E$2:$E$1117,$E50,Versuchsdaten!$J$2:$J$1117,1)=1,SUMIFS(Versuchsdaten!$F$2:$F$1117,Versuchsdaten!$A$2:$A$1117,$A50,Versuchsdaten!$B$2:$B$1117,$B50,Versuchsdaten!$C$2:$C$1117,"Sprint_30m",Versuchsdaten!$E$2:$E$1117,$E50,Versuchsdaten!$J$2:$J$1117,1),"")) | N50: =IF(LEFT(C50,7)<>"Sprint_",0,IF(IF(ISNUMBER(K50),IF(K50<=0,1,IF(5/K50>10,1,0)),0)+IF(ISNUMBER(L50),IF(ISNUMBER(K50),IF(L50-K50<=0,1,IF(5/(L50-K50)>10,1,0)),IF(L50<=0,1,IF(10/L50>10,1,0))),0)+IF(ISNUMBER(M50),IF(ISNUMBER(L50),IF(M50-L50<=0,1,IF(20/(M50-L50)>10,1,0)),IF(ISNUMBER(K50),IF(M50-K50<=0,1,IF(25/(M50-K50)>10,1,0)),IF(M50<=0,1,IF(30/M50>10,1,0)))),0)>0,1,0)) | O50: =IF(AND(J50=1,N50=0),1,0) | P50: =INDEX(Personendaten!$J$2:$J$32,MATCH(A50,Personendaten!$A$2:$A$32,0)) | Q50: =IF(O50=1,"",IF(AND(B50="post",P50="nicht angetreten"),"NANG",IF(N50=1,"AUSL",IFERROR(VLOOKUP(H50,Vokabular!$A$2:$B$8,2,FALSE),"UNBEKANNT"))))
A51: BW-04 | B51: prä | C51: COD_505 | D51: L | E51: 2 | F51: 2.37 | I51: =INDEX(Personendaten!$C$2:$C$32,MATCH(A51,Personendaten!$A$2:$A$32,0)) | J51: =IF(AND(F51<>"",G51=""),1,0) | K51: =IF(LEFT(C51,7)<>"Sprint_","",IF(COUNTIFS(Versuchsdaten!$A$2:$A$1117,$A51,Versuchsdaten!$B$2:$B$1117,$B51,Versuchsdaten!$C$2:$C$1117,"Sprint_5m",Versuchsdaten!$E$2:$E$1117,$E51,Versuchsdaten!$J$2:$J$1117,1)=1,SUMIFS(Versuchsdaten!$F$2:$F$1117,Versuchsdaten!$A$2:$A$1117,$A51,Versuchsdaten!$B$2:$B$1117,$B51,Versuchsdaten!$C$2:$C$1117,"Sprint_5m",Versuchsdaten!$E$2:$E$1117,$E51,Versuchsdaten!$J$2:$J$1117,1),"")) | L51: =IF(LEFT(C51,7)<>"Sprint_","",IF(COUNTIFS(Versuchsdaten!$A$2:$A$1117,$A51,Versuchsdaten!$B$2:$B$1117,$B51,Versuchsdaten!$C$2:$C$1117,"Sprint_10m",Versuchsdaten!$E$2:$E$1117,$E51,Versuchsdaten!$J$2:$J$1117,1)=1,SUMIFS(Versuchsdaten!$F$2:$F$1117,Versuchsdaten!$A$2:$A$1117,$A51,Versuchsdaten!$B$2:$B$1117,$B51,Versuchsdaten!$C$2:$C$1117,"Sprint_10m",Versuchsdaten!$E$2:$E$1117,$E51,Versuchsdaten!$J$2:$J$1117,1),"")) | M51: =IF(LEFT(C51,7)<>"Sprint_","",IF(COUNTIFS(Versuchsdaten!$A$2:$A$1117,$A51,Versuchsdaten!$B$2:$B$1117,$B51,Versuchsdaten!$C$2:$C$1117,"Sprint_30m",Versuchsdaten!$E$2:$E$1117,$E51,Versuchsdaten!$J$2:$J$1117,1)=1,SUMIFS(Versuchsdaten!$F$2:$F$1117,Versuchsdaten!$A$2:$A$1117,$A51,Versuchsdaten!$B$2:$B$1117,$B51,Versuchsdaten!$C$2:$C$1117,"Sprint_30m",Versuchsdaten!$E$2:$E$1117,$E51,Versuchsdaten!$J$2:$J$1117,1),"")) | N51: =IF(LEFT(C51,7)<>"Sprint_",0,IF(IF(ISNUMBER(K51),IF(K51<=0,1,IF(5/K51>10,1,0)),0)+IF(ISNUMBER(L51),IF(ISNUMBER(K51),IF(L51-K51<=0,1,IF(5/(L51-K51)>10,1,0)),IF(L51<=0,1,IF(10/L51>10,1,0))),0)+IF(ISNUMBER(M51),IF(ISNUMBER(L51),IF(M51-L51<=0,1,IF(20/(M51-L51)>10,1,0)),IF(ISNUMBER(K51),IF(M51-K51<=0,1,IF(25/(M51-K51)>10,1,0)),IF(M51<=0,1,IF(30/M51>10,1,0)))),0)>0,1,0)) | O51: =IF(AND(J51=1,N51=0),1,0) | P51: =INDEX(Personendaten!$J$2:$J$32,MATCH(A51,Personendaten!$A$2:$A$32,0)) | Q51: =IF(O51=1,"",IF(AND(B51="post",P51="nicht angetreten"),"NANG",IF(N51=1,"AUSL",IFERROR(VLOOKUP(H51,Vokabular!$A$2:$B$8,2,FALSE),"UNBEKANNT"))))
A52: BW-04 | B52: prä | C52: COD_505 | D52: L | E52: 3 | H52: Nur 2 Versuche aus Zeitmangel | I52: =INDEX(Personendaten!$C$2:$C$32,MATCH(A52,Personendaten!$A$2:$A$32,0)) | J52: =IF(AND(F52<>"",G52=""),1,0) | K52: =IF(LEFT(C52,7)<>"Sprint_","",IF(COUNTIFS(Versuchsdaten!$A$2:$A$1117,$A52,Versuchsdaten!$B$2:$B$1117,$B52,Versuchsdaten!$C$2:$C$1117,"Sprint_5m",Versuchsdaten!$E$2:$E$1117,$E52,Versuchsdaten!$J$2:$J$1117,1)=1,SUMIFS(Versuchsdaten!$F$2:$F$1117,Versuchsdaten!$A$2:$A$1117,$A52,Versuchsdaten!$B$2:$B$1117,$B52,Versuchsdaten!$C$2:$C$1117,"Sprint_5m",Versuchsdaten!$E$2:$E$1117,$E52,Versuchsdaten!$J$2:$J$1117,1),"")) | L52: =IF(LEFT(C52,7)<>"Sprint_","",IF(COUNTIFS(Versuchsdaten!$A$2:$A$1117,$A52,Versuchsdaten!$B$2:$B$1117,$B52,Versuchsdaten!$C$2:$C$1117,"Sprint_10m",Versuchsdaten!$E$2:$E$1117,$E52,Versuchsdaten!$J$2:$J$1117,1)=1,SUMIFS(Versuchsdaten!$F$2:$F$1117,Versuchsdaten!$A$2:$A$1117,$A52,Versuchsdaten!$B$2:$B$1117,$B52,Versuchsdaten!$C$2:$C$1117,"Sprint_10m",Versuchsdaten!$E$2:$E$1117,$E52,Versuchsdaten!$J$2:$J$1117,1),"")) | M52: =IF(LEFT(C52,7)<>"Sprint_","",IF(COUNTIFS(Versuchsdaten!$A$2:$A$1117,$A52,Versuchsdaten!$B$2:$B$1117,$B52,Versuchsdaten!$C$2:$C$1117,"Sprint_30m",Versuchsdaten!$E$2:$E$1117,$E52,Versuchsdaten!$J$2:$J$1117,1)=1,SUMIFS(Versuchsdaten!$F$2:$F$1117,Versuchsdaten!$A$2:$A$1117,$A52,Versuchsdaten!$B$2:$B$1117,$B52,Versuchsdaten!$C$2:$C$1117,"Sprint_30m",Versuchsdaten!$E$2:$E$1117,$E52,Versuchsdaten!$J$2:$J$1117,1),"")) | N52: =IF(LEFT(C52,7)<>"Sprint_",0,IF(IF(ISNUMBER(K52),IF(K52<=0,1,IF(5/K52>10,1,0)),0)+IF(ISNUMBER(L52),IF(ISNUMBER(K52),IF(L52-K52<=0,1,IF(5/(L52-K52)>10,1,0)),IF(L52<=0,1,IF(10/L52>10,1,0))),0)+IF(ISNUMBER(M52),IF(ISNUMBER(L52),IF(M52-L52<=0,1,IF(20/(M52-L52)>10,1,0)),IF(ISNUMBER(K52),IF(M52-K52<=0,1,IF(25/(M52-K52)>10,1,0)),IF(M52<=0,1,IF(30/M52>10,1,0)))),0)>0,1,0)) | O52: =IF(AND(J52=1,N52=0),1,0) | P52: =INDEX(Personendaten!$J$2:$J$32,MATCH(A52,Personendaten!$A$2:$A$32,0)) | Q52: =IF(O52=1,"",IF(AND(B52="post",P52="nicht angetreten"),"NANG",IF(N52=1,"AUSL",IFERROR(VLOOKUP(H52,Vokabular!$A$2:$B$8,2,FALSE),"UNBEKANNT"))))
A53: BW-04 | B53: prä | C53: COD_505 | D53: R | E53: 1 | F53: 2.48 | I53: =INDEX(Personendaten!$C$2:$C$32,MATCH(A53,Personendaten!$A$2:$A$32,0)) | J53: =IF(AND(F53<>"",G53=""),1,0) | K53: =IF(LEFT(C53,7)<>"Sprint_","",IF(COUNTIFS(Versuchsdaten!$A$2:$A$1117,$A53,Versuchsdaten!$B$2:$B$1117,$B53,Versuchsdaten!$C$2:$C$1117,"Sprint_5m",Versuchsdaten!$E$2:$E$1117,$E53,Versuchsdaten!$J$2:$J$1117,1)=1,SUMIFS(Versuchsdaten!$F$2:$F$1117,Versuchsdaten!$A$2:$A$1117,$A53,Versuchsdaten!$B$2:$B$1117,$B53,Versuchsdaten!$C$2:$C$1117,"Sprint_5m",Versuchsdaten!$E$2:$E$1117,$E53,Versuchsdaten!$J$2:$J$1117,1),"")) | L53: =IF(LEFT(C53,7)<>"Sprint_","",IF(COUNTIFS(Versuchsdaten!$A$2:$A$1117,$A53,Versuchsdaten!$B$2:$B$1117,$B53,Versuchsdaten!$C$2:$C$1117,"Sprint_10m",Versuchsdaten!$E$2:$E$1117,$E53,Versuchsdaten!$J$2:$J$1117,1)=1,SUMIFS(Versuchsdaten!$F$2:$F$1117,Versuchsdaten!$A$2:$A$1117,$A53,Versuchsdaten!$B$2:$B$1117,$B53,Versuchsdaten!$C$2:$C$1117,"Sprint_10m",Versuchsdaten!$E$2:$E$1117,$E53,Versuchsdaten!$J$2:$J$1117,1),"")) | M53: =IF(LEFT(C53,7)<>"Sprint_","",IF(COUNTIFS(Versuchsdaten!$A$2:$A$1117,$A53,Versuchsdaten!$B$2:$B$1117,$B53,Versuchsdaten!$C$2:$C$1117,"Sprint_30m",Versuchsdaten!$E$2:$E$1117,$E53,Versuchsdaten!$J$2:$J$1117,1)=1,SUMIFS(Versuchsdaten!$F$2:$F$1117,Versuchsdaten!$A$2:$A$1117,$A53,Versuchsdaten!$B$2:$B$1117,$B53,Versuchsdaten!$C$2:$C$1117,"Sprint_30m",Versuchsdaten!$E$2:$E$1117,$E53,Versuchsdaten!$J$2:$J$1117,1),"")) | N53: =IF(LEFT(C53,7)<>"Sprint_",0,IF(IF(ISNUMBER(K53),IF(K53<=0,1,IF(5/K53>10,1,0)),0)+IF(ISNUMBER(L53),IF(ISNUMBER(K53),IF(L53-K53<=0,1,IF(5/(L53-K53)>10,1,0)),IF(L53<=0,1,IF(10/L53>10,1,0))),0)+IF(ISNUMBER(M53),IF(ISNUMBER(L53),IF(M53-L53<=0,1,IF(20/(M53-L53)>10,1,0)),IF(ISNUMBER(K53),IF(M53-K53<=0,1,IF(25/(M53-K53)>10,1,0)),IF(M53<=0,1,IF(30/M53>10,1,0)))),0)>0,1,0)) | O53: =IF(AND(J53=1,N53=0),1,0) | P53: =INDEX(Personendaten!$J$2:$J$32,MATCH(A53,Personendaten!$A$2:$A$32,0)) | Q53: =IF(O53=1,"",IF(AND(B53="post",P53="nicht angetreten"),"NANG",IF(N53=1,"AUSL",IFERROR(VLOOKUP(H53,Vokabular!$A$2:$B$8,2,FALSE),"UNBEKANNT"))))
A54: BW-04 | B54: prä | C54: COD_505 | D54: R | E54: 2 | F54: 2.7 | I54: =INDEX(Personendaten!$C$2:$C$32,MATCH(A54,Personendaten!$A$2:$A$32,0)) | J54: =IF(AND(F54<>"",G54=""),1,0) | K54: =IF(LEFT(C54,7)<>"Sprint_","",IF(COUNTIFS(Versuchsdaten!$A$2:$A$1117,$A54,Versuchsdaten!$B$2:$B$1117,$B54,Versuchsdaten!$C$2:$C$1117,"Sprint_5m",Versuchsdaten!$E$2:$E$1117,$E54,Versuchsdaten!$J$2:$J$1117,1)=1,SUMIFS(Versuchsdaten!$F$2:$F$1117,Versuchsdaten!$A$2:$A$1117,$A54,Versuchsdaten!$B$2:$B$1117,$B54,Versuchsdaten!$C$2:$C$1117,"Sprint_5m",Versuchsdaten!$E$2:$E$1117,$E54,Versuchsdaten!$J$2:$J$1117,1),"")) | L54: =IF(LEFT(C54,7)<>"Sprint_","",IF(COUNTIFS(Versuchsdaten!$A$2:$A$1117,$A54,Versuchsdaten!$B$2:$B$1117,$B54,Versuchsdaten!$C$2:$C$1117,"Sprint_10m",Versuchsdaten!$E$2:$E$1117,$E54,Versuchsdaten!$J$2:$J$1117,1)=1,SUMIFS(Versuchsdaten!$F$2:$F$1117,Versuchsdaten!$A$2:$A$1117,$A54,Versuchsdaten!$B$2:$B$1117,$B54,Versuchsdaten!$C$2:$C$1117,"Sprint_10m",Versuchsdaten!$E$2:$E$1117,$E54,Versuchsdaten!$J$2:$J$1117,1),"")) | M54: =IF(LEFT(C54,7)<>"Sprint_","",IF(COUNTIFS(Versuchsdaten!$A$2:$A$1117,$A54,Versuchsdaten!$B$2:$B$1117,$B54,Versuchsdaten!$C$2:$C$1117,"Sprint_30m",Versuchsdaten!$E$2:$E$1117,$E54,Versuchsdaten!$J$2:$J$1117,1)=1,SUMIFS(Versuchsdaten!$F$2:$F$1117,Versuchsdaten!$A$2:$A$1117,$A54,Versuchsdaten!$B$2:$B$1117,$B54,Versuchsdaten!$C$2:$C$1117,"Sprint_30m",Versuchsdaten!$E$2:$E$1117,$E54,Versuchsdaten!$J$2:$J$1117,1),"")) | N54: =IF(LEFT(C54,7)<>"Sprint_",0,IF(IF(ISNUMBER(K54),IF(K54<=0,1,IF(5/K54>10,1,0)),0)+IF(ISNUMBER(L54),IF(ISNUMBER(K54),IF(L54-K54<=0,1,IF(5/(L54-K54)>10,1,0)),IF(L54<=0,1,IF(10/L54>10,1,0))),0)+IF(ISNUMBER(M54),IF(ISNUMBER(L54),IF(M54-L54<=0,1,IF(20/(M54-L54)>10,1,0)),IF(ISNUMBER(K54),IF(M54-K54<=0,1,IF(25/(M54-K54)>10,1,0)),IF(M54<=0,1,IF(30/M54>10,1,0)))),0)>0,1,0)) | O54: =IF(AND(J54=1,N54=0),1,0) | P54: =INDEX(Personendaten!$J$2:$J$32,MATCH(A54,Personendaten!$A$2:$A$32,0)) | Q54: =IF(O54=1,"",IF(AND(B54="post",P54="nicht angetreten"),"NANG",IF(N54=1,"AUSL",IFERROR(VLOOKUP(H54,Vokabular!$A$2:$B$8,2,FALSE),"UNBEKANNT"))))
A55: BW-04 | B55: prä | C55: COD_505 | D55: R | E55: 3 | H55: Nur 2 Versuche aus Zeitmangel | I55: =INDEX(Personendaten!$C$2:$C$32,MATCH(A55,Personendaten!$A$2:$A$32,0)) | J55: =IF(AND(F55<>"",G55=""),1,0) | K55: =IF(LEFT(C55,7)<>"Sprint_","",IF(COUNTIFS(Versuchsdaten!$A$2:$A$1117,$A55,Versuchsdaten!$B$2:$B$1117,$B55,Versuchsdaten!$C$2:$C$1117,"Sprint_5m",Versuchsdaten!$E$2:$E$1117,$E55,Versuchsdaten!$J$2:$J$1117,1)=1,SUMIFS(Versuchsdaten!$F$2:$F$1117,Versuchsdaten!$A$2:$A$1117,$A55,Versuchsdaten!$B$2:$B$1117,$B55,Versuchsdaten!$C$2:$C$1117,"Sprint_5m",Versuchsdaten!$E$2:$E$1117,$E55,Versuchsdaten!$J$2:$J$1117,1),"")) | L55: =IF(LEFT(C55,7)<>"Sprint_","",IF(COUNTIFS(Versuchsdaten!$A$2:$A$1117,$A55,Versuchsdaten!$B$2:$B$1117,$B55,Versuchsdaten!$C$2:$C$1117,"Sprint_10m",Versuchsdaten!$E$2:$E$1117,$E55,Versuchsdaten!$J$2:$J$1117,1)=1,SUMIFS(Versuchsdaten!$F$2:$F$1117,Versuchsdaten!$A$2:$A$1117,$A55,Versuchsdaten!$B$2:$B$1117,$B55,Versuchsdaten!$C$2:$C$1117,"Sprint_10m",Versuchsdaten!$E$2:$E$1117,$E55,Versuchsdaten!$J$2:$J$1117,1),"")) | M55: =IF(LEFT(C55,7)<>"Sprint_","",IF(COUNTIFS(Versuchsdaten!$A$2:$A$1117,$A55,Versuchsdaten!$B$2:$B$1117,$B55,Versuchsdaten!$C$2:$C$1117,"Sprint_30m",Versuchsdaten!$E$2:$E$1117,$E55,Versuchsdaten!$J$2:$J$1117,1)=1,SUMIFS(Versuchsdaten!$F$2:$F$1117,Versuchsdaten!$A$2:$A$1117,$A55,Versuchsdaten!$B$2:$B$1117,$B55,Versuchsdaten!$C$2:$C$1117,"Sprint_30m",Versuchsdaten!$E$2:$E$1117,$E55,Versuchsdaten!$J$2:$J$1117,1),"")) | N55: =IF(LEFT(C55,7)<>"Sprint_",0,IF(IF(ISNUMBER(K55),IF(K55<=0,1,IF(5/K55>10,1,0)),0)+IF(ISNUMBER(L55),IF(ISNUMBER(K55),IF(L55-K55<=0,1,IF(5/(L55-K55)>10,1,0)),IF(L55<=0,1,IF(10/L55>10,1,0))),0)+IF(ISNUMBER(M55),IF(ISNUMBER(L55),IF(M55-L55<=0,1,IF(20/(M55-L55)>10,1,0)),IF(ISNUMBER(K55),IF(M55-K55<=0,1,IF(25/(M55-K55)>10,1,0)),IF(M55<=0,1,IF(30/M55>10,1,0)))),0)>0,1,0)) | O55: =IF(AND(J55=1,N55=0),1,0) | P55: =INDEX(Personendaten!$J$2:$J$32,MATCH(A55,Personendaten!$A$2:$A$32,0)) | Q55: =IF(O55=1,"",IF(AND(B55="post",P55="nicht angetreten"),"NANG",IF(N55=1,"AUSL",IFERROR(VLOOKUP(H55,Vokabular!$A$2:$B$8,2,FALSE),"UNBEKANNT"))))
A56: BW-05 | B56: prä | C56: Sprint_5m | D56: – | E56: 1 | F56: 1.11 | I56: =INDEX(Personendaten!$C$2:$C$32,MATCH(A56,Personendaten!$A$2:$A$32,0)) | J56: =IF(AND(F56<>"",G56=""),1,0) | K56: =IF(LEFT(C56,7)<>"Sprint_","",IF(COUNTIFS(Versuchsdaten!$A$2:$A$1117,$A56,Versuchsdaten!$B$2:$B$1117,$B56,Versuchsdaten!$C$2:$C$1117,"Sprint_5m",Versuchsdaten!$E$2:$E$1117,$E56,Versuchsdaten!$J$2:$J$1117,1)=1,SUMIFS(Versuchsdaten!$F$2:$F$1117,Versuchsdaten!$A$2:$A$1117,$A56,Versuchsdaten!$B$2:$B$1117,$B56,Versuchsdaten!$C$2:$C$1117,"Sprint_5m",Versuchsdaten!$E$2:$E$1117,$E56,Versuchsdaten!$J$2:$J$1117,1),"")) | L56: =IF(LEFT(C56,7)<>"Sprint_","",IF(COUNTIFS(Versuchsdaten!$A$2:$A$1117,$A56,Versuchsdaten!$B$2:$B$1117,$B56,Versuchsdaten!$C$2:$C$1117,"Sprint_10m",Versuchsdaten!$E$2:$E$1117,$E56,Versuchsdaten!$J$2:$J$1117,1)=1,SUMIFS(Versuchsdaten!$F$2:$F$1117,Versuchsdaten!$A$2:$A$1117,$A56,Versuchsdaten!$B$2:$B$1117,$B56,Versuchsdaten!$C$2:$C$1117,"Sprint_10m",Versuchsdaten!$E$2:$E$1117,$E56,Versuchsdaten!$J$2:$J$1117,1),"")) | M56: =IF(LEFT(C56,7)<>"Sprint_","",IF(COUNTIFS(Versuchsdaten!$A$2:$A$1117,$A56,Versuchsdaten!$B$2:$B$1117,$B56,Versuchsdaten!$C$2:$C$1117,"Sprint_30m",Versuchsdaten!$E$2:$E$1117,$E56,Versuchsdaten!$J$2:$J$1117,1)=1,SUMIFS(Versuchsdaten!$F$2:$F$1117,Versuchsdaten!$A$2:$A$1117,$A56,Versuchsdaten!$B$2:$B$1117,$B56,Versuchsdaten!$C$2:$C$1117,"Sprint_30m",Versuchsdaten!$E$2:$E$1117,$E56,Versuchsdaten!$J$2:$J$1117,1),"")) | N56: =IF(LEFT(C56,7)<>"Sprint_",0,IF(IF(ISNUMBER(K56),IF(K56<=0,1,IF(5/K56>10,1,0)),0)+IF(ISNUMBER(L56),IF(ISNUMBER(K56),IF(L56-K56<=0,1,IF(5/(L56-K56)>10,1,0)),IF(L56<=0,1,IF(10/L56>10,1,0))),0)+IF(ISNUMBER(M56),IF(ISNUMBER(L56),IF(M56-L56<=0,1,IF(20/(M56-L56)>10,1,0)),IF(ISNUMBER(K56),IF(M56-K56<=0,1,IF(25/(M56-K56)>10,1,0)),IF(M56<=0,1,IF(30/M56>10,1,0)))),0)>0,1,0)) | O56: =IF(AND(J56=1,N56=0),1,0) | P56: =INDEX(Personendaten!$J$2:$J$32,MATCH(A56,Personendaten!$A$2:$A$32,0)) | Q56: =IF(O56=1,"",IF(AND(B56="post",P56="nicht angetreten"),"NANG",IF(N56=1,"AUSL",IFERROR(VLOOKUP(H56,Vokabular!$A$2:$B$8,2,FALSE),"UNBEKANNT"))))
A57: BW-05 | B57: prä | C57: Sprint_5m | D57: – | E57: 2 | F57: 1.04 | I57: =INDEX(Personendaten!$C$2:$C$32,MATCH(A57,Personendaten!$A$2:$A$32,0)) | J57: =IF(AND(F57<>"",G57=""),1,0) | K57: =IF(LEFT(C57,7)<>"Sprint_","",IF(COUNTIFS(Versuchsdaten!$A$2:$A$1117,$A57,Versuchsdaten!$B$2:$B$1117,$B57,Versuchsdaten!$C$2:$C$1117,"Sprint_5m",Versuchsdaten!$E$2:$E$1117,$E57,Versuchsdaten!$J$2:$J$1117,1)=1,SUMIFS(Versuchsdaten!$F$2:$F$1117,Versuchsdaten!$A$2:$A$1117,$A57,Versuchsdaten!$B$2:$B$1117,$B57,Versuchsdaten!$C$2:$C$1117,"Sprint_5m",Versuchsdaten!$E$2:$E$1117,$E57,Versuchsdaten!$J$2:$J$1117,1),"")) | L57: =IF(LEFT(C57,7)<>"Sprint_","",IF(COUNTIFS(Versuchsdaten!$A$2:$A$1117,$A57,Versuchsdaten!$B$2:$B$1117,$B57,Versuchsdaten!$C$2:$C$1117,"Sprint_10m",Versuchsdaten!$E$2:$E$1117,$E57,Versuchsdaten!$J$2:$J$1117,1)=1,SUMIFS(Versuchsdaten!$F$2:$F$1117,Versuchsdaten!$A$2:$A$1117,$A57,Versuchsdaten!$B$2:$B$1117,$B57,Versuchsdaten!$C$2:$C$1117,"Sprint_10m",Versuchsdaten!$E$2:$E$1117,$E57,Versuchsdaten!$J$2:$J$1117,1),"")) | M57: =IF(LEFT(C57,7)<>"Sprint_","",IF(COUNTIFS(Versuchsdaten!$A$2:$A$1117,$A57,Versuchsdaten!$B$2:$B$1117,$B57,Versuchsdaten!$C$2:$C$1117,"Sprint_30m",Versuchsdaten!$E$2:$E$1117,$E57,Versuchsdaten!$J$2:$J$1117,1)=1,SUMIFS(Versuchsdaten!$F$2:$F$1117,Versuchsdaten!$A$2:$A$1117,$A57,Versuchsdaten!$B$2:$B$1117,$B57,Versuchsdaten!$C$2:$C$1117,"Sprint_30m",Versuchsdaten!$E$2:$E$1117,$E57,Versuchsdaten!$J$2:$J$1117,1),"")) | N57: =IF(LEFT(C57,7)<>"Sprint_",0,IF(IF(ISNUMBER(K57),IF(K57<=0,1,IF(5/K57>10,1,0)),0)+IF(ISNUMBER(L57),IF(ISNUMBER(K57),IF(L57-K57<=0,1,IF(5/(L57-K57)>10,1,0)),IF(L57<=0,1,IF(10/L57>10,1,0))),0)+IF(ISNUMBER(M57),IF(ISNUMBER(L57),IF(M57-L57<=0,1,IF(20/(M57-L57)>10,1,0)),IF(ISNUMBER(K57),IF(M57-K57<=0,1,IF(25/(M57-K57)>10,1,0)),IF(M57<=0,1,IF(30/M57>10,1,0)))),0)>0,1,0)) | O57: =IF(AND(J57=1,N57=0),1,0) | P57: =INDEX(Personendaten!$J$2:$J$32,MATCH(A57,Personendaten!$A$2:$A$32,0)) | Q57: =IF(O57=1,"",IF(AND(B57="post",P57="nicht angetreten"),"NANG",IF(N57=1,"AUSL",IFERROR(VLOOKUP(H57,Vokabular!$A$2:$B$8,2,FALSE),"UNBEKANNT"))))
A58: BW-05 | B58: prä | C58: Sprint_5m | D58: – | E58: 3 | H58: System nicht aufgenommen | I58: =INDEX(Personendaten!$C$2:$C$32,MATCH(A58,Personendaten!$A$2:$A$32,0)) | J58: =IF(AND(F58<>"",G58=""),1,0) | K58: =IF(LEFT(C58,7)<>"Sprint_","",IF(COUNTIFS(Versuchsdaten!$A$2:$A$1117,$A58,Versuchsdaten!$B$2:$B$1117,$B58,Versuchsdaten!$C$2:$C$1117,"Sprint_5m",Versuchsdaten!$E$2:$E$1117,$E58,Versuchsdaten!$J$2:$J$1117,1)=1,SUMIFS(Versuchsdaten!$F$2:$F$1117,Versuchsdaten!$A$2:$A$1117,$A58,Versuchsdaten!$B$2:$B$1117,$B58,Versuchsdaten!$C$2:$C$1117,"Sprint_5m",Versuchsdaten!$E$2:$E$1117,$E58,Versuchsdaten!$J$2:$J$1117,1),"")) | L58: =IF(LEFT(C58,7)<>"Sprint_","",IF(COUNTIFS(Versuchsdaten!$A$2:$A$1117,$A58,Versuchsdaten!$B$2:$B$1117,$B58,Versuchsdaten!$C$2:$C$1117,"Sprint_10m",Versuchsdaten!$E$2:$E$1117,$E58,Versuchsdaten!$J$2:$J$1117,1)=1,SUMIFS(Versuchsdaten!$F$2:$F$1117,Versuchsdaten!$A$2:$A$1117,$A58,Versuchsdaten!$B$2:$B$1117,$B58,Versuchsdaten!$C$2:$C$1117,"Sprint_10m",Versuchsdaten!$E$2:$E$1117,$E58,Versuchsdaten!$J$2:$J$1117,1),"")) | M58: =IF(LEFT(C58,7)<>"Sprint_","",IF(COUNTIFS(Versuchsdaten!$A$2:$A$1117,$A58,Versuchsdaten!$B$2:$B$1117,$B58,Versuchsdaten!$C$2:$C$1117,"Sprint_30m",Versuchsdaten!$E$2:$E$1117,$E58,Versuchsdaten!$J$2:$J$1117,1)=1,SUMIFS(Versuchsdaten!$F$2:$F$1117,Versuchsdaten!$A$2:$A$1117,$A58,Versuchsdaten!$B$2:$B$1117,$B58,Versuchsdaten!$C$2:$C$1117,"Sprint_30m",Versuchsdaten!$E$2:$E$1117,$E58,Versuchsdaten!$J$2:$J$1117,1),"")) | N58: =IF(LEFT(C58,7)<>"Sprint_",0,IF(IF(ISNUMBER(K58),IF(K58<=0,1,IF(5/K58>10,1,0)),0)+IF(ISNUMBER(L58),IF(ISNUMBER(K58),IF(L58-K58<=0,1,IF(5/(L58-K58)>10,1,0)),IF(L58<=0,1,IF(10/L58>10,1,0))),0)+IF(ISNUMBER(M58),IF(ISNUMBER(L58),IF(M58-L58<=0,1,IF(20/(M58-L58)>10,1,0)),IF(ISNUMBER(K58),IF(M58-K58<=0,1,IF(25/(M58-K58)>10,1,0)),IF(M58<=0,1,IF(30/M58>10,1,0)))),0)>0,1,0)) | O58: =IF(AND(J58=1,N58=0),1,0) | P58: =INDEX(Personendaten!$J$2:$J$32,MATCH(A58,Personendaten!$A$2:$A$32,0)) | Q58: =IF(O58=1,"",IF(AND(B58="post",P58="nicht angetreten"),"NANG",IF(N58=1,"AUSL",IFERROR(VLOOKUP(H58,Vokabular!$A$2:$B$8,2,FALSE),"UNBEKANNT"))))
A59: BW-05 | B59: prä | C59: Sprint_10m | D59: – | E59: 1 | F59: 1.87 | I59: =INDEX(Personendaten!$C$2:$C$32,MATCH(A59,Personendaten!$A$2:$A$32,0)) | J59: =IF(AND(F59<>"",G59=""),1,0) | K59: =IF(LEFT(C59,7)<>"Sprint_","",IF(COUNTIFS(Versuchsdaten!$A$2:$A$1117,$A59,Versuchsdaten!$B$2:$B$1117,$B59,Versuchsdaten!$C$2:$C$1117,"Sprint_5m",Versuchsdaten!$E$2:$E$1117,$E59,Versuchsdaten!$J$2:$J$1117,1)=1,SUMIFS(Versuchsdaten!$F$2:$F$1117,Versuchsdaten!$A$2:$A$1117,$A59,Versuchsdaten!$B$2:$B$1117,$B59,Versuchsdaten!$C$2:$C$1117,"Sprint_5m",Versuchsdaten!$E$2:$E$1117,$E59,Versuchsdaten!$J$2:$J$1117,1),"")) | L59: =IF(LEFT(C59,7)<>"Sprint_","",IF(COUNTIFS(Versuchsdaten!$A$2:$A$1117,$A59,Versuchsdaten!$B$2:$B$1117,$B59,Versuchsdaten!$C$2:$C$1117,"Sprint_10m",Versuchsdaten!$E$2:$E$1117,$E59,Versuchsdaten!$J$2:$J$1117,1)=1,SUMIFS(Versuchsdaten!$F$2:$F$1117,Versuchsdaten!$A$2:$A$1117,$A59,Versuchsdaten!$B$2:$B$1117,$B59,Versuchsdaten!$C$2:$C$1117,"Sprint_10m",Versuchsdaten!$E$2:$E$1117,$E59,Versuchsdaten!$J$2:$J$1117,1),"")) | M59: =IF(LEFT(C59,7)<>"Sprint_","",IF(COUNTIFS(Versuchsdaten!$A$2:$A$1117,$A59,Versuchsdaten!$B$2:$B$1117,$B59,Versuchsdaten!$C$2:$C$1117,"Sprint_30m",Versuchsdaten!$E$2:$E$1117,$E59,Versuchsdaten!$J$2:$J$1117,1)=1,SUMIFS(Versuchsdaten!$F$2:$F$1117,Versuchsdaten!$A$2:$A$1117,$A59,Versuchsdaten!$B$2:$B$1117,$B59,Versuchsdaten!$C$2:$C$1117,"Sprint_30m",Versuchsdaten!$E$2:$E$1117,$E59,Versuchsdaten!$J$2:$J$1117,1),"")) | N59: =IF(LEFT(C59,7)<>"Sprint_",0,IF(IF(ISNUMBER(K59),IF(K59<=0,1,IF(5/K59>10,1,0)),0)+IF(ISNUMBER(L59),IF(ISNUMBER(K59),IF(L59-K59<=0,1,IF(5/(L59-K59)>10,1,0)),IF(L59<=0,1,IF(10/L59>10,1,0))),0)+IF(ISNUMBER(M59),IF(ISNUMBER(L59),IF(M59-L59<=0,1,IF(20/(M59-L59)>10,1,0)),IF(ISNUMBER(K59),IF(M59-K59<=0,1,IF(25/(M59-K59)>10,1,0)),IF(M59<=0,1,IF(30/M59>10,1,0)))),0)>0,1,0)) | O59: =IF(AND(J59=1,N59=0),1,0) | P59: =INDEX(Personendaten!$J$2:$J$32,MATCH(A59,Personendaten!$A$2:$A$32,0)) | Q59: =IF(O59=1,"",IF(AND(B59="post",P59="nicht angetreten"),"NANG",IF(N59=1,"AUSL",IFERROR(VLOOKUP(H59,Vokabular!$A$2:$B$8,2,FALSE),"UNBEKANNT"))))
A60: BW-05 | B60: prä | C60: Sprint_10m | D60: – | E60: 2 | F60: 1.86 | I60: =INDEX(Personendaten!$C$2:$C$32,MATCH(A60,Personendaten!$A$2:$A$32,0)) | J60: =IF(AND(F60<>"",G60=""),1,0) | K60: =IF(LEFT(C60,7)<>"Sprint_","",IF(COUNTIFS(Versuchsdaten!$A$2:$A$1117,$A60,Versuchsdaten!$B$2:$B$1117,$B60,Versuchsdaten!$C$2:$C$1117,"Sprint_5m",Versuchsdaten!$E$2:$E$1117,$E60,Versuchsdaten!$J$2:$J$1117,1)=1,SUMIFS(Versuchsdaten!$F$2:$F$1117,Versuchsdaten!$A$2:$A$1117,$A60,Versuchsdaten!$B$2:$B$1117,$B60,Versuchsdaten!$C$2:$C$1117,"Sprint_5m",Versuchsdaten!$E$2:$E$1117,$E60,Versuchsdaten!$J$2:$J$1117,1),"")) | L60: =IF(LEFT(C60,7)<>"Sprint_","",IF(COUNTIFS(Versuchsdaten!$A$2:$A$1117,$A60,Versuchsdaten!$B$2:$B$1117,$B60,Versuchsdaten!$C$2:$C$1117,"Sprint_10m",Versuchsdaten!$E$2:$E$1117,$E60,Versuchsdaten!$J$2:$J$1117,1)=1,SUMIFS(Versuchsdaten!$F$2:$F$1117,Versuchsdaten!$A$2:$A$1117,$A60,Versuchsdaten!$B$2:$B$1117,$B60,Versuchsdaten!$C$2:$C$1117,"Sprint_10m",Versuchsdaten!$E$2:$E$1117,$E60,Versuchsdaten!$J$2:$J$1117,1),"")) | M60: =IF(LEFT(C60,7)<>"Sprint_","",IF(COUNTIFS(Versuchsdaten!$A$2:$A$1117,$A60,Versuchsdaten!$B$2:$B$1117,$B60,Versuchsdaten!$C$2:$C$1117,"Sprint_30m",Versuchsdaten!$E$2:$E$1117,$E60,Versuchsdaten!$J$2:$J$1117,1)=1,SUMIFS(Versuchsdaten!$F$2:$F$1117,Versuchsdaten!$A$2:$A$1117,$A60,Versuchsdaten!$B$2:$B$1117,$B60,Versuchsdaten!$C$2:$C$1117,"Sprint_30m",Versuchsdaten!$E$2:$E$1117,$E60,Versuchsdaten!$J$2:$J$1117,1),"")) | N60: =IF(LEFT(C60,7)<>"Sprint_",0,IF(IF(ISNUMBER(K60),IF(K60<=0,1,IF(5/K60>10,1,0)),0)+IF(ISNUMBER(L60),IF(ISNUMBER(K60),IF(L60-K60<=0,1,IF(5/(L60-K60)>10,1,0)),IF(L60<=0,1,IF(10/L60>10,1,0))),0)+IF(ISNUMBER(M60),IF(ISNUMBER(L60),IF(M60-L60<=0,1,IF(20/(M60-L60)>10,1,0)),IF(ISNUMBER(K60),IF(M60-K60<=0,1,IF(25/(M60-K60)>10,1,0)),IF(M60<=0,1,IF(30/M60>10,1,0)))),0)>0,1,0)) | O60: =IF(AND(J60=1,N60=0),1,0) | P60: =INDEX(Personendaten!$J$2:$J$32,MATCH(A60,Personendaten!$A$2:$A$32,0)) | Q60: =IF(O60=1,"",IF(AND(B60="post",P60="nicht angetreten"),"NANG",IF(N60=1,"AUSL",IFERROR(VLOOKUP(H60,Vokabular!$A$2:$B$8,2,FALSE),"UNBEKANNT"))))
A61: BW-05 | B61: prä | C61: Sprint_10m | D61: – | E61: 3 | F61: 1.86 | I61: =INDEX(Personendaten!$C$2:$C$32,MATCH(A61,Personendaten!$A$2:$A$32,0)) | J61: =IF(AND(F61<>"",G61=""),1,0) | K61: =IF(LEFT(C61,7)<>"Sprint_","",IF(COUNTIFS(Versuchsdaten!$A$2:$A$1117,$A61,Versuchsdaten!$B$2:$B$1117,$B61,Versuchsdaten!$C$2:$C$1117,"Sprint_5m",Versuchsdaten!$E$2:$E$1117,$E61,Versuchsdaten!$J$2:$J$1117,1)=1,SUMIFS(Versuchsdaten!$F$2:$F$1117,Versuchsdaten!$A$2:$A$1117,$A61,Versuchsdaten!$B$2:$B$1117,$B61,Versuchsdaten!$C$2:$C$1117,"Sprint_5m",Versuchsdaten!$E$2:$E$1117,$E61,Versuchsdaten!$J$2:$J$1117,1),"")) | L61: =IF(LEFT(C61,7)<>"Sprint_","",IF(COUNTIFS(Versuchsdaten!$A$2:$A$1117,$A61,Versuchsdaten!$B$2:$B$1117,$B61,Versuchsdaten!$C$2:$C$1117,"Sprint_10m",Versuchsdaten!$E$2:$E$1117,$E61,Versuchsdaten!$J$2:$J$1117,1)=1,SUMIFS(Versuchsdaten!$F$2:$F$1117,Versuchsdaten!$A$2:$A$1117,$A61,Versuchsdaten!$B$2:$B$1117,$B61,Versuchsdaten!$C$2:$C$1117,"Sprint_10m",Versuchsdaten!$E$2:$E$1117,$E61,Versuchsdaten!$J$2:$J$1117,1),"")) | M61: =IF(LEFT(C61,7)<>"Sprint_","",IF(COUNTIFS(Versuchsdaten!$A$2:$A$1117,$A61,Versuchsdaten!$B$2:$B$1117,$B61,Versuchsdaten!$C$2:$C$1117,"Sprint_30m",Versuchsdaten!$E$2:$E$1117,$E61,Versuchsdaten!$J$2:$J$1117,1)=1,SUMIFS(Versuchsdaten!$F$2:$F$1117,Versuchsdaten!$A$2:$A$1117,$A61,Versuchsdaten!$B$2:$B$1117,$B61,Versuchsdaten!$C$2:$C$1117,"Sprint_30m",Versuchsdaten!$E$2:$E$1117,$E61,Versuchsdaten!$J$2:$J$1117,1),"")) | N61: =IF(LEFT(C61,7)<>"Sprint_",0,IF(IF(ISNUMBER(K61),IF(K61<=0,1,IF(5/K61>10,1,0)),0)+IF(ISNUMBER(L61),IF(ISNUMBER(K61),IF(L61-K61<=0,1,IF(5/(L61-K61)>10,1,0)),IF(L61<=0,1,IF(10/L61>10,1,0))),0)+IF(ISNUMBER(M61),IF(ISNUMBER(L61),IF(M61-L61<=0,1,IF(20/(M61-L61)>10,1,0)),IF(ISNUMBER(K61),IF(M61-K61<=0,1,IF(25/(M61-K61)>10,1,0)),IF(M61<=0,1,IF(30/M61>10,1,0)))),0)>0,1,0)) | O61: =IF(AND(J61=1,N61=0),1,0) | P61: =INDEX(Personendaten!$J$2:$J$32,MATCH(A61,Personendaten!$A$2:$A$32,0)) | Q61: =IF(O61=1,"",IF(AND(B61="post",P61="nicht angetreten"),"NANG",IF(N61=1,"AUSL",IFERROR(VLOOKUP(H61,Vokabular!$A$2:$B$8,2,FALSE),"UNBEKANNT"))))
A62: BW-05 | B62: prä | C62: Sprint_30m | D62: – | E62: 1 | F62: 4.49 | I62: =INDEX(Personendaten!$C$2:$C$32,MATCH(A62,Personendaten!$A$2:$A$32,0)) | J62: =IF(AND(F62<>"",G62=""),1,0) | K62: =IF(LEFT(C62,7)<>"Sprint_","",IF(COUNTIFS(Versuchsdaten!$A$2:$A$1117,$A62,Versuchsdaten!$B$2:$B$1117,$B62,Versuchsdaten!$C$2:$C$1117,"Sprint_5m",Versuchsdaten!$E$2:$E$1117,$E62,Versuchsdaten!$J$2:$J$1117,1)=1,SUMIFS(Versuchsdaten!$F$2:$F$1117,Versuchsdaten!$A$2:$A$1117,$A62,Versuchsdaten!$B$2:$B$1117,$B62,Versuchsdaten!$C$2:$C$1117,"Sprint_5m",Versuchsdaten!$E$2:$E$1117,$E62,Versuchsdaten!$J$2:$J$1117,1),"")) | L62: =IF(LEFT(C62,7)<>"Sprint_","",IF(COUNTIFS(Versuchsdaten!$A$2:$A$1117,$A62,Versuchsdaten!$B$2:$B$1117,$B62,Versuchsdaten!$C$2:$C$1117,"Sprint_10m",Versuchsdaten!$E$2:$E$1117,$E62,Versuchsdaten!$J$2:$J$1117,1)=1,SUMIFS(Versuchsdaten!$F$2:$F$1117,Versuchsdaten!$A$2:$A$1117,$A62,Versuchsdaten!$B$2:$B$1117,$B62,Versuchsdaten!$C$2:$C$1117,"Sprint_10m",Versuchsdaten!$E$2:$E$1117,$E62,Versuchsdaten!$J$2:$J$1117,1),"")) | M62: =IF(LEFT(C62,7)<>"Sprint_","",IF(COUNTIFS(Versuchsdaten!$A$2:$A$1117,$A62,Versuchsdaten!$B$2:$B$1117,$B62,Versuchsdaten!$C$2:$C$1117,"Sprint_30m",Versuchsdaten!$E$2:$E$1117,$E62,Versuchsdaten!$J$2:$J$1117,1)=1,SUMIFS(Versuchsdaten!$F$2:$F$1117,Versuchsdaten!$A$2:$A$1117,$A62,Versuchsdaten!$B$2:$B$1117,$B62,Versuchsdaten!$C$2:$C$1117,"Sprint_30m",Versuchsdaten!$E$2:$E$1117,$E62,Versuchsdaten!$J$2:$J$1117,1),"")) | N62: =IF(LEFT(C62,7)<>"Sprint_",0,IF(IF(ISNUMBER(K62),IF(K62<=0,1,IF(5/K62>10,1,0)),0)+IF(ISNUMBER(L62),IF(ISNUMBER(K62),IF(L62-K62<=0,1,IF(5/(L62-K62)>10,1,0)),IF(L62<=0,1,IF(10/L62>10,1,0))),0)+IF(ISNUMBER(M62),IF(ISNUMBER(L62),IF(M62-L62<=0,1,IF(20/(M62-L62)>10,1,0)),IF(ISNUMBER(K62),IF(M62-K62<=0,1,IF(25/(M62-K62)>10,1,0)),IF(M62<=0,1,IF(30/M62>10,1,0)))),0)>0,1,0)) | O62: =IF(AND(J62=1,N62=0),1,0) | P62: =INDEX(Personendaten!$J$2:$J$32,MATCH(A62,Personendaten!$A$2:$A$32,0)) | Q62: =IF(O62=1,"",IF(AND(B62="post",P62="nicht angetreten"),"NANG",IF(N62=1,"AUSL",IFERROR(VLOOKUP(H62,Vokabular!$A$2:$B$8,2,FALSE),"UNBEKANNT"))))
A63: BW-05 | B63: prä | C63: Sprint_30m | D63: – | E63: 2 | F63: 4.42 | I63: =INDEX(Personendaten!$C$2:$C$32,MATCH(A63,Personendaten!$A$2:$A$32,0)) | J63: =IF(AND(F63<>"",G63=""),1,0) | K63: =IF(LEFT(C63,7)<>"Sprint_","",IF(COUNTIFS(Versuchsdaten!$A$2:$A$1117,$A63,Versuchsdaten!$B$2:$B$1117,$B63,Versuchsdaten!$C$2:$C$1117,"Sprint_5m",Versuchsdaten!$E$2:$E$1117,$E63,Versuchsdaten!$J$2:$J$1117,1)=1,SUMIFS(Versuchsdaten!$F$2:$F$1117,Versuchsdaten!$A$2:$A$1117,$A63,Versuchsdaten!$B$2:$B$1117,$B63,Versuchsdaten!$C$2:$C$1117,"Sprint_5m",Versuchsdaten!$E$2:$E$1117,$E63,Versuchsdaten!$J$2:$J$1117,1),"")) | L63: =IF(LEFT(C63,7)<>"Sprint_","",IF(COUNTIFS(Versuchsdaten!$A$2:$A$1117,$A63,Versuchsdaten!$B$2:$B$1117,$B63,Versuchsdaten!$C$2:$C$1117,"Sprint_10m",Versuchsdaten!$E$2:$E$1117,$E63,Versuchsdaten!$J$2:$J$1117,1)=1,SUMIFS(Versuchsdaten!$F$2:$F$1117,Versuchsdaten!$A$2:$A$1117,$A63,Versuchsdaten!$B$2:$B$1117,$B63,Versuchsdaten!$C$2:$C$1117,"Sprint_10m",Versuchsdaten!$E$2:$E$1117,$E63,Versuchsdaten!$J$2:$J$1117,1),"")) | M63: =IF(LEFT(C63,7)<>"Sprint_","",IF(COUNTIFS(Versuchsdaten!$A$2:$A$1117,$A63,Versuchsdaten!$B$2:$B$1117,$B63,Versuchsdaten!$C$2:$C$1117,"Sprint_30m",Versuchsdaten!$E$2:$E$1117,$E63,Versuchsdaten!$J$2:$J$1117,1)=1,SUMIFS(Versuchsdaten!$F$2:$F$1117,Versuchsdaten!$A$2:$A$1117,$A63,Versuchsdaten!$B$2:$B$1117,$B63,Versuchsdaten!$C$2:$C$1117,"Sprint_30m",Versuchsdaten!$E$2:$E$1117,$E63,Versuchsdaten!$J$2:$J$1117,1),"")) | N63: =IF(LEFT(C63,7)<>"Sprint_",0,IF(IF(ISNUMBER(K63),IF(K63<=0,1,IF(5/K63>10,1,0)),0)+IF(ISNUMBER(L63),IF(ISNUMBER(K63),IF(L63-K63<=0,1,IF(5/(L63-K63)>10,1,0)),IF(L63<=0,1,IF(10/L63>10,1,0))),0)+IF(ISNUMBER(M63),IF(ISNUMBER(L63),IF(M63-L63<=0,1,IF(20/(M63-L63)>10,1,0)),IF(ISNUMBER(K63),IF(M63-K63<=0,1,IF(25/(M63-K63)>10,1,0)),IF(M63<=0,1,IF(30/M63>10,1,0)))),0)>0,1,0)) | O63: =IF(AND(J63=1,N63=0),1,0) | P63: =INDEX(Personendaten!$J$2:$J$32,MATCH(A63,Personendaten!$A$2:$A$32,0)) | Q63: =IF(O63=1,"",IF(AND(B63="post",P63="nicht angetreten"),"NANG",IF(N63=1,"AUSL",IFERROR(VLOOKUP(H63,Vokabular!$A$2:$B$8,2,FALSE),"UNBEKANNT"))))
A64: BW-05 | B64: prä | C64: Sprint_30m | D64: – | E64: 3 | F64: 4.43 | I64: =INDEX(Personendaten!$C$2:$C$32,MATCH(A64,Personendaten!$A$2:$A$32,0)) | J64: =IF(AND(F64<>"",G64=""),1,0) | K64: =IF(LEFT(C64,7)<>"Sprint_","",IF(COUNTIFS(Versuchsdaten!$A$2:$A$1117,$A64,Versuchsdaten!$B$2:$B$1117,$B64,Versuchsdaten!$C$2:$C$1117,"Sprint_5m",Versuchsdaten!$E$2:$E$1117,$E64,Versuchsdaten!$J$2:$J$1117,1)=1,SUMIFS(Versuchsdaten!$F$2:$F$1117,Versuchsdaten!$A$2:$A$1117,$A64,Versuchsdaten!$B$2:$B$1117,$B64,Versuchsdaten!$C$2:$C$1117,"Sprint_5m",Versuchsdaten!$E$2:$E$1117,$E64,Versuchsdaten!$J$2:$J$1117,1),"")) | L64: =IF(LEFT(C64,7)<>"Sprint_","",IF(COUNTIFS(Versuchsdaten!$A$2:$A$1117,$A64,Versuchsdaten!$B$2:$B$1117,$B64,Versuchsdaten!$C$2:$C$1117,"Sprint_10m",Versuchsdaten!$E$2:$E$1117,$E64,Versuchsdaten!$J$2:$J$1117,1)=1,SUMIFS(Versuchsdaten!$F$2:$F$1117,Versuchsdaten!$A$2:$A$1117,$A64,Versuchsdaten!$B$2:$B$1117,$B64,Versuchsdaten!$C$2:$C$1117,"Sprint_10m",Versuchsdaten!$E$2:$E$1117,$E64,Versuchsdaten!$J$2:$J$1117,1),"")) | M64: =IF(LEFT(C64,7)<>"Sprint_","",IF(COUNTIFS(Versuchsdaten!$A$2:$A$1117,$A64,Versuchsdaten!$B$2:$B$1117,$B64,Versuchsdaten!$C$2:$C$1117,"Sprint_30m",Versuchsdaten!$E$2:$E$1117,$E64,Versuchsdaten!$J$2:$J$1117,1)=1,SUMIFS(Versuchsdaten!$F$2:$F$1117,Versuchsdaten!$A$2:$A$1117,$A64,Versuchsdaten!$B$2:$B$1117,$B64,Versuchsdaten!$C$2:$C$1117,"Sprint_30m",Versuchsdaten!$E$2:$E$1117,$E64,Versuchsdaten!$J$2:$J$1117,1),"")) | N64: =IF(LEFT(C64,7)<>"Sprint_",0,IF(IF(ISNUMBER(K64),IF(K64<=0,1,IF(5/K64>10,1,0)),0)+IF(ISNUMBER(L64),IF(ISNUMBER(K64),IF(L64-K64<=0,1,IF(5/(L64-K64)>10,1,0)),IF(L64<=0,1,IF(10/L64>10,1,0))),0)+IF(ISNUMBER(M64),IF(ISNUMBER(L64),IF(M64-L64<=0,1,IF(20/(M64-L64)>10,1,0)),IF(ISNUMBER(K64),IF(M64-K64<=0,1,IF(25/(M64-K64)>10,1,0)),IF(M64<=0,1,IF(30/M64>10,1,0)))),0)>0,1,0)) | O64: =IF(AND(J64=1,N64=0),1,0) | P64: =INDEX(Personendaten!$J$2:$J$32,MATCH(A64,Personendaten!$A$2:$A$32,0)) | Q64: =IF(O64=1,"",IF(AND(B64="post",P64="nicht angetreten"),"NANG",IF(N64=1,"AUSL",IFERROR(VLOOKUP(H64,Vokabular!$A$2:$B$8,2,FALSE),"UNBEKANNT"))))
A65: BW-05 | B65: prä | C65: Standweitsprung | D65: – | E65: 1 | F65: 238 | I65: =INDEX(Personendaten!$C$2:$C$32,MATCH(A65,Personendaten!$A$2:$A$32,0)) | J65: =IF(AND(F65<>"",G65=""),1,0) | K65: =IF(LEFT(C65,7)<>"Sprint_","",IF(COUNTIFS(Versuchsdaten!$A$2:$A$1117,$A65,Versuchsdaten!$B$2:$B$1117,$B65,Versuchsdaten!$C$2:$C$1117,"Sprint_5m",Versuchsdaten!$E$2:$E$1117,$E65,Versuchsdaten!$J$2:$J$1117,1)=1,SUMIFS(Versuchsdaten!$F$2:$F$1117,Versuchsdaten!$A$2:$A$1117,$A65,Versuchsdaten!$B$2:$B$1117,$B65,Versuchsdaten!$C$2:$C$1117,"Sprint_5m",Versuchsdaten!$E$2:$E$1117,$E65,Versuchsdaten!$J$2:$J$1117,1),"")) | L65: =IF(LEFT(C65,7)<>"Sprint_","",IF(COUNTIFS(Versuchsdaten!$A$2:$A$1117,$A65,Versuchsdaten!$B$2:$B$1117,$B65,Versuchsdaten!$C$2:$C$1117,"Sprint_10m",Versuchsdaten!$E$2:$E$1117,$E65,Versuchsdaten!$J$2:$J$1117,1)=1,SUMIFS(Versuchsdaten!$F$2:$F$1117,Versuchsdaten!$A$2:$A$1117,$A65,Versuchsdaten!$B$2:$B$1117,$B65,Versuchsdaten!$C$2:$C$1117,"Sprint_10m",Versuchsdaten!$E$2:$E$1117,$E65,Versuchsdaten!$J$2:$J$1117,1),"")) | M65: =IF(LEFT(C65,7)<>"Sprint_","",IF(COUNTIFS(Versuchsdaten!$A$2:$A$1117,$A65,Versuchsdaten!$B$2:$B$1117,$B65,Versuchsdaten!$C$2:$C$1117,"Sprint_30m",Versuchsdaten!$E$2:$E$1117,$E65,Versuchsdaten!$J$2:$J$1117,1)=1,SUMIFS(Versuchsdaten!$F$2:$F$1117,Versuchsdaten!$A$2:$A$1117,$A65,Versuchsdaten!$B$2:$B$1117,$B65,Versuchsdaten!$C$2:$C$1117,"Sprint_30m",Versuchsdaten!$E$2:$E$1117,$E65,Versuchsdaten!$J$2:$J$1117,1),"")) | N65: =IF(LEFT(C65,7)<>"Sprint_",0,IF(IF(ISNUMBER(K65),IF(K65<=0,1,IF(5/K65>10,1,0)),0)+IF(ISNUMBER(L65),IF(ISNUMBER(K65),IF(L65-K65<=0,1,IF(5/(L65-K65)>10,1,0)),IF(L65<=0,1,IF(10/L65>10,1,0))),0)+IF(ISNUMBER(M65),IF(ISNUMBER(L65),IF(M65-L65<=0,1,IF(20/(M65-L65)>10,1,0)),IF(ISNUMBER(K65),IF(M65-K65<=0,1,IF(25/(M65-K65)>10,1,0)),IF(M65<=0,1,IF(30/M65>10,1,0)))),0)>0,1,0)) | O65: =IF(AND(J65=1,N65=0),1,0) | P65: =INDEX(Personendaten!$J$2:$J$32,MATCH(A65,Personendaten!$A$2:$A$32,0)) | Q65: =IF(O65=1,"",IF(AND(B65="post",P65="nicht angetreten"),"NANG",IF(N65=1,"AUSL",IFERROR(VLOOKUP(H65,Vokabular!$A$2:$B$8,2,FALSE),"UNBEKANNT"))))
A66: BW-05 | B66: prä | C66: Standweitsprung | D66: – | E66: 2 | F66: 232 | I66: =INDEX(Personendaten!$C$2:$C$32,MATCH(A66,Personendaten!$A$2:$A$32,0)) | J66: =IF(AND(F66<>"",G66=""),1,0) | K66: =IF(LEFT(C66,7)<>"Sprint_","",IF(COUNTIFS(Versuchsdaten!$A$2:$A$1117,$A66,Versuchsdaten!$B$2:$B$1117,$B66,Versuchsdaten!$C$2:$C$1117,"Sprint_5m",Versuchsdaten!$E$2:$E$1117,$E66,Versuchsdaten!$J$2:$J$1117,1)=1,SUMIFS(Versuchsdaten!$F$2:$F$1117,Versuchsdaten!$A$2:$A$1117,$A66,Versuchsdaten!$B$2:$B$1117,$B66,Versuchsdaten!$C$2:$C$1117,"Sprint_5m",Versuchsdaten!$E$2:$E$1117,$E66,Versuchsdaten!$J$2:$J$1117,1),"")) | L66: =IF(LEFT(C66,7)<>"Sprint_","",IF(COUNTIFS(Versuchsdaten!$A$2:$A$1117,$A66,Versuchsdaten!$B$2:$B$1117,$B66,Versuchsdaten!$C$2:$C$1117,"Sprint_10m",Versuchsdaten!$E$2:$E$1117,$E66,Versuchsdaten!$J$2:$J$1117,1)=1,SUMIFS(Versuchsdaten!$F$2:$F$1117,Versuchsdaten!$A$2:$A$1117,$A66,Versuchsdaten!$B$2:$B$1117,$B66,Versuchsdaten!$C$2:$C$1117,"Sprint_10m",Versuchsdaten!$E$2:$E$1117,$E66,Versuchsdaten!$J$2:$J$1117,1),"")) | M66: =IF(LEFT(C66,7)<>"Sprint_","",IF(COUNTIFS(Versuchsdaten!$A$2:$A$1117,$A66,Versuchsdaten!$B$2:$B$1117,$B66,Versuchsdaten!$C$2:$C$1117,"Sprint_30m",Versuchsdaten!$E$2:$E$1117,$E66,Versuchsdaten!$J$2:$J$1117,1)=1,SUMIFS(Versuchsdaten!$F$2:$F$1117,Versuchsdaten!$A$2:$A$1117,$A66,Versuchsdaten!$B$2:$B$1117,$B66,Versuchsdaten!$C$2:$C$1117,"Sprint_30m",Versuchsdaten!$E$2:$E$1117,$E66,Versuchsdaten!$J$2:$J$1117,1),"")) | N66: =IF(LEFT(C66,7)<>"Sprint_",0,IF(IF(ISNUMBER(K66),IF(K66<=0,1,IF(5/K66>10,1,0)),0)+IF(ISNUMBER(L66),IF(ISNUMBER(K66),IF(L66-K66<=0,1,IF(5/(L66-K66)>10,1,0)),IF(L66<=0,1,IF(10/L66>10,1,0))),0)+IF(ISNUMBER(M66),IF(ISNUMBER(L66),IF(M66-L66<=0,1,IF(20/(M66-L66)>10,1,0)),IF(ISNUMBER(K66),IF(M66-K66<=0,1,IF(25/(M66-K66)>10,1,0)),IF(M66<=0,1,IF(30/M66>10,1,0)))),0)>0,1,0)) | O66: =IF(AND(J66=1,N66=0),1,0) | P66: =INDEX(Personendaten!$J$2:$J$32,MATCH(A66,Personendaten!$A$2:$A$32,0)) | Q66: =IF(O66=1,"",IF(AND(B66="post",P66="nicht angetreten"),"NANG",IF(N66=1,"AUSL",IFERROR(VLOOKUP(H66,Vokabular!$A$2:$B$8,2,FALSE),"UNBEKANNT"))))
A67: BW-05 | B67: prä | C67: Standweitsprung | D67: – | E67: 3 | F67: 228 | I67: =INDEX(Personendaten!$C$2:$C$32,MATCH(A67,Personendaten!$A$2:$A$32,0)) | J67: =IF(AND(F67<>"",G67=""),1,0) | K67: =IF(LEFT(C67,7)<>"Sprint_","",IF(COUNTIFS(Versuchsdaten!$A$2:$A$1117,$A67,Versuchsdaten!$B$2:$B$1117,$B67,Versuchsdaten!$C$2:$C$1117,"Sprint_5m",Versuchsdaten!$E$2:$E$1117,$E67,Versuchsdaten!$J$2:$J$1117,1)=1,SUMIFS(Versuchsdaten!$F$2:$F$1117,Versuchsdaten!$A$2:$A$1117,$A67,Versuchsdaten!$B$2:$B$1117,$B67,Versuchsdaten!$C$2:$C$1117,"Sprint_5m",Versuchsdaten!$E$2:$E$1117,$E67,Versuchsdaten!$J$2:$J$1117,1),"")) | L67: =IF(LEFT(C67,7)<>"Sprint_","",IF(COUNTIFS(Versuchsdaten!$A$2:$A$1117,$A67,Versuchsdaten!$B$2:$B$1117,$B67,Versuchsdaten!$C$2:$C$1117,"Sprint_10m",Versuchsdaten!$E$2:$E$1117,$E67,Versuchsdaten!$J$2:$J$1117,1)=1,SUMIFS(Versuchsdaten!$F$2:$F$1117,Versuchsdaten!$A$2:$A$1117,$A67,Versuchsdaten!$B$2:$B$1117,$B67,Versuchsdaten!$C$2:$C$1117,"Sprint_10m",Versuchsdaten!$E$2:$E$1117,$E67,Versuchsdaten!$J$2:$J$1117,1),"")) | M67: =IF(LEFT(C67,7)<>"Sprint_","",IF(COUNTIFS(Versuchsdaten!$A$2:$A$1117,$A67,Versuchsdaten!$B$2:$B$1117,$B67,Versuchsdaten!$C$2:$C$1117,"Sprint_30m",Versuchsdaten!$E$2:$E$1117,$E67,Versuchsdaten!$J$2:$J$1117,1)=1,SUMIFS(Versuchsdaten!$F$2:$F$1117,Versuchsdaten!$A$2:$A$1117,$A67,Versuchsdaten!$B$2:$B$1117,$B67,Versuchsdaten!$C$2:$C$1117,"Sprint_30m",Versuchsdaten!$E$2:$E$1117,$E67,Versuchsdaten!$J$2:$J$1117,1),"")) | N67: =IF(LEFT(C67,7)<>"Sprint_",0,IF(IF(ISNUMBER(K67),IF(K67<=0,1,IF(5/K67>10,1,0)),0)+IF(ISNUMBER(L67),IF(ISNUMBER(K67),IF(L67-K67<=0,1,IF(5/(L67-K67)>10,1,0)),IF(L67<=0,1,IF(10/L67>10,1,0))),0)+IF(ISNUMBER(M67),IF(ISNUMBER(L67),IF(M67-L67<=0,1,IF(20/(M67-L67)>10,1,0)),IF(ISNUMBER(K67),IF(M67-K67<=0,1,IF(25/(M67-K67)>10,1,0)),IF(M67<=0,1,IF(30/M67>10,1,0)))),0)>0,1,0)) | O67: =IF(AND(J67=1,N67=0),1,0) | P67: =INDEX(Personendaten!$J$2:$J$32,MATCH(A67,Personendaten!$A$2:$A$32,0)) | Q67: =IF(O67=1,"",IF(AND(B67="post",P67="nicht angetreten"),"NANG",IF(N67=1,"AUSL",IFERROR(VLOOKUP(H67,Vokabular!$A$2:$B$8,2,FALSE),"UNBEKANNT"))))
A68: BW-05 | B68: prä | C68: COD_505 | D68: L | E68: 1 | F68: 2.57 | I68: =INDEX(Personendaten!$C$2:$C$32,MATCH(A68,Personendaten!$A$2:$A$32,0)) | J68: =IF(AND(F68<>"",G68=""),1,0) | K68: =IF(LEFT(C68,7)<>"Sprint_","",IF(COUNTIFS(Versuchsdaten!$A$2:$A$1117,$A68,Versuchsdaten!$B$2:$B$1117,$B68,Versuchsdaten!$C$2:$C$1117,"Sprint_5m",Versuchsdaten!$E$2:$E$1117,$E68,Versuchsdaten!$J$2:$J$1117,1)=1,SUMIFS(Versuchsdaten!$F$2:$F$1117,Versuchsdaten!$A$2:$A$1117,$A68,Versuchsdaten!$B$2:$B$1117,$B68,Versuchsdaten!$C$2:$C$1117,"Sprint_5m",Versuchsdaten!$E$2:$E$1117,$E68,Versuchsdaten!$J$2:$J$1117,1),"")) | L68: =IF(LEFT(C68,7)<>"Sprint_","",IF(COUNTIFS(Versuchsdaten!$A$2:$A$1117,$A68,Versuchsdaten!$B$2:$B$1117,$B68,Versuchsdaten!$C$2:$C$1117,"Sprint_10m",Versuchsdaten!$E$2:$E$1117,$E68,Versuchsdaten!$J$2:$J$1117,1)=1,SUMIFS(Versuchsdaten!$F$2:$F$1117,Versuchsdaten!$A$2:$A$1117,$A68,Versuchsdaten!$B$2:$B$1117,$B68,Versuchsdaten!$C$2:$C$1117,"Sprint_10m",Versuchsdaten!$E$2:$E$1117,$E68,Versuchsdaten!$J$2:$J$1117,1),"")) | M68: =IF(LEFT(C68,7)<>"Sprint_","",IF(COUNTIFS(Versuchsdaten!$A$2:$A$1117,$A68,Versuchsdaten!$B$2:$B$1117,$B68,Versuchsdaten!$C$2:$C$1117,"Sprint_30m",Versuchsdaten!$E$2:$E$1117,$E68,Versuchsdaten!$J$2:$J$1117,1)=1,SUMIFS(Versuchsdaten!$F$2:$F$1117,Versuchsdaten!$A$2:$A$1117,$A68,Versuchsdaten!$B$2:$B$1117,$B68,Versuchsdaten!$C$2:$C$1117,"Sprint_30m",Versuchsdaten!$E$2:$E$1117,$E68,Versuchsdaten!$J$2:$J$1117,1),"")) | N68: =IF(LEFT(C68,7)<>"Sprint_",0,IF(IF(ISNUMBER(K68),IF(K68<=0,1,IF(5/K68>10,1,0)),0)+IF(ISNUMBER(L68),IF(ISNUMBER(K68),IF(L68-K68<=0,1,IF(5/(L68-K68)>10,1,0)),IF(L68<=0,1,IF(10/L68>10,1,0))),0)+IF(ISNUMBER(M68),IF(ISNUMBER(L68),IF(M68-L68<=0,1,IF(20/(M68-L68)>10,1,0)),IF(ISNUMBER(K68),IF(M68-K68<=0,1,IF(25/(M68-K68)>10,1,0)),IF(M68<=0,1,IF(30/M68>10,1,0)))),0)>0,1,0)) | O68: =IF(AND(J68=1,N68=0),1,0) | P68: =INDEX(Personendaten!$J$2:$J$32,MATCH(A68,Personendaten!$A$2:$A$32,0)) | Q68: =IF(O68=1,"",IF(AND(B68="post",P68="nicht angetreten"),"NANG",IF(N68=1,"AUSL",IFERROR(VLOOKUP(H68,Vokabular!$A$2:$B$8,2,FALSE),"UNBEKANNT"))))
A69: BW-05 | B69: prä | C69: COD_505 | D69: L | E69: 2 | F69: 2.46 | I69: =INDEX(Personendaten!$C$2:$C$32,MATCH(A69,Personendaten!$A$2:$A$32,0)) | J69: =IF(AND(F69<>"",G69=""),1,0) | K69: =IF(LEFT(C69,7)<>"Sprint_","",IF(COUNTIFS(Versuchsdaten!$A$2:$A$1117,$A69,Versuchsdaten!$B$2:$B$1117,$B69,Versuchsdaten!$C$2:$C$1117,"Sprint_5m",Versuchsdaten!$E$2:$E$1117,$E69,Versuchsdaten!$J$2:$J$1117,1)=1,SUMIFS(Versuchsdaten!$F$2:$F$1117,Versuchsdaten!$A$2:$A$1117,$A69,Versuchsdaten!$B$2:$B$1117,$B69,Versuchsdaten!$C$2:$C$1117,"Sprint_5m",Versuchsdaten!$E$2:$E$1117,$E69,Versuchsdaten!$J$2:$J$1117,1),"")) | L69: =IF(LEFT(C69,7)<>"Sprint_","",IF(COUNTIFS(Versuchsdaten!$A$2:$A$1117,$A69,Versuchsdaten!$B$2:$B$1117,$B69,Versuchsdaten!$C$2:$C$1117,"Sprint_10m",Versuchsdaten!$E$2:$E$1117,$E69,Versuchsdaten!$J$2:$J$1117,1)=1,SUMIFS(Versuchsdaten!$F$2:$F$1117,Versuchsdaten!$A$2:$A$1117,$A69,Versuchsdaten!$B$2:$B$1117,$B69,Versuchsdaten!$C$2:$C$1117,"Sprint_10m",Versuchsdaten!$E$2:$E$1117,$E69,Versuchsdaten!$J$2:$J$1117,1),"")) | M69: =IF(LEFT(C69,7)<>"Sprint_","",IF(COUNTIFS(Versuchsdaten!$A$2:$A$1117,$A69,Versuchsdaten!$B$2:$B$1117,$B69,Versuchsdaten!$C$2:$C$1117,"Sprint_30m",Versuchsdaten!$E$2:$E$1117,$E69,Versuchsdaten!$J$2:$J$1117,1)=1,SUMIFS(Versuchsdaten!$F$2:$F$1117,Versuchsdaten!$A$2:$A$1117,$A69,Versuchsdaten!$B$2:$B$1117,$B69,Versuchsdaten!$C$2:$C$1117,"Sprint_30m",Versuchsdaten!$E$2:$E$1117,$E69,Versuchsdaten!$J$2:$J$1117,1),"")) | N69: =IF(LEFT(C69,7)<>"Sprint_",0,IF(IF(ISNUMBER(K69),IF(K69<=0,1,IF(5/K69>10,1,0)),0)+IF(ISNUMBER(L69),IF(ISNUMBER(K69),IF(L69-K69<=0,1,IF(5/(L69-K69)>10,1,0)),IF(L69<=0,1,IF(10/L69>10,1,0))),0)+IF(ISNUMBER(M69),IF(ISNUMBER(L69),IF(M69-L69<=0,1,IF(20/(M69-L69)>10,1,0)),IF(ISNUMBER(K69),IF(M69-K69<=0,1,IF(25/(M69-K69)>10,1,0)),IF(M69<=0,1,IF(30/M69>10,1,0)))),0)>0,1,0)) | O69: =IF(AND(J69=1,N69=0),1,0) | P69: =INDEX(Personendaten!$J$2:$J$32,MATCH(A69,Personendaten!$A$2:$A$32,0)) | Q69: =IF(O69=1,"",IF(AND(B69="post",P69="nicht angetreten"),"NANG",IF(N69=1,"AUSL",IFERROR(VLOOKUP(H69,Vokabular!$A$2:$B$8,2,FALSE),"UNBEKANNT"))))
A70: BW-05 | B70: prä | C70: COD_505 | D70: L | E70: 3 | H70: Nur 2 Versuche aus Zeitmangel | I70: =INDEX(Personendaten!$C$2:$C$32,MATCH(A70,Personendaten!$A$2:$A$32,0)) | J70: =IF(AND(F70<>"",G70=""),1,0) | K70: =IF(LEFT(C70,7)<>"Sprint_","",IF(COUNTIFS(Versuchsdaten!$A$2:$A$1117,$A70,Versuchsdaten!$B$2:$B$1117,$B70,Versuchsdaten!$C$2:$C$1117,"Sprint_5m",Versuchsdaten!$E$2:$E$1117,$E70,Versuchsdaten!$J$2:$J$1117,1)=1,SUMIFS(Versuchsdaten!$F$2:$F$1117,Versuchsdaten!$A$2:$A$1117,$A70,Versuchsdaten!$B$2:$B$1117,$B70,Versuchsdaten!$C$2:$C$1117,"Sprint_5m",Versuchsdaten!$E$2:$E$1117,$E70,Versuchsdaten!$J$2:$J$1117,1),"")) | L70: =IF(LEFT(C70,7)<>"Sprint_","",IF(COUNTIFS(Versuchsdaten!$A$2:$A$1117,$A70,Versuchsdaten!$B$2:$B$1117,$B70,Versuchsdaten!$C$2:$C$1117,"Sprint_10m",Versuchsdaten!$E$2:$E$1117,$E70,Versuchsdaten!$J$2:$J$1117,1)=1,SUMIFS(Versuchsdaten!$F$2:$F$1117,Versuchsdaten!$A$2:$A$1117,$A70,Versuchsdaten!$B$2:$B$1117,$B70,Versuchsdaten!$C$2:$C$1117,"Sprint_10m",Versuchsdaten!$E$2:$E$1117,$E70,Versuchsdaten!$J$2:$J$1117,1),"")) | M70: =IF(LEFT(C70,7)<>"Sprint_","",IF(COUNTIFS(Versuchsdaten!$A$2:$A$1117,$A70,Versuchsdaten!$B$2:$B$1117,$B70,Versuchsdaten!$C$2:$C$1117,"Sprint_30m",Versuchsdaten!$E$2:$E$1117,$E70,Versuchsdaten!$J$2:$J$1117,1)=1,SUMIFS(Versuchsdaten!$F$2:$F$1117,Versuchsdaten!$A$2:$A$1117,$A70,Versuchsdaten!$B$2:$B$1117,$B70,Versuchsdaten!$C$2:$C$1117,"Sprint_30m",Versuchsdaten!$E$2:$E$1117,$E70,Versuchsdaten!$J$2:$J$1117,1),"")) | N70: =IF(LEFT(C70,7)<>"Sprint_",0,IF(IF(ISNUMBER(K70),IF(K70<=0,1,IF(5/K70>10,1,0)),0)+IF(ISNUMBER(L70),IF(ISNUMBER(K70),IF(L70-K70<=0,1,IF(5/(L70-K70)>10,1,0)),IF(L70<=0,1,IF(10/L70>10,1,0))),0)+IF(ISNUMBER(M70),IF(ISNUMBER(L70),IF(M70-L70<=0,1,IF(20/(M70-L70)>10,1,0)),IF(ISNUMBER(K70),IF(M70-K70<=0,1,IF(25/(M70-K70)>10,1,0)),IF(M70<=0,1,IF(30/M70>10,1,0)))),0)>0,1,0)) | O70: =IF(AND(J70=1,N70=0),1,0) | P70: =INDEX(Personendaten!$J$2:$J$32,MATCH(A70,Personendaten!$A$2:$A$32,0)) | Q70: =IF(O70=1,"",IF(AND(B70="post",P70="nicht angetreten"),"NANG",IF(N70=1,"AUSL",IFERROR(VLOOKUP(H70,Vokabular!$A$2:$B$8,2,FALSE),"UNBEKANNT"))))
A71: BW-05 | B71: prä | C71: COD_505 | D71: R | E71: 1 | F71: 2.49 | I71: =INDEX(Personendaten!$C$2:$C$32,MATCH(A71,Personendaten!$A$2:$A$32,0)) | J71: =IF(AND(F71<>"",G71=""),1,0) | K71: =IF(LEFT(C71,7)<>"Sprint_","",IF(COUNTIFS(Versuchsdaten!$A$2:$A$1117,$A71,Versuchsdaten!$B$2:$B$1117,$B71,Versuchsdaten!$C$2:$C$1117,"Sprint_5m",Versuchsdaten!$E$2:$E$1117,$E71,Versuchsdaten!$J$2:$J$1117,1)=1,SUMIFS(Versuchsdaten!$F$2:$F$1117,Versuchsdaten!$A$2:$A$1117,$A71,Versuchsdaten!$B$2:$B$1117,$B71,Versuchsdaten!$C$2:$C$1117,"Sprint_5m",Versuchsdaten!$E$2:$E$1117,$E71,Versuchsdaten!$J$2:$J$1117,1),"")) | L71: =IF(LEFT(C71,7)<>"Sprint_","",IF(COUNTIFS(Versuchsdaten!$A$2:$A$1117,$A71,Versuchsdaten!$B$2:$B$1117,$B71,Versuchsdaten!$C$2:$C$1117,"Sprint_10m",Versuchsdaten!$E$2:$E$1117,$E71,Versuchsdaten!$J$2:$J$1117,1)=1,SUMIFS(Versuchsdaten!$F$2:$F$1117,Versuchsdaten!$A$2:$A$1117,$A71,Versuchsdaten!$B$2:$B$1117,$B71,Versuchsdaten!$C$2:$C$1117,"Sprint_10m",Versuchsdaten!$E$2:$E$1117,$E71,Versuchsdaten!$J$2:$J$1117,1),"")) | M71: =IF(LEFT(C71,7)<>"Sprint_","",IF(COUNTIFS(Versuchsdaten!$A$2:$A$1117,$A71,Versuchsdaten!$B$2:$B$1117,$B71,Versuchsdaten!$C$2:$C$1117,"Sprint_30m",Versuchsdaten!$E$2:$E$1117,$E71,Versuchsdaten!$J$2:$J$1117,1)=1,SUMIFS(Versuchsdaten!$F$2:$F$1117,Versuchsdaten!$A$2:$A$1117,$A71,Versuchsdaten!$B$2:$B$1117,$B71,Versuchsdaten!$C$2:$C$1117,"Sprint_30m",Versuchsdaten!$E$2:$E$1117,$E71,Versuchsdaten!$J$2:$J$1117,1),"")) | N71: =IF(LEFT(C71,7)<>"Sprint_",0,IF(IF(ISNUMBER(K71),IF(K71<=0,1,IF(5/K71>10,1,0)),0)+IF(ISNUMBER(L71),IF(ISNUMBER(K71),IF(L71-K71<=0,1,IF(5/(L71-K71)>10,1,0)),IF(L71<=0,1,IF(10/L71>10,1,0))),0)+IF(ISNUMBER(M71),IF(ISNUMBER(L71),IF(M71-L71<=0,1,IF(20/(M71-L71)>10,1,0)),IF(ISNUMBER(K71),IF(M71-K71<=0,1,IF(25/(M71-K71)>10,1,0)),IF(M71<=0,1,IF(30/M71>10,1,0)))),0)>0,1,0)) | O71: =IF(AND(J71=1,N71=0),1,0) | P71: =INDEX(Personendaten!$J$2:$J$32,MATCH(A71,Personendaten!$A$2:$A$32,0)) | Q71: =IF(O71=1,"",IF(AND(B71="post",P71="nicht angetreten"),"NANG",IF(N71=1,"AUSL",IFERROR(VLOOKUP(H71,Vokabular!$A$2:$B$8,2,FALSE),"UNBEKANNT"))))
A72: BW-05 | B72: prä | C72: COD_505 | D72: R | E72: 2 | F72: 2.49 | I72: =INDEX(Personendaten!$C$2:$C$32,MATCH(A72,Personendaten!$A$2:$A$32,0)) | J72: =IF(AND(F72<>"",G72=""),1,0) | K72: =IF(LEFT(C72,7)<>"Sprint_","",IF(COUNTIFS(Versuchsdaten!$A$2:$A$1117,$A72,Versuchsdaten!$B$2:$B$1117,$B72,Versuchsdaten!$C$2:$C$1117,"Sprint_5m",Versuchsdaten!$E$2:$E$1117,$E72,Versuchsdaten!$J$2:$J$1117,1)=1,SUMIFS(Versuchsdaten!$F$2:$F$1117,Versuchsdaten!$A$2:$A$1117,$A72,Versuchsdaten!$B$2:$B$1117,$B72,Versuchsdaten!$C$2:$C$1117,"Sprint_5m",Versuchsdaten!$E$2:$E$1117,$E72,Versuchsdaten!$J$2:$J$1117,1),"")) | L72: =IF(LEFT(C72,7)<>"Sprint_","",IF(COUNTIFS(Versuchsdaten!$A$2:$A$1117,$A72,Versuchsdaten!$B$2:$B$1117,$B72,Versuchsdaten!$C$2:$C$1117,"Sprint_10m",Versuchsdaten!$E$2:$E$1117,$E72,Versuchsdaten!$J$2:$J$1117,1)=1,SUMIFS(Versuchsdaten!$F$2:$F$1117,Versuchsdaten!$A$2:$A$1117,$A72,Versuchsdaten!$B$2:$B$1117,$B72,Versuchsdaten!$C$2:$C$1117,"Sprint_10m",Versuchsdaten!$E$2:$E$1117,$E72,Versuchsdaten!$J$2:$J$1117,1),"")) | M72: =IF(LEFT(C72,7)<>"Sprint_","",IF(COUNTIFS(Versuchsdaten!$A$2:$A$1117,$A72,Versuchsdaten!$B$2:$B$1117,$B72,Versuchsdaten!$C$2:$C$1117,"Sprint_30m",Versuchsdaten!$E$2:$E$1117,$E72,Versuchsdaten!$J$2:$J$1117,1)=1,SUMIFS(Versuchsdaten!$F$2:$F$1117,Versuchsdaten!$A$2:$A$1117,$A72,Versuchsdaten!$B$2:$B$1117,$B72,Versuchsdaten!$C$2:$C$1117,"Sprint_30m",Versuchsdaten!$E$2:$E$1117,$E72,Versuchsdaten!$J$2:$J$1117,1),"")) | N72: =IF(LEFT(C72,7)<>"Sprint_",0,IF(IF(ISNUMBER(K72),IF(K72<=0,1,IF(5/K72>10,1,0)),0)+IF(ISNUMBER(L72),IF(ISNUMBER(K72),IF(L72-K72<=0,1,IF(5/(L72-K72)>10,1,0)),IF(L72<=0,1,IF(10/L72>10,1,0))),0)+IF(ISNUMBER(M72),IF(ISNUMBER(L72),IF(M72-L72<=0,1,IF(20/(M72-L72)>10,1,0)),IF(ISNUMBER(K72),IF(M72-K72<=0,1,IF(25/(M72-K72)>10,1,0)),IF(M72<=0,1,IF(30/M72>10,1,0)))),0)>0,1,0)) | O72: =IF(AND(J72=1,N72=0),1,0) | P72: =INDEX(Personendaten!$J$2:$J$32,MATCH(A72,Personendaten!$A$2:$A$32,0)) | Q72: =IF(O72=1,"",IF(AND(B72="post",P72="nicht angetreten"),"NANG",IF(N72=1,"AUSL",IFERROR(VLOOKUP(H72,Vokabular!$A$2:$B$8,2,FALSE),"UNBEKANNT"))))
A73: BW-05 | B73: prä | C73: COD_505 | D73: R | E73: 3 | H73: Nur 2 Versuche aus Zeitmangel | I73: =INDEX(Personendaten!$C$2:$C$32,MATCH(A73,Personendaten!$A$2:$A$32,0)) | J73: =IF(AND(F73<>"",G73=""),1,0) | K73: =IF(LEFT(C73,7)<>"Sprint_","",IF(COUNTIFS(Versuchsdaten!$A$2:$A$1117,$A73,Versuchsdaten!$B$2:$B$1117,$B73,Versuchsdaten!$C$2:$C$1117,"Sprint_5m",Versuchsdaten!$E$2:$E$1117,$E73,Versuchsdaten!$J$2:$J$1117,1)=1,SUMIFS(Versuchsdaten!$F$2:$F$1117,Versuchsdaten!$A$2:$A$1117,$A73,Versuchsdaten!$B$2:$B$1117,$B73,Versuchsdaten!$C$2:$C$1117,"Sprint_5m",Versuchsdaten!$E$2:$E$1117,$E73,Versuchsdaten!$J$2:$J$1117,1),"")) | L73: =IF(LEFT(C73,7)<>"Sprint_","",IF(COUNTIFS(Versuchsdaten!$A$2:$A$1117,$A73,Versuchsdaten!$B$2:$B$1117,$B73,Versuchsdaten!$C$2:$C$1117,"Sprint_10m",Versuchsdaten!$E$2:$E$1117,$E73,Versuchsdaten!$J$2:$J$1117,1)=1,SUMIFS(Versuchsdaten!$F$2:$F$1117,Versuchsdaten!$A$2:$A$1117,$A73,Versuchsdaten!$B$2:$B$1117,$B73,Versuchsdaten!$C$2:$C$1117,"Sprint_10m",Versuchsdaten!$E$2:$E$1117,$E73,Versuchsdaten!$J$2:$J$1117,1),"")) | M73: =IF(LEFT(C73,7)<>"Sprint_","",IF(COUNTIFS(Versuchsdaten!$A$2:$A$1117,$A73,Versuchsdaten!$B$2:$B$1117,$B73,Versuchsdaten!$C$2:$C$1117,"Sprint_30m",Versuchsdaten!$E$2:$E$1117,$E73,Versuchsdaten!$J$2:$J$1117,1)=1,SUMIFS(Versuchsdaten!$F$2:$F$1117,Versuchsdaten!$A$2:$A$1117,$A73,Versuchsdaten!$B$2:$B$1117,$B73,Versuchsdaten!$C$2:$C$1117,"Sprint_30m",Versuchsdaten!$E$2:$E$1117,$E73,Versuchsdaten!$J$2:$J$1117,1),"")) | N73: =IF(LEFT(C73,7)<>"Sprint_",0,IF(IF(ISNUMBER(K73),IF(K73<=0,1,IF(5/K73>10,1,0)),0)+IF(ISNUMBER(L73),IF(ISNUMBER(K73),IF(L73-K73<=0,1,IF(5/(L73-K73)>10,1,0)),IF(L73<=0,1,IF(10/L73>10,1,0))),0)+IF(ISNUMBER(M73),IF(ISNUMBER(L73),IF(M73-L73<=0,1,IF(20/(M73-L73)>10,1,0)),IF(ISNUMBER(K73),IF(M73-K73<=0,1,IF(25/(M73-K73)>10,1,0)),IF(M73<=0,1,IF(30/M73>10,1,0)))),0)>0,1,0)) | O73: =IF(AND(J73=1,N73=0),1,0) | P73: =INDEX(Personendaten!$J$2:$J$32,MATCH(A73,Personendaten!$A$2:$A$32,0)) | Q73: =IF(O73=1,"",IF(AND(B73="post",P73="nicht angetreten"),"NANG",IF(N73=1,"AUSL",IFERROR(VLOOKUP(H73,Vokabular!$A$2:$B$8,2,FALSE),"UNBEKANNT"))))
A74: BW-06 | B74: prä | C74: Sprint_5m | D74: – | E74: 1 | F74: 1.02 | I74: =INDEX(Personendaten!$C$2:$C$32,MATCH(A74,Personendaten!$A$2:$A$32,0)) | J74: =IF(AND(F74<>"",G74=""),1,0) | K74: =IF(LEFT(C74,7)<>"Sprint_","",IF(COUNTIFS(Versuchsdaten!$A$2:$A$1117,$A74,Versuchsdaten!$B$2:$B$1117,$B74,Versuchsdaten!$C$2:$C$1117,"Sprint_5m",Versuchsdaten!$E$2:$E$1117,$E74,Versuchsdaten!$J$2:$J$1117,1)=1,SUMIFS(Versuchsdaten!$F$2:$F$1117,Versuchsdaten!$A$2:$A$1117,$A74,Versuchsdaten!$B$2:$B$1117,$B74,Versuchsdaten!$C$2:$C$1117,"Sprint_5m",Versuchsdaten!$E$2:$E$1117,$E74,Versuchsdaten!$J$2:$J$1117,1),"")) | L74: =IF(LEFT(C74,7)<>"Sprint_","",IF(COUNTIFS(Versuchsdaten!$A$2:$A$1117,$A74,Versuchsdaten!$B$2:$B$1117,$B74,Versuchsdaten!$C$2:$C$1117,"Sprint_10m",Versuchsdaten!$E$2:$E$1117,$E74,Versuchsdaten!$J$2:$J$1117,1)=1,SUMIFS(Versuchsdaten!$F$2:$F$1117,Versuchsdaten!$A$2:$A$1117,$A74,Versuchsdaten!$B$2:$B$1117,$B74,Versuchsdaten!$C$2:$C$1117,"Sprint_10m",Versuchsdaten!$E$2:$E$1117,$E74,Versuchsdaten!$J$2:$J$1117,1),"")) | M74: =IF(LEFT(C74,7)<>"Sprint_","",IF(COUNTIFS(Versuchsdaten!$A$2:$A$1117,$A74,Versuchsdaten!$B$2:$B$1117,$B74,Versuchsdaten!$C$2:$C$1117,"Sprint_30m",Versuchsdaten!$E$2:$E$1117,$E74,Versuchsdaten!$J$2:$J$1117,1)=1,SUMIFS(Versuchsdaten!$F$2:$F$1117,Versuchsdaten!$A$2:$A$1117,$A74,Versuchsdaten!$B$2:$B$1117,$B74,Versuchsdaten!$C$2:$C$1117,"Sprint_30m",Versuchsdaten!$E$2:$E$1117,$E74,Versuchsdaten!$J$2:$J$1117,1),"")) | N74: =IF(LEFT(C74,7)<>"Sprint_",0,IF(IF(ISNUMBER(K74),IF(K74<=0,1,IF(5/K74>10,1,0)),0)+IF(ISNUMBER(L74),IF(ISNUMBER(K74),IF(L74-K74<=0,1,IF(5/(L74-K74)>10,1,0)),IF(L74<=0,1,IF(10/L74>10,1,0))),0)+IF(ISNUMBER(M74),IF(ISNUMBER(L74),IF(M74-L74<=0,1,IF(20/(M74-L74)>10,1,0)),IF(ISNUMBER(K74),IF(M74-K74<=0,1,IF(25/(M74-K74)>10,1,0)),IF(M74<=0,1,IF(30/M74>10,1,0)))),0)>0,1,0)) | O74: =IF(AND(J74=1,N74=0),1,0) | P74: =INDEX(Personendaten!$J$2:$J$32,MATCH(A74,Personendaten!$A$2:$A$32,0)) | Q74: =IF(O74=1,"",IF(AND(B74="post",P74="nicht angetreten"),"NANG",IF(N74=1,"AUSL",IFERROR(VLOOKUP(H74,Vokabular!$A$2:$B$8,2,FALSE),"UNBEKANNT"))))
A75: BW-06 | B75: prä | C75: Sprint_5m | D75: – | E75: 2 | F75: 1.06 | I75: =INDEX(Personendaten!$C$2:$C$32,MATCH(A75,Personendaten!$A$2:$A$32,0)) | J75: =IF(AND(F75<>"",G75=""),1,0) | K75: =IF(LEFT(C75,7)<>"Sprint_","",IF(COUNTIFS(Versuchsdaten!$A$2:$A$1117,$A75,Versuchsdaten!$B$2:$B$1117,$B75,Versuchsdaten!$C$2:$C$1117,"Sprint_5m",Versuchsdaten!$E$2:$E$1117,$E75,Versuchsdaten!$J$2:$J$1117,1)=1,SUMIFS(Versuchsdaten!$F$2:$F$1117,Versuchsdaten!$A$2:$A$1117,$A75,Versuchsdaten!$B$2:$B$1117,$B75,Versuchsdaten!$C$2:$C$1117,"Sprint_5m",Versuchsdaten!$E$2:$E$1117,$E75,Versuchsdaten!$J$2:$J$1117,1),"")) | L75: =IF(LEFT(C75,7)<>"Sprint_","",IF(COUNTIFS(Versuchsdaten!$A$2:$A$1117,$A75,Versuchsdaten!$B$2:$B$1117,$B75,Versuchsdaten!$C$2:$C$1117,"Sprint_10m",Versuchsdaten!$E$2:$E$1117,$E75,Versuchsdaten!$J$2:$J$1117,1)=1,SUMIFS(Versuchsdaten!$F$2:$F$1117,Versuchsdaten!$A$2:$A$1117,$A75,Versuchsdaten!$B$2:$B$1117,$B75,Versuchsdaten!$C$2:$C$1117,"Sprint_10m",Versuchsdaten!$E$2:$E$1117,$E75,Versuchsdaten!$J$2:$J$1117,1),"")) | M75: =IF(LEFT(C75,7)<>"Sprint_","",IF(COUNTIFS(Versuchsdaten!$A$2:$A$1117,$A75,Versuchsdaten!$B$2:$B$1117,$B75,Versuchsdaten!$C$2:$C$1117,"Sprint_30m",Versuchsdaten!$E$2:$E$1117,$E75,Versuchsdaten!$J$2:$J$1117,1)=1,SUMIFS(Versuchsdaten!$F$2:$F$1117,Versuchsdaten!$A$2:$A$1117,$A75,Versuchsdaten!$B$2:$B$1117,$B75,Versuchsdaten!$C$2:$C$1117,"Sprint_30m",Versuchsdaten!$E$2:$E$1117,$E75,Versuchsdaten!$J$2:$J$1117,1),"")) | N75: =IF(LEFT(C75,7)<>"Sprint_",0,IF(IF(ISNUMBER(K75),IF(K75<=0,1,IF(5/K75>10,1,0)),0)+IF(ISNUMBER(L75),IF(ISNUMBER(K75),IF(L75-K75<=0,1,IF(5/(L75-K75)>10,1,0)),IF(L75<=0,1,IF(10/L75>10,1,0))),0)+IF(ISNUMBER(M75),IF(ISNUMBER(L75),IF(M75-L75<=0,1,IF(20/(M75-L75)>10,1,0)),IF(ISNUMBER(K75),IF(M75-K75<=0,1,IF(25/(M75-K75)>10,1,0)),IF(M75<=0,1,IF(30/M75>10,1,0)))),0)>0,1,0)) | O75: =IF(AND(J75=1,N75=0),1,0) | P75: =INDEX(Personendaten!$J$2:$J$32,MATCH(A75,Personendaten!$A$2:$A$32,0)) | Q75: =IF(O75=1,"",IF(AND(B75="post",P75="nicht angetreten"),"NANG",IF(N75=1,"AUSL",IFERROR(VLOOKUP(H75,Vokabular!$A$2:$B$8,2,FALSE),"UNBEKANNT"))))
A76: BW-06 | B76: prä | C76: Sprint_5m | D76: – | E76: 3 | F76: 1.05 | I76: =INDEX(Personendaten!$C$2:$C$32,MATCH(A76,Personendaten!$A$2:$A$32,0)) | J76: =IF(AND(F76<>"",G76=""),1,0) | K76: =IF(LEFT(C76,7)<>"Sprint_","",IF(COUNTIFS(Versuchsdaten!$A$2:$A$1117,$A76,Versuchsdaten!$B$2:$B$1117,$B76,Versuchsdaten!$C$2:$C$1117,"Sprint_5m",Versuchsdaten!$E$2:$E$1117,$E76,Versuchsdaten!$J$2:$J$1117,1)=1,SUMIFS(Versuchsdaten!$F$2:$F$1117,Versuchsdaten!$A$2:$A$1117,$A76,Versuchsdaten!$B$2:$B$1117,$B76,Versuchsdaten!$C$2:$C$1117,"Sprint_5m",Versuchsdaten!$E$2:$E$1117,$E76,Versuchsdaten!$J$2:$J$1117,1),"")) | L76: =IF(LEFT(C76,7)<>"Sprint_","",IF(COUNTIFS(Versuchsdaten!$A$2:$A$1117,$A76,Versuchsdaten!$B$2:$B$1117,$B76,Versuchsdaten!$C$2:$C$1117,"Sprint_10m",Versuchsdaten!$E$2:$E$1117,$E76,Versuchsdaten!$J$2:$J$1117,1)=1,SUMIFS(Versuchsdaten!$F$2:$F$1117,Versuchsdaten!$A$2:$A$1117,$A76,Versuchsdaten!$B$2:$B$1117,$B76,Versuchsdaten!$C$2:$C$1117,"Sprint_10m",Versuchsdaten!$E$2:$E$1117,$E76,Versuchsdaten!$J$2:$J$1117,1),"")) | M76: =IF(LEFT(C76,7)<>"Sprint_","",IF(COUNTIFS(Versuchsdaten!$A$2:$A$1117,$A76,Versuchsdaten!$B$2:$B$1117,$B76,Versuchsdaten!$C$2:$C$1117,"Sprint_30m",Versuchsdaten!$E$2:$E$1117,$E76,Versuchsdaten!$J$2:$J$1117,1)=1,SUMIFS(Versuchsdaten!$F$2:$F$1117,Versuchsdaten!$A$2:$A$1117,$A76,Versuchsdaten!$B$2:$B$1117,$B76,Versuchsdaten!$C$2:$C$1117,"Sprint_30m",Versuchsdaten!$E$2:$E$1117,$E76,Versuchsdaten!$J$2:$J$1117,1),"")) | N76: =IF(LEFT(C76,7)<>"Sprint_",0,IF(IF(ISNUMBER(K76),IF(K76<=0,1,IF(5/K76>10,1,0)),0)+IF(ISNUMBER(L76),IF(ISNUMBER(K76),IF(L76-K76<=0,1,IF(5/(L76-K76)>10,1,0)),IF(L76<=0,1,IF(10/L76>10,1,0))),0)+IF(ISNUMBER(M76),IF(ISNUMBER(L76),IF(M76-L76<=0,1,IF(20/(M76-L76)>10,1,0)),IF(ISNUMBER(K76),IF(M76-K76<=0,1,IF(25/(M76-K76)>10,1,0)),IF(M76<=0,1,IF(30/M76>10,1,0)))),0)>0,1,0)) | O76: =IF(AND(J76=1,N76=0),1,0) | P76: =INDEX(Personendaten!$J$2:$J$32,MATCH(A76,Personendaten!$A$2:$A$32,0)) | Q76: =IF(O76=1,"",IF(AND(B76="post",P76="nicht angetreten"),"NANG",IF(N76=1,"AUSL",IFERROR(VLOOKUP(H76,Vokabular!$A$2:$B$8,2,FALSE),"UNBEKANNT"))))
A77: BW-06 | B77: prä | C77: Sprint_10m | D77: – | E77: 1 | F77: 1.84 | I77: =INDEX(Personendaten!$C$2:$C$32,MATCH(A77,Personendaten!$A$2:$A$32,0)) | J77: =IF(AND(F77<>"",G77=""),1,0) | K77: =IF(LEFT(C77,7)<>"Sprint_","",IF(COUNTIFS(Versuchsdaten!$A$2:$A$1117,$A77,Versuchsdaten!$B$2:$B$1117,$B77,Versuchsdaten!$C$2:$C$1117,"Sprint_5m",Versuchsdaten!$E$2:$E$1117,$E77,Versuchsdaten!$J$2:$J$1117,1)=1,SUMIFS(Versuchsdaten!$F$2:$F$1117,Versuchsdaten!$A$2:$A$1117,$A77,Versuchsdaten!$B$2:$B$1117,$B77,Versuchsdaten!$C$2:$C$1117,"Sprint_5m",Versuchsdaten!$E$2:$E$1117,$E77,Versuchsdaten!$J$2:$J$1117,1),"")) | L77: =IF(LEFT(C77,7)<>"Sprint_","",IF(COUNTIFS(Versuchsdaten!$A$2:$A$1117,$A77,Versuchsdaten!$B$2:$B$1117,$B77,Versuchsdaten!$C$2:$C$1117,"Sprint_10m",Versuchsdaten!$E$2:$E$1117,$E77,Versuchsdaten!$J$2:$J$1117,1)=1,SUMIFS(Versuchsdaten!$F$2:$F$1117,Versuchsdaten!$A$2:$A$1117,$A77,Versuchsdaten!$B$2:$B$1117,$B77,Versuchsdaten!$C$2:$C$1117,"Sprint_10m",Versuchsdaten!$E$2:$E$1117,$E77,Versuchsdaten!$J$2:$J$1117,1),"")) | M77: =IF(LEFT(C77,7)<>"Sprint_","",IF(COUNTIFS(Versuchsdaten!$A$2:$A$1117,$A77,Versuchsdaten!$B$2:$B$1117,$B77,Versuchsdaten!$C$2:$C$1117,"Sprint_30m",Versuchsdaten!$E$2:$E$1117,$E77,Versuchsdaten!$J$2:$J$1117,1)=1,SUMIFS(Versuchsdaten!$F$2:$F$1117,Versuchsdaten!$A$2:$A$1117,$A77,Versuchsdaten!$B$2:$B$1117,$B77,Versuchsdaten!$C$2:$C$1117,"Sprint_30m",Versuchsdaten!$E$2:$E$1117,$E77,Versuchsdaten!$J$2:$J$1117,1),"")) | N77: =IF(LEFT(C77,7)<>"Sprint_",0,IF(IF(ISNUMBER(K77),IF(K77<=0,1,IF(5/K77>10,1,0)),0)+IF(ISNUMBER(L77),IF(ISNUMBER(K77),IF(L77-K77<=0,1,IF(5/(L77-K77)>10,1,0)),IF(L77<=0,1,IF(10/L77>10,1,0))),0)+IF(ISNUMBER(M77),IF(ISNUMBER(L77),IF(M77-L77<=0,1,IF(20/(M77-L77)>10,1,0)),IF(ISNUMBER(K77),IF(M77-K77<=0,1,IF(25/(M77-K77)>10,1,0)),IF(M77<=0,1,IF(30/M77>10,1,0)))),0)>0,1,0)) | O77: =IF(AND(J77=1,N77=0),1,0) | P77: =INDEX(Personendaten!$J$2:$J$32,MATCH(A77,Personendaten!$A$2:$A$32,0)) | Q77: =IF(O77=1,"",IF(AND(B77="post",P77="nicht angetreten"),"NANG",IF(N77=1,"AUSL",IFERROR(VLOOKUP(H77,Vokabular!$A$2:$B$8,2,FALSE),"UNBEKANNT"))))
A78: BW-06 | B78: prä | C78: Sprint_10m | D78: – | E78: 2 | F78: 1.87 | I78: =INDEX(Personendaten!$C$2:$C$32,MATCH(A78,Personendaten!$A$2:$A$32,0)) | J78: =IF(AND(F78<>"",G78=""),1,0) | K78: =IF(LEFT(C78,7)<>"Sprint_","",IF(COUNTIFS(Versuchsdaten!$A$2:$A$1117,$A78,Versuchsdaten!$B$2:$B$1117,$B78,Versuchsdaten!$C$2:$C$1117,"Sprint_5m",Versuchsdaten!$E$2:$E$1117,$E78,Versuchsdaten!$J$2:$J$1117,1)=1,SUMIFS(Versuchsdaten!$F$2:$F$1117,Versuchsdaten!$A$2:$A$1117,$A78,Versuchsdaten!$B$2:$B$1117,$B78,Versuchsdaten!$C$2:$C$1117,"Sprint_5m",Versuchsdaten!$E$2:$E$1117,$E78,Versuchsdaten!$J$2:$J$1117,1),"")) | L78: =IF(LEFT(C78,7)<>"Sprint_","",IF(COUNTIFS(Versuchsdaten!$A$2:$A$1117,$A78,Versuchsdaten!$B$2:$B$1117,$B78,Versuchsdaten!$C$2:$C$1117,"Sprint_10m",Versuchsdaten!$E$2:$E$1117,$E78,Versuchsdaten!$J$2:$J$1117,1)=1,SUMIFS(Versuchsdaten!$F$2:$F$1117,Versuchsdaten!$A$2:$A$1117,$A78,Versuchsdaten!$B$2:$B$1117,$B78,Versuchsdaten!$C$2:$C$1117,"Sprint_10m",Versuchsdaten!$E$2:$E$1117,$E78,Versuchsdaten!$J$2:$J$1117,1),"")) | M78: =IF(LEFT(C78,7)<>"Sprint_","",IF(COUNTIFS(Versuchsdaten!$A$2:$A$1117,$A78,Versuchsdaten!$B$2:$B$1117,$B78,Versuchsdaten!$C$2:$C$1117,"Sprint_30m",Versuchsdaten!$E$2:$E$1117,$E78,Versuchsdaten!$J$2:$J$1117,1)=1,SUMIFS(Versuchsdaten!$F$2:$F$1117,Versuchsdaten!$A$2:$A$1117,$A78,Versuchsdaten!$B$2:$B$1117,$B78,Versuchsdaten!$C$2:$C$1117,"Sprint_30m",Versuchsdaten!$E$2:$E$1117,$E78,Versuchsdaten!$J$2:$J$1117,1),"")) | N78: =IF(LEFT(C78,7)<>"Sprint_",0,IF(IF(ISNUMBER(K78),IF(K78<=0,1,IF(5/K78>10,1,0)),0)+IF(ISNUMBER(L78),IF(ISNUMBER(K78),IF(L78-K78<=0,1,IF(5/(L78-K78)>10,1,0)),IF(L78<=0,1,IF(10/L78>10,1,0))),0)+IF(ISNUMBER(M78),IF(ISNUMBER(L78),IF(M78-L78<=0,1,IF(20/(M78-L78)>10,1,0)),IF(ISNUMBER(K78),IF(M78-K78<=0,1,IF(25/(M78-K78)>10,1,0)),IF(M78<=0,1,IF(30/M78>10,1,0)))),0)>0,1,0)) | O78: =IF(AND(J78=1,N78=0),1,0) | P78: =INDEX(Personendaten!$J$2:$J$32,MATCH(A78,Personendaten!$A$2:$A$32,0)) | Q78: =IF(O78=1,"",IF(AND(B78="post",P78="nicht angetreten"),"NANG",IF(N78=1,"AUSL",IFERROR(VLOOKUP(H78,Vokabular!$A$2:$B$8,2,FALSE),"UNBEKANNT"))))
A79: BW-06 | B79: prä | C79: Sprint_10m | D79: – | E79: 3 | F79: 1.84 | I79: =INDEX(Personendaten!$C$2:$C$32,MATCH(A79,Personendaten!$A$2:$A$32,0)) | J79: =IF(AND(F79<>"",G79=""),1,0) | K79: =IF(LEFT(C79,7)<>"Sprint_","",IF(COUNTIFS(Versuchsdaten!$A$2:$A$1117,$A79,Versuchsdaten!$B$2:$B$1117,$B79,Versuchsdaten!$C$2:$C$1117,"Sprint_5m",Versuchsdaten!$E$2:$E$1117,$E79,Versuchsdaten!$J$2:$J$1117,1)=1,SUMIFS(Versuchsdaten!$F$2:$F$1117,Versuchsdaten!$A$2:$A$1117,$A79,Versuchsdaten!$B$2:$B$1117,$B79,Versuchsdaten!$C$2:$C$1117,"Sprint_5m",Versuchsdaten!$E$2:$E$1117,$E79,Versuchsdaten!$J$2:$J$1117,1),"")) | L79: =IF(LEFT(C79,7)<>"Sprint_","",IF(COUNTIFS(Versuchsdaten!$A$2:$A$1117,$A79,Versuchsdaten!$B$2:$B$1117,$B79,Versuchsdaten!$C$2:$C$1117,"Sprint_10m",Versuchsdaten!$E$2:$E$1117,$E79,Versuchsdaten!$J$2:$J$1117,1)=1,SUMIFS(Versuchsdaten!$F$2:$F$1117,Versuchsdaten!$A$2:$A$1117,$A79,Versuchsdaten!$B$2:$B$1117,$B79,Versuchsdaten!$C$2:$C$1117,"Sprint_10m",Versuchsdaten!$E$2:$E$1117,$E79,Versuchsdaten!$J$2:$J$1117,1),"")) | M79: =IF(LEFT(C79,7)<>"Sprint_","",IF(COUNTIFS(Versuchsdaten!$A$2:$A$1117,$A79,Versuchsdaten!$B$2:$B$1117,$B79,Versuchsdaten!$C$2:$C$1117,"Sprint_30m",Versuchsdaten!$E$2:$E$1117,$E79,Versuchsdaten!$J$2:$J$1117,1)=1,SUMIFS(Versuchsdaten!$F$2:$F$1117,Versuchsdaten!$A$2:$A$1117,$A79,Versuchsdaten!$B$2:$B$1117,$B79,Versuchsdaten!$C$2:$C$1117,"Sprint_30m",Versuchsdaten!$E$2:$E$1117,$E79,Versuchsdaten!$J$2:$J$1117,1),"")) | N79: =IF(LEFT(C79,7)<>"Sprint_",0,IF(IF(ISNUMBER(K79),IF(K79<=0,1,IF(5/K79>10,1,0)),0)+IF(ISNUMBER(L79),IF(ISNUMBER(K79),IF(L79-K79<=0,1,IF(5/(L79-K79)>10,1,0)),IF(L79<=0,1,IF(10/L79>10,1,0))),0)+IF(ISNUMBER(M79),IF(ISNUMBER(L79),IF(M79-L79<=0,1,IF(20/(M79-L79)>10,1,0)),IF(ISNUMBER(K79),IF(M79-K79<=0,1,IF(25/(M79-K79)>10,1,0)),IF(M79<=0,1,IF(30/M79>10,1,0)))),0)>0,1,0)) | O79: =IF(AND(J79=1,N79=0),1,0) | P79: =INDEX(Personendaten!$J$2:$J$32,MATCH(A79,Personendaten!$A$2:$A$32,0)) | Q79: =IF(O79=1,"",IF(AND(B79="post",P79="nicht angetreten"),"NANG",IF(N79=1,"AUSL",IFERROR(VLOOKUP(H79,Vokabular!$A$2:$B$8,2,FALSE),"UNBEKANNT"))))
A80: BW-06 | B80: prä | C80: Sprint_30m | D80: – | E80: 1 | F80: 4.5 | I80: =INDEX(Personendaten!$C$2:$C$32,MATCH(A80,Personendaten!$A$2:$A$32,0)) | J80: =IF(AND(F80<>"",G80=""),1,0) | K80: =IF(LEFT(C80,7)<>"Sprint_","",IF(COUNTIFS(Versuchsdaten!$A$2:$A$1117,$A80,Versuchsdaten!$B$2:$B$1117,$B80,Versuchsdaten!$C$2:$C$1117,"Sprint_5m",Versuchsdaten!$E$2:$E$1117,$E80,Versuchsdaten!$J$2:$J$1117,1)=1,SUMIFS(Versuchsdaten!$F$2:$F$1117,Versuchsdaten!$A$2:$A$1117,$A80,Versuchsdaten!$B$2:$B$1117,$B80,Versuchsdaten!$C$2:$C$1117,"Sprint_5m",Versuchsdaten!$E$2:$E$1117,$E80,Versuchsdaten!$J$2:$J$1117,1),"")) | L80: =IF(LEFT(C80,7)<>"Sprint_","",IF(COUNTIFS(Versuchsdaten!$A$2:$A$1117,$A80,Versuchsdaten!$B$2:$B$1117,$B80,Versuchsdaten!$C$2:$C$1117,"Sprint_10m",Versuchsdaten!$E$2:$E$1117,$E80,Versuchsdaten!$J$2:$J$1117,1)=1,SUMIFS(Versuchsdaten!$F$2:$F$1117,Versuchsdaten!$A$2:$A$1117,$A80,Versuchsdaten!$B$2:$B$1117,$B80,Versuchsdaten!$C$2:$C$1117,"Sprint_10m",Versuchsdaten!$E$2:$E$1117,$E80,Versuchsdaten!$J$2:$J$1117,1),"")) | M80: =IF(LEFT(C80,7)<>"Sprint_","",IF(COUNTIFS(Versuchsdaten!$A$2:$A$1117,$A80,Versuchsdaten!$B$2:$B$1117,$B80,Versuchsdaten!$C$2:$C$1117,"Sprint_30m",Versuchsdaten!$E$2:$E$1117,$E80,Versuchsdaten!$J$2:$J$1117,1)=1,SUMIFS(Versuchsdaten!$F$2:$F$1117,Versuchsdaten!$A$2:$A$1117,$A80,Versuchsdaten!$B$2:$B$1117,$B80,Versuchsdaten!$C$2:$C$1117,"Sprint_30m",Versuchsdaten!$E$2:$E$1117,$E80,Versuchsdaten!$J$2:$J$1117,1),"")) | N80: =IF(LEFT(C80,7)<>"Sprint_",0,IF(IF(ISNUMBER(K80),IF(K80<=0,1,IF(5/K80>10,1,0)),0)+IF(ISNUMBER(L80),IF(ISNUMBER(K80),IF(L80-K80<=0,1,IF(5/(L80-K80)>10,1,0)),IF(L80<=0,1,IF(10/L80>10,1,0))),0)+IF(ISNUMBER(M80),IF(ISNUMBER(L80),IF(M80-L80<=0,1,IF(20/(M80-L80)>10,1,0)),IF(ISNUMBER(K80),IF(M80-K80<=0,1,IF(25/(M80-K80)>10,1,0)),IF(M80<=0,1,IF(30/M80>10,1,0)))),0)>0,1,0)) | O80: =IF(AND(J80=1,N80=0),1,0) | P80: =INDEX(Personendaten!$J$2:$J$32,MATCH(A80,Personendaten!$A$2:$A$32,0)) | Q80: =IF(O80=1,"",IF(AND(B80="post",P80="nicht angetreten"),"NANG",IF(N80=1,"AUSL",IFERROR(VLOOKUP(H80,Vokabular!$A$2:$B$8,2,FALSE),"UNBEKANNT"))))
A81: BW-06 | B81: prä | C81: Sprint_30m | D81: – | E81: 2 | F81: 4.59 | I81: =INDEX(Personendaten!$C$2:$C$32,MATCH(A81,Personendaten!$A$2:$A$32,0)) | J81: =IF(AND(F81<>"",G81=""),1,0) | K81: =IF(LEFT(C81,7)<>"Sprint_","",IF(COUNTIFS(Versuchsdaten!$A$2:$A$1117,$A81,Versuchsdaten!$B$2:$B$1117,$B81,Versuchsdaten!$C$2:$C$1117,"Sprint_5m",Versuchsdaten!$E$2:$E$1117,$E81,Versuchsdaten!$J$2:$J$1117,1)=1,SUMIFS(Versuchsdaten!$F$2:$F$1117,Versuchsdaten!$A$2:$A$1117,$A81,Versuchsdaten!$B$2:$B$1117,$B81,Versuchsdaten!$C$2:$C$1117,"Sprint_5m",Versuchsdaten!$E$2:$E$1117,$E81,Versuchsdaten!$J$2:$J$1117,1),"")) | L81: =IF(LEFT(C81,7)<>"Sprint_","",IF(COUNTIFS(Versuchsdaten!$A$2:$A$1117,$A81,Versuchsdaten!$B$2:$B$1117,$B81,Versuchsdaten!$C$2:$C$1117,"Sprint_10m",Versuchsdaten!$E$2:$E$1117,$E81,Versuchsdaten!$J$2:$J$1117,1)=1,SUMIFS(Versuchsdaten!$F$2:$F$1117,Versuchsdaten!$A$2:$A$1117,$A81,Versuchsdaten!$B$2:$B$1117,$B81,Versuchsdaten!$C$2:$C$1117,"Sprint_10m",Versuchsdaten!$E$2:$E$1117,$E81,Versuchsdaten!$J$2:$J$1117,1),"")) | M81: =IF(LEFT(C81,7)<>"Sprint_","",IF(COUNTIFS(Versuchsdaten!$A$2:$A$1117,$A81,Versuchsdaten!$B$2:$B$1117,$B81,Versuchsdaten!$C$2:$C$1117,"Sprint_30m",Versuchsdaten!$E$2:$E$1117,$E81,Versuchsdaten!$J$2:$J$1117,1)=1,SUMIFS(Versuchsdaten!$F$2:$F$1117,Versuchsdaten!$A$2:$A$1117,$A81,Versuchsdaten!$B$2:$B$1117,$B81,Versuchsdaten!$C$2:$C$1117,"Sprint_30m",Versuchsdaten!$E$2:$E$1117,$E81,Versuchsdaten!$J$2:$J$1117,1),"")) | N81: =IF(LEFT(C81,7)<>"Sprint_",0,IF(IF(ISNUMBER(K81),IF(K81<=0,1,IF(5/K81>10,1,0)),0)+IF(ISNUMBER(L81),IF(ISNUMBER(K81),IF(L81-K81<=0,1,IF(5/(L81-K81)>10,1,0)),IF(L81<=0,1,IF(10/L81>10,1,0))),0)+IF(ISNUMBER(M81),IF(ISNUMBER(L81),IF(M81-L81<=0,1,IF(20/(M81-L81)>10,1,0)),IF(ISNUMBER(K81),IF(M81-K81<=0,1,IF(25/(M81-K81)>10,1,0)),IF(M81<=0,1,IF(30/M81>10,1,0)))),0)>0,1,0)) | O81: =IF(AND(J81=1,N81=0),1,0) | P81: =INDEX(Personendaten!$J$2:$J$32,MATCH(A81,Personendaten!$A$2:$A$32,0)) | Q81: =IF(O81=1,"",IF(AND(B81="post",P81="nicht angetreten"),"NANG",IF(N81=1,"AUSL",IFERROR(VLOOKUP(H81,Vokabular!$A$2:$B$8,2,FALSE),"UNBEKANNT"))))
A82: BW-06 | B82: prä | C82: Sprint_30m | D82: – | E82: 3 | F82: 4.55 | I82: =INDEX(Personendaten!$C$2:$C$32,MATCH(A82,Personendaten!$A$2:$A$32,0)) | J82: =IF(AND(F82<>"",G82=""),1,0) | K82: =IF(LEFT(C82,7)<>"Sprint_","",IF(COUNTIFS(Versuchsdaten!$A$2:$A$1117,$A82,Versuchsdaten!$B$2:$B$1117,$B82,Versuchsdaten!$C$2:$C$1117,"Sprint_5m",Versuchsdaten!$E$2:$E$1117,$E82,Versuchsdaten!$J$2:$J$1117,1)=1,SUMIFS(Versuchsdaten!$F$2:$F$1117,Versuchsdaten!$A$2:$A$1117,$A82,Versuchsdaten!$B$2:$B$1117,$B82,Versuchsdaten!$C$2:$C$1117,"Sprint_5m",Versuchsdaten!$E$2:$E$1117,$E82,Versuchsdaten!$J$2:$J$1117,1),"")) | L82: =IF(LEFT(C82,7)<>"Sprint_","",IF(COUNTIFS(Versuchsdaten!$A$2:$A$1117,$A82,Versuchsdaten!$B$2:$B$1117,$B82,Versuchsdaten!$C$2:$C$1117,"Sprint_10m",Versuchsdaten!$E$2:$E$1117,$E82,Versuchsdaten!$J$2:$J$1117,1)=1,SUMIFS(Versuchsdaten!$F$2:$F$1117,Versuchsdaten!$A$2:$A$1117,$A82,Versuchsdaten!$B$2:$B$1117,$B82,Versuchsdaten!$C$2:$C$1117,"Sprint_10m",Versuchsdaten!$E$2:$E$1117,$E82,Versuchsdaten!$J$2:$J$1117,1),"")) | M82: =IF(LEFT(C82,7)<>"Sprint_","",IF(COUNTIFS(Versuchsdaten!$A$2:$A$1117,$A82,Versuchsdaten!$B$2:$B$1117,$B82,Versuchsdaten!$C$2:$C$1117,"Sprint_30m",Versuchsdaten!$E$2:$E$1117,$E82,Versuchsdaten!$J$2:$J$1117,1)=1,SUMIFS(Versuchsdaten!$F$2:$F$1117,Versuchsdaten!$A$2:$A$1117,$A82,Versuchsdaten!$B$2:$B$1117,$B82,Versuchsdaten!$C$2:$C$1117,"Sprint_30m",Versuchsdaten!$E$2:$E$1117,$E82,Versuchsdaten!$J$2:$J$1117,1),"")) | N82: =IF(LEFT(C82,7)<>"Sprint_",0,IF(IF(ISNUMBER(K82),IF(K82<=0,1,IF(5/K82>10,1,0)),0)+IF(ISNUMBER(L82),IF(ISNUMBER(K82),IF(L82-K82<=0,1,IF(5/(L82-K82)>10,1,0)),IF(L82<=0,1,IF(10/L82>10,1,0))),0)+IF(ISNUMBER(M82),IF(ISNUMBER(L82),IF(M82-L82<=0,1,IF(20/(M82-L82)>10,1,0)),IF(ISNUMBER(K82),IF(M82-K82<=0,1,IF(25/(M82-K82)>10,1,0)),IF(M82<=0,1,IF(30/M82>10,1,0)))),0)>0,1,0)) | O82: =IF(AND(J82=1,N82=0),1,0) | P82: =INDEX(Personendaten!$J$2:$J$32,MATCH(A82,Personendaten!$A$2:$A$32,0)) | Q82: =IF(O82=1,"",IF(AND(B82="post",P82="nicht angetreten"),"NANG",IF(N82=1,"AUSL",IFERROR(VLOOKUP(H82,Vokabular!$A$2:$B$8,2,FALSE),"UNBEKANNT"))))
A83: BW-06 | B83: prä | C83: Standweitsprung | D83: – | E83: 1 | F83: 239 | I83: =INDEX(Personendaten!$C$2:$C$32,MATCH(A83,Personendaten!$A$2:$A$32,0)) | J83: =IF(AND(F83<>"",G83=""),1,0) | K83: =IF(LEFT(C83,7)<>"Sprint_","",IF(COUNTIFS(Versuchsdaten!$A$2:$A$1117,$A83,Versuchsdaten!$B$2:$B$1117,$B83,Versuchsdaten!$C$2:$C$1117,"Sprint_5m",Versuchsdaten!$E$2:$E$1117,$E83,Versuchsdaten!$J$2:$J$1117,1)=1,SUMIFS(Versuchsdaten!$F$2:$F$1117,Versuchsdaten!$A$2:$A$1117,$A83,Versuchsdaten!$B$2:$B$1117,$B83,Versuchsdaten!$C$2:$C$1117,"Sprint_5m",Versuchsdaten!$E$2:$E$1117,$E83,Versuchsdaten!$J$2:$J$1117,1),"")) | L83: =IF(LEFT(C83,7)<>"Sprint_","",IF(COUNTIFS(Versuchsdaten!$A$2:$A$1117,$A83,Versuchsdaten!$B$2:$B$1117,$B83,Versuchsdaten!$C$2:$C$1117,"Sprint_10m",Versuchsdaten!$E$2:$E$1117,$E83,Versuchsdaten!$J$2:$J$1117,1)=1,SUMIFS(Versuchsdaten!$F$2:$F$1117,Versuchsdaten!$A$2:$A$1117,$A83,Versuchsdaten!$B$2:$B$1117,$B83,Versuchsdaten!$C$2:$C$1117,"Sprint_10m",Versuchsdaten!$E$2:$E$1117,$E83,Versuchsdaten!$J$2:$J$1117,1),"")) | M83: =IF(LEFT(C83,7)<>"Sprint_","",IF(COUNTIFS(Versuchsdaten!$A$2:$A$1117,$A83,Versuchsdaten!$B$2:$B$1117,$B83,Versuchsdaten!$C$2:$C$1117,"Sprint_30m",Versuchsdaten!$E$2:$E$1117,$E83,Versuchsdaten!$J$2:$J$1117,1)=1,SUMIFS(Versuchsdaten!$F$2:$F$1117,Versuchsdaten!$A$2:$A$1117,$A83,Versuchsdaten!$B$2:$B$1117,$B83,Versuchsdaten!$C$2:$C$1117,"Sprint_30m",Versuchsdaten!$E$2:$E$1117,$E83,Versuchsdaten!$J$2:$J$1117,1),"")) | N83: =IF(LEFT(C83,7)<>"Sprint_",0,IF(IF(ISNUMBER(K83),IF(K83<=0,1,IF(5/K83>10,1,0)),0)+IF(ISNUMBER(L83),IF(ISNUMBER(K83),IF(L83-K83<=0,1,IF(5/(L83-K83)>10,1,0)),IF(L83<=0,1,IF(10/L83>10,1,0))),0)+IF(ISNUMBER(M83),IF(ISNUMBER(L83),IF(M83-L83<=0,1,IF(20/(M83-L83)>10,1,0)),IF(ISNUMBER(K83),IF(M83-K83<=0,1,IF(25/(M83-K83)>10,1,0)),IF(M83<=0,1,IF(30/M83>10,1,0)))),0)>0,1,0)) | O83: =IF(AND(J83=1,N83=0),1,0) | P83: =INDEX(Personendaten!$J$2:$J$32,MATCH(A83,Personendaten!$A$2:$A$32,0)) | Q83: =IF(O83=1,"",IF(AND(B83="post",P83="nicht angetreten"),"NANG",IF(N83=1,"AUSL",IFERROR(VLOOKUP(H83,Vokabular!$A$2:$B$8,2,FALSE),"UNBEKANNT"))))
A84: BW-06 | B84: prä | C84: Standweitsprung | D84: – | E84: 2 | F84: 243 | I84: =INDEX(Personendaten!$C$2:$C$32,MATCH(A84,Personendaten!$A$2:$A$32,0)) | J84: =IF(AND(F84<>"",G84=""),1,0) | K84: =IF(LEFT(C84,7)<>"Sprint_","",IF(COUNTIFS(Versuchsdaten!$A$2:$A$1117,$A84,Versuchsdaten!$B$2:$B$1117,$B84,Versuchsdaten!$C$2:$C$1117,"Sprint_5m",Versuchsdaten!$E$2:$E$1117,$E84,Versuchsdaten!$J$2:$J$1117,1)=1,SUMIFS(Versuchsdaten!$F$2:$F$1117,Versuchsdaten!$A$2:$A$1117,$A84,Versuchsdaten!$B$2:$B$1117,$B84,Versuchsdaten!$C$2:$C$1117,"Sprint_5m",Versuchsdaten!$E$2:$E$1117,$E84,Versuchsdaten!$J$2:$J$1117,1),"")) | L84: =IF(LEFT(C84,7)<>"Sprint_","",IF(COUNTIFS(Versuchsdaten!$A$2:$A$1117,$A84,Versuchsdaten!$B$2:$B$1117,$B84,Versuchsdaten!$C$2:$C$1117,"Sprint_10m",Versuchsdaten!$E$2:$E$1117,$E84,Versuchsdaten!$J$2:$J$1117,1)=1,SUMIFS(Versuchsdaten!$F$2:$F$1117,Versuchsdaten!$A$2:$A$1117,$A84,Versuchsdaten!$B$2:$B$1117,$B84,Versuchsdaten!$C$2:$C$1117,"Sprint_10m",Versuchsdaten!$E$2:$E$1117,$E84,Versuchsdaten!$J$2:$J$1117,1),"")) | M84: =IF(LEFT(C84,7)<>"Sprint_","",IF(COUNTIFS(Versuchsdaten!$A$2:$A$1117,$A84,Versuchsdaten!$B$2:$B$1117,$B84,Versuchsdaten!$C$2:$C$1117,"Sprint_30m",Versuchsdaten!$E$2:$E$1117,$E84,Versuchsdaten!$J$2:$J$1117,1)=1,SUMIFS(Versuchsdaten!$F$2:$F$1117,Versuchsdaten!$A$2:$A$1117,$A84,Versuchsdaten!$B$2:$B$1117,$B84,Versuchsdaten!$C$2:$C$1117,"Sprint_30m",Versuchsdaten!$E$2:$E$1117,$E84,Versuchsdaten!$J$2:$J$1117,1),"")) | N84: =IF(LEFT(C84,7)<>"Sprint_",0,IF(IF(ISNUMBER(K84),IF(K84<=0,1,IF(5/K84>10,1,0)),0)+IF(ISNUMBER(L84),IF(ISNUMBER(K84),IF(L84-K84<=0,1,IF(5/(L84-K84)>10,1,0)),IF(L84<=0,1,IF(10/L84>10,1,0))),0)+IF(ISNUMBER(M84),IF(ISNUMBER(L84),IF(M84-L84<=0,1,IF(20/(M84-L84)>10,1,0)),IF(ISNUMBER(K84),IF(M84-K84<=0,1,IF(25/(M84-K84)>10,1,0)),IF(M84<=0,1,IF(30/M84>10,1,0)))),0)>0,1,0)) | O84: =IF(AND(J84=1,N84=0),1,0) | P84: =INDEX(Personendaten!$J$2:$J$32,MATCH(A84,Personendaten!$A$2:$A$32,0)) | Q84: =IF(O84=1,"",IF(AND(B84="post",P84="nicht angetreten"),"NANG",IF(N84=1,"AUSL",IFERROR(VLOOKUP(H84,Vokabular!$A$2:$B$8,2,FALSE),"UNBEKANNT"))))
A85: BW-06 | B85: prä | C85: Standweitsprung | D85: – | E85: 3 | F85: 243 | I85: =INDEX(Personendaten!$C$2:$C$32,MATCH(A85,Personendaten!$A$2:$A$32,0)) | J85: =IF(AND(F85<>"",G85=""),1,0) | K85: =IF(LEFT(C85,7)<>"Sprint_","",IF(COUNTIFS(Versuchsdaten!$A$2:$A$1117,$A85,Versuchsdaten!$B$2:$B$1117,$B85,Versuchsdaten!$C$2:$C$1117,"Sprint_5m",Versuchsdaten!$E$2:$E$1117,$E85,Versuchsdaten!$J$2:$J$1117,1)=1,SUMIFS(Versuchsdaten!$F$2:$F$1117,Versuchsdaten!$A$2:$A$1117,$A85,Versuchsdaten!$B$2:$B$1117,$B85,Versuchsdaten!$C$2:$C$1117,"Sprint_5m",Versuchsdaten!$E$2:$E$1117,$E85,Versuchsdaten!$J$2:$J$1117,1),"")) | L85: =IF(LEFT(C85,7)<>"Sprint_","",IF(COUNTIFS(Versuchsdaten!$A$2:$A$1117,$A85,Versuchsdaten!$B$2:$B$1117,$B85,Versuchsdaten!$C$2:$C$1117,"Sprint_10m",Versuchsdaten!$E$2:$E$1117,$E85,Versuchsdaten!$J$2:$J$1117,1)=1,SUMIFS(Versuchsdaten!$F$2:$F$1117,Versuchsdaten!$A$2:$A$1117,$A85,Versuchsdaten!$B$2:$B$1117,$B85,Versuchsdaten!$C$2:$C$1117,"Sprint_10m",Versuchsdaten!$E$2:$E$1117,$E85,Versuchsdaten!$J$2:$J$1117,1),"")) | M85: =IF(LEFT(C85,7)<>"Sprint_","",IF(COUNTIFS(Versuchsdaten!$A$2:$A$1117,$A85,Versuchsdaten!$B$2:$B$1117,$B85,Versuchsdaten!$C$2:$C$1117,"Sprint_30m",Versuchsdaten!$E$2:$E$1117,$E85,Versuchsdaten!$J$2:$J$1117,1)=1,SUMIFS(Versuchsdaten!$F$2:$F$1117,Versuchsdaten!$A$2:$A$1117,$A85,Versuchsdaten!$B$2:$B$1117,$B85,Versuchsdaten!$C$2:$C$1117,"Sprint_30m",Versuchsdaten!$E$2:$E$1117,$E85,Versuchsdaten!$J$2:$J$1117,1),"")) | N85: =IF(LEFT(C85,7)<>"Sprint_",0,IF(IF(ISNUMBER(K85),IF(K85<=0,1,IF(5/K85>10,1,0)),0)+IF(ISNUMBER(L85),IF(ISNUMBER(K85),IF(L85-K85<=0,1,IF(5/(L85-K85)>10,1,0)),IF(L85<=0,1,IF(10/L85>10,1,0))),0)+IF(ISNUMBER(M85),IF(ISNUMBER(L85),IF(M85-L85<=0,1,IF(20/(M85-L85)>10,1,0)),IF(ISNUMBER(K85),IF(M85-K85<=0,1,IF(25/(M85-K85)>10,1,0)),IF(M85<=0,1,IF(30/M85>10,1,0)))),0)>0,1,0)) | O85: =IF(AND(J85=1,N85=0),1,0) | P85: =INDEX(Personendaten!$J$2:$J$32,MATCH(A85,Personendaten!$A$2:$A$32,0)) | Q85: =IF(O85=1,"",IF(AND(B85="post",P85="nicht angetreten"),"NANG",IF(N85=1,"AUSL",IFERROR(VLOOKUP(H85,Vokabular!$A$2:$B$8,2,FALSE),"UNBEKANNT"))))
... A87: BW-06 | B87: prä | C87: COD_505 | D87: L | E87: 2 | F87: 2.63 | I87: =INDEX(Personendaten!$C$2:$C$32,MATCH(A87,Personendaten!$A$2:$A$32,0)) | J87: =IF(AND(F87<>"",G87=""),1,0) | K87: =IF(LEFT(C87,7)<>"Sprint_","",IF(COUNTIFS(Versuchsdaten!$A$2:$A$1117,$A87,Versuchsdaten!$B$2:$B$1117,$B87,Versuchsdaten!$C$2:$C$1117,"Sprint_5m",Versuchsdaten!$E$2:$E$1117,$E87,Versuchsdaten!$J$2:$J$1117,1)=1,SUMIFS(Versuchsdaten!$F$2:$F$1117,Versuchsdaten!$A$2:$A$1117,$A87,Versuchsdaten!$B$2:$B$1117,$B87,Versuchsdaten!$C$2:$C$1117,"Sprint_5m",Versuchsdaten!$E$2:$E$1117,$E87,Versuchsdaten!$J$2:$J$1117,1),"")) | L87: =IF(LEFT(C87,7)<>"Sprint_","",IF(COUNTIFS(Versuchsdaten!$A$2:$A$1117,$A87,Versuchsdaten!$B$2:$B$1117,$B87,Versuchsdaten!$C$2:$C$1117,"Sprint_10m",Versuchsdaten!$E$2:$E$1117,$E87,Versuchsdaten!$J$2:$J$1117,1)=1,SUMIFS(Versuchsdaten!$F$2:$F$1117,Versuchsdaten!$A$2:$A$1117,$A87,Versuchsdaten!$B$2:$B$1117,$B87,Versuchsdaten!$C$2:$C$1117,"Sprint_10m",Versuchsdaten!$E$2:$E$1117,$E87,Versuchsdaten!$J$2:$J$1117,1),"")) | M87: =IF(LEFT(C87,7)<>"Sprint_","",IF(COUNTIFS(Versuchsdaten!$A$2:$A$1117,$A87,Versuchsdaten!$B$2:$B$1117,$B87,Versuchsdaten!$C$2:$C$1117,"Sprint_30m",Versuchsdaten!$E$2:$E$1117,$E87,Versuchsdaten!$J$2:$J$1117,1)=1,SUMIFS(Versuchsdaten!$F$2:$F$1117,Versuchsdaten!$A$2:$A$1117,$A87,Versuchsdaten!$B$2:$B$1117,$B87,Versuchsdaten!$C$2:$C$1117,"Sprint_30m",Versuchsdaten!$E$2:$E$1117,$E87,Versuchsdaten!$J$2:$J$1117,1),"")) | N87: =IF(LEFT(C87,7)<>"Sprint_",0,IF(IF(ISNUMBER(K87),IF(K87<=0,1,IF(5/K87>10,1,0)),0)+IF(ISNUMBER(L87),IF(ISNUMBER(K87),IF(L87-K87<=0,1,IF(5/(L87-K87)>10,1,0)),IF(L87<=0,1,IF(10/L87>10,1,0))),0)+IF(ISNUMBER(M87),IF(ISNUMBER(L87),IF(M87-L87<=0,1,IF(20/(M87-L87)>10,1,0)),IF(ISNUMBER(K87),IF(M87-K87<=0,1,IF(25/(M87-K87)>10,1,0)),IF(M87<=0,1,IF(30/M87>10,1,0)))),0)>0,1,0)) | O87: =IF(AND(J87=1,N87=0),1,0) | P87: =INDEX(Personendaten!$J$2:$J$32,MATCH(A87,Personendaten!$A$2:$A$32,0)) | Q87: =IF(O87=1,"",IF(AND(B87="post",P87="nicht angetreten"),"NANG",IF(N87=1,"AUSL",IFERROR(VLOOKUP(H87,Vokabular!$A$2:$B$8,2,FALSE),"UNBEKANNT"))))
